genome	n_markers	n_present	fraction_present	status	missing_markers
GCA_000148875.1	28	26	0.9285714285714286	complete	HP0521,HP0535|cagQ
GCA_000255955.1	28	27	0.9642857142857143	complete	HP0521
GCA_000262655.1	28	26	0.9285714285714286	complete	HP0521,HP0535|cagQ
GCA_000270045.1	28	26	0.9285714285714286	complete	HP0521,HP0546|cagB
GCA_000274565.1	28	26	0.9285714285714286	complete	HP0521,HP0546|cagB
GCA_000274605.1	28	4	0.14285714285714285	empty	HP0520|cag1,HP0521,HP0522|cag3,HP0523|cag4,HP0524|cag5,HP0525|virB11,HP0526|cagZ,HP0527|cagY,HP0528|cagX,HP0529|cagW,HP0530|cagV,HP0531|cagU,HP0532|cagT,HP0534|cagS,HP0535|cagQ,HP0536|cagP,HP0537|cagM,HP0538|cagN,HP0539|cagL,HP0540|cagI,HP0541,HP0542|cagG,HP0543|cagF,HP0544|cagE
GCA_000274645.2	28	25	0.8928571428571429	complete	HP0521,HP0535|cagQ,HP0546|cagB
GCA_000274665.1	28	26	0.9285714285714286	complete	HP0521,HP0535|cagQ
GCA_000274685.1	28	27	0.9642857142857143	complete	HP0521
GCA_000274705.1	28	25	0.8928571428571429	complete	HP0521,HP0535|cagQ,HP0546|cagB
GCA_000274905.1	28	27	0.9642857142857143	complete	HP0521
GCA_000274925.1	28	27	0.9642857142857143	complete	HP0521
GCA_000274945.2	28	27	0.9642857142857143	complete	HP0521
GCA_000277425.1	28	26	0.9285714285714286	complete	HP0521,HP0546|cagB
GCA_000348885.1	28	25	0.8928571428571429	complete	HP0521,HP0535|cagQ,HP0546|cagB
GCA_000499325.2	28	26	0.9285714285714286	complete	HP0527|cagY,HP0546|cagB
GCA_000499345.2	28	28	1.0	complete	
GCA_000521245.1	28	25	0.8928571428571429	complete	HP0521,HP0535|cagQ,HP0546|cagB
GCA_000709945.1	28	25	0.8928571428571429	complete	HP0521,HP0535|cagQ,HP0547|cagA
GCA_000966875.1	28	27	0.9642857142857143	complete	HP0521
GCA_001433495.1	28	0	0.0	empty	HP0520|cag1,HP0521,HP0522|cag3,HP0523|cag4,HP0524|cag5,HP0525|virB11,HP0526|cagZ,HP0527|cagY,HP0528|cagX,HP0529|cagW,HP0530|cagV,HP0531|cagU,HP0532|cagT,HP0534|cagS,HP0535|cagQ,HP0536|cagP,HP0537|cagM,HP0538|cagN,HP0539|cagL,HP0540|cagI,HP0541,HP0542|cagG,HP0543|cagF,HP0544|cagE,HP0545|cagD,HP0546|cagC,HP0546|cagB,HP0547|cagA
GCA_001901635.1	28	25	0.8928571428571429	complete	HP0521,HP0535|cagQ,HP0546|cagB
GCA_001939315.1	28	26	0.9285714285714286	complete	HP0521,HP0535|cagQ
GCA_001939585.1	28	25	0.8928571428571429	complete	HP0521,HP0535|cagQ,HP0546|cagB
GCA_001939635.1	28	27	0.9642857142857143	complete	HP0535|cagQ
GCA_001940015.1	28	25	0.8928571428571429	complete	HP0521,HP0535|cagQ,HP0546|cagB
GCA_001940025.1	28	25	0.8928571428571429	complete	HP0521,HP0535|cagQ,HP0546|cagB
GCA_001940035.1	28	27	0.9642857142857143	complete	HP0535|cagQ
GCA_001940085.1	28	25	0.8928571428571429	complete	HP0521,HP0535|cagQ,HP0546|cagB
GCA_001940095.1	28	25	0.8928571428571429	complete	HP0521,HP0535|cagQ,HP0546|cagB
GCA_001940115.1	28	25	0.8928571428571429	complete	HP0521,HP0535|cagQ,HP0546|cagB
GCA_001940145.1	28	25	0.8928571428571429	complete	HP0521,HP0535|cagQ,HP0546|cagB
GCA_001940175.1	28	25	0.8928571428571429	complete	HP0521,HP0535|cagQ,HP0546|cagB
GCA_001940185.1	28	25	0.8928571428571429	complete	HP0521,HP0535|cagQ,HP0546|cagB
GCA_001997965.1	28	27	0.9642857142857143	complete	HP0521
GCA_001997995.1	28	27	0.9642857142857143	complete	HP0521
GCA_001998045.1	28	26	0.9285714285714286	complete	HP0521,HP0546|cagB
GCA_001998125.1	28	25	0.8928571428571429	complete	HP0521,HP0527|cagY,HP0547|cagA
GCA_001998205.1	28	27	0.9642857142857143	complete	HP0521
GCA_001998245.1	28	27	0.9642857142857143	complete	HP0521
GCA_001998285.1	28	26	0.9285714285714286	complete	HP0521,HP0527|cagY
GCA_001998295.1	28	26	0.9285714285714286	complete	HP0521,HP0527|cagY
GCA_001998385.1	28	26	0.9285714285714286	complete	HP0521,HP0527|cagY
GCA_001998405.1	28	27	0.9642857142857143	complete	HP0521
GCA_001999865.1	28	26	0.9285714285714286	complete	HP0521,HP0527|cagY
GCA_002203985.1	28	25	0.8928571428571429	complete	HP0521,HP0535|cagQ,HP0546|cagB
GCA_002204015.1	28	25	0.8928571428571429	complete	HP0521,HP0535|cagQ,HP0547|cagA
GCA_002532615.1	28	0	0.0	empty	HP0520|cag1,HP0521,HP0522|cag3,HP0523|cag4,HP0524|cag5,HP0525|virB11,HP0526|cagZ,HP0527|cagY,HP0528|cagX,HP0529|cagW,HP0530|cagV,HP0531|cagU,HP0532|cagT,HP0534|cagS,HP0535|cagQ,HP0536|cagP,HP0537|cagM,HP0538|cagN,HP0539|cagL,HP0540|cagI,HP0541,HP0542|cagG,HP0543|cagF,HP0544|cagE,HP0545|cagD,HP0546|cagC,HP0546|cagB,HP0547|cagA
GCA_002532675.1	28	27	0.9642857142857143	complete	HP0521
GCA_002533135.1	28	26	0.9285714285714286	complete	HP0521,HP0527|cagY
GCA_002533145.1	28	27	0.9642857142857143	complete	HP0521
GCA_002533525.1	28	27	0.9642857142857143	complete	HP0521
GCA_002534385.1	28	26	0.9285714285714286	complete	HP0521,HP0546|cagB
GCA_003058755.1	28	27	0.9642857142857143	complete	HP0521
GCA_003058825.1	28	28	1.0	complete	
GCA_003058845.1	28	28	1.0	complete	
GCA_003382505.1	28	0	0.0	empty	HP0520|cag1,HP0521,HP0522|cag3,HP0523|cag4,HP0524|cag5,HP0525|virB11,HP0526|cagZ,HP0527|cagY,HP0528|cagX,HP0529|cagW,HP0530|cagV,HP0531|cagU,HP0532|cagT,HP0534|cagS,HP0535|cagQ,HP0536|cagP,HP0537|cagM,HP0538|cagN,HP0539|cagL,HP0540|cagI,HP0541,HP0542|cagG,HP0543|cagF,HP0544|cagE,HP0545|cagD,HP0546|cagC,HP0546|cagB,HP0547|cagA
GCA_003382515.1	28	0	0.0	empty	HP0520|cag1,HP0521,HP0522|cag3,HP0523|cag4,HP0524|cag5,HP0525|virB11,HP0526|cagZ,HP0527|cagY,HP0528|cagX,HP0529|cagW,HP0530|cagV,HP0531|cagU,HP0532|cagT,HP0534|cagS,HP0535|cagQ,HP0536|cagP,HP0537|cagM,HP0538|cagN,HP0539|cagL,HP0540|cagI,HP0541,HP0542|cagG,HP0543|cagF,HP0544|cagE,HP0545|cagD,HP0546|cagC,HP0546|cagB,HP0547|cagA
GCA_003382545.1	28	0	0.0	empty	HP0520|cag1,HP0521,HP0522|cag3,HP0523|cag4,HP0524|cag5,HP0525|virB11,HP0526|cagZ,HP0527|cagY,HP0528|cagX,HP0529|cagW,HP0530|cagV,HP0531|cagU,HP0532|cagT,HP0534|cagS,HP0535|cagQ,HP0536|cagP,HP0537|cagM,HP0538|cagN,HP0539|cagL,HP0540|cagI,HP0541,HP0542|cagG,HP0543|cagF,HP0544|cagE,HP0545|cagD,HP0546|cagC,HP0546|cagB,HP0547|cagA
GCA_003636505.1	28	24	0.8571428571428571	complete	HP0521,HP0535|cagQ,HP0546|cagB,HP0547|cagA
GCA_003636905.1	28	25	0.8928571428571429	complete	HP0521,HP0535|cagQ,HP0546|cagB
GCA_003637575.1	28	25	0.8928571428571429	complete	HP0521,HP0535|cagQ,HP0546|cagB
GCA_003637635.1	28	27	0.9642857142857143	complete	HP0521
GCA_003638135.1	28	27	0.9642857142857143	complete	HP0521
GCA_003638245.1	28	27	0.9642857142857143	complete	HP0527|cagY
GCA_003638565.1	28	27	0.9642857142857143	complete	HP0521
GCA_003639285.1	28	26	0.9285714285714286	complete	HP0521,HP0527|cagY
GCA_003639365.1	28	26	0.9285714285714286	complete	HP0521,HP0527|cagY
GCA_003639525.1	28	27	0.9642857142857143	complete	HP0521
GCA_003639545.1	28	26	0.9285714285714286	complete	HP0521,HP0527|cagY
GCA_003639565.1	28	0	0.0	empty	HP0520|cag1,HP0521,HP0522|cag3,HP0523|cag4,HP0524|cag5,HP0525|virB11,HP0526|cagZ,HP0527|cagY,HP0528|cagX,HP0529|cagW,HP0530|cagV,HP0531|cagU,HP0532|cagT,HP0534|cagS,HP0535|cagQ,HP0536|cagP,HP0537|cagM,HP0538|cagN,HP0539|cagL,HP0540|cagI,HP0541,HP0542|cagG,HP0543|cagF,HP0544|cagE,HP0545|cagD,HP0546|cagC,HP0546|cagB,HP0547|cagA
GCA_003639615.1	28	0	0.0	empty	HP0520|cag1,HP0521,HP0522|cag3,HP0523|cag4,HP0524|cag5,HP0525|virB11,HP0526|cagZ,HP0527|cagY,HP0528|cagX,HP0529|cagW,HP0530|cagV,HP0531|cagU,HP0532|cagT,HP0534|cagS,HP0535|cagQ,HP0536|cagP,HP0537|cagM,HP0538|cagN,HP0539|cagL,HP0540|cagI,HP0541,HP0542|cagG,HP0543|cagF,HP0544|cagE,HP0545|cagD,HP0546|cagC,HP0546|cagB,HP0547|cagA
GCA_003639675.1	28	0	0.0	empty	HP0520|cag1,HP0521,HP0522|cag3,HP0523|cag4,HP0524|cag5,HP0525|virB11,HP0526|cagZ,HP0527|cagY,HP0528|cagX,HP0529|cagW,HP0530|cagV,HP0531|cagU,HP0532|cagT,HP0534|cagS,HP0535|cagQ,HP0536|cagP,HP0537|cagM,HP0538|cagN,HP0539|cagL,HP0540|cagI,HP0541,HP0542|cagG,HP0543|cagF,HP0544|cagE,HP0545|cagD,HP0546|cagC,HP0546|cagB,HP0547|cagA
GCA_003639725.1	28	27	0.9642857142857143	complete	HP0521
GCA_003639795.1	28	0	0.0	empty	HP0520|cag1,HP0521,HP0522|cag3,HP0523|cag4,HP0524|cag5,HP0525|virB11,HP0526|cagZ,HP0527|cagY,HP0528|cagX,HP0529|cagW,HP0530|cagV,HP0531|cagU,HP0532|cagT,HP0534|cagS,HP0535|cagQ,HP0536|cagP,HP0537|cagM,HP0538|cagN,HP0539|cagL,HP0540|cagI,HP0541,HP0542|cagG,HP0543|cagF,HP0544|cagE,HP0545|cagD,HP0546|cagC,HP0546|cagB,HP0547|cagA
GCA_003639855.1	28	0	0.0	empty	HP0520|cag1,HP0521,HP0522|cag3,HP0523|cag4,HP0524|cag5,HP0525|virB11,HP0526|cagZ,HP0527|cagY,HP0528|cagX,HP0529|cagW,HP0530|cagV,HP0531|cagU,HP0532|cagT,HP0534|cagS,HP0535|cagQ,HP0536|cagP,HP0537|cagM,HP0538|cagN,HP0539|cagL,HP0540|cagI,HP0541,HP0542|cagG,HP0543|cagF,HP0544|cagE,HP0545|cagD,HP0546|cagC,HP0546|cagB,HP0547|cagA
GCA_003640025.1	28	27	0.9642857142857143	complete	HP0521
GCA_003640145.1	28	26	0.9285714285714286	complete	HP0521,HP0527|cagY
GCA_006337265.1	28	27	0.9642857142857143	complete	HP0521
GCA_006337305.1	28	0	0.0	empty	HP0520|cag1,HP0521,HP0522|cag3,HP0523|cag4,HP0524|cag5,HP0525|virB11,HP0526|cagZ,HP0527|cagY,HP0528|cagX,HP0529|cagW,HP0530|cagV,HP0531|cagU,HP0532|cagT,HP0534|cagS,HP0535|cagQ,HP0536|cagP,HP0537|cagM,HP0538|cagN,HP0539|cagL,HP0540|cagI,HP0541,HP0542|cagG,HP0543|cagF,HP0544|cagE,HP0545|cagD,HP0546|cagC,HP0546|cagB,HP0547|cagA
GCA_006337325.1	28	0	0.0	empty	HP0520|cag1,HP0521,HP0522|cag3,HP0523|cag4,HP0524|cag5,HP0525|virB11,HP0526|cagZ,HP0527|cagY,HP0528|cagX,HP0529|cagW,HP0530|cagV,HP0531|cagU,HP0532|cagT,HP0534|cagS,HP0535|cagQ,HP0536|cagP,HP0537|cagM,HP0538|cagN,HP0539|cagL,HP0540|cagI,HP0541,HP0542|cagG,HP0543|cagF,HP0544|cagE,HP0545|cagD,HP0546|cagC,HP0546|cagB,HP0547|cagA
GCA_006337445.1	28	0	0.0	empty	HP0520|cag1,HP0521,HP0522|cag3,HP0523|cag4,HP0524|cag5,HP0525|virB11,HP0526|cagZ,HP0527|cagY,HP0528|cagX,HP0529|cagW,HP0530|cagV,HP0531|cagU,HP0532|cagT,HP0534|cagS,HP0535|cagQ,HP0536|cagP,HP0537|cagM,HP0538|cagN,HP0539|cagL,HP0540|cagI,HP0541,HP0542|cagG,HP0543|cagF,HP0544|cagE,HP0545|cagD,HP0546|cagC,HP0546|cagB,HP0547|cagA
GCA_006337745.1	28	28	1.0	complete	
GCA_006338685.1	28	27	0.9642857142857143	complete	HP0521
GCA_006338945.1	28	27	0.9642857142857143	complete	HP0521
GCA_006339065.1	28	27	0.9642857142857143	complete	HP0521
GCA_006874685.1	28	27	0.9642857142857143	complete	HP0521
GCA_008026175.1	28	27	0.9642857142857143	complete	HP0521
GCA_008026375.1	28	27	0.9642857142857143	complete	HP0521
GCA_008026615.1	28	26	0.9285714285714286	complete	HP0521,HP0546|cagB
GCA_008026815.1	28	25	0.8928571428571429	complete	HP0521,HP0527|cagY,HP0546|cagB
GCA_008026995.1	28	27	0.9642857142857143	complete	HP0521
GCA_008027235.1	28	27	0.9642857142857143	complete	HP0521
GCA_008027395.1	28	27	0.9642857142857143	complete	HP0521
GCA_008027775.1	28	27	0.9642857142857143	complete	HP0521
GCA_008032475.1	28	27	0.9642857142857143	complete	HP0521
GCA_008032615.1	28	26	0.9285714285714286	complete	HP0521,HP0546|cagB
GCA_008032735.1	28	27	0.9642857142857143	complete	HP0521
GCA_008032935.1	28	0	0.0	empty	HP0520|cag1,HP0521,HP0522|cag3,HP0523|cag4,HP0524|cag5,HP0525|virB11,HP0526|cagZ,HP0527|cagY,HP0528|cagX,HP0529|cagW,HP0530|cagV,HP0531|cagU,HP0532|cagT,HP0534|cagS,HP0535|cagQ,HP0536|cagP,HP0537|cagM,HP0538|cagN,HP0539|cagL,HP0540|cagI,HP0541,HP0542|cagG,HP0543|cagF,HP0544|cagE,HP0545|cagD,HP0546|cagC,HP0546|cagB,HP0547|cagA
GCA_008032955.1	28	26	0.9285714285714286	complete	HP0521,HP0546|cagB
GCA_008032975.1	28	27	0.9642857142857143	complete	HP0521
GCA_008032995.1	28	26	0.9285714285714286	complete	HP0521,HP0546|cagB
GCA_008033015.1	28	27	0.9642857142857143	complete	HP0546|cagB
GCA_008033035.1	28	28	1.0	complete	
GCA_008033055.1	28	26	0.9285714285714286	complete	HP0521,HP0546|cagB
GCA_008033075.1	28	27	0.9642857142857143	complete	HP0521
GCA_008281125.1	28	27	0.9642857142857143	complete	HP0521
GCA_008681415.1	28	27	0.9642857142857143	complete	HP0521
GCA_008681425.1	28	27	0.9642857142857143	complete	HP0521
GCA_008681455.1	28	26	0.9285714285714286	complete	HP0521,HP0527|cagY
GCA_008681475.1	28	26	0.9285714285714286	complete	HP0521,HP0546|cagB
GCA_008681485.1	28	27	0.9642857142857143	complete	HP0521
GCA_008681515.1	28	27	0.9642857142857143	complete	HP0521
GCA_008681525.1	28	28	1.0	complete	
GCA_009740305.1	28	0	0.0	empty	HP0520|cag1,HP0521,HP0522|cag3,HP0523|cag4,HP0524|cag5,HP0525|virB11,HP0526|cagZ,HP0527|cagY,HP0528|cagX,HP0529|cagW,HP0530|cagV,HP0531|cagU,HP0532|cagT,HP0534|cagS,HP0535|cagQ,HP0536|cagP,HP0537|cagM,HP0538|cagN,HP0539|cagL,HP0540|cagI,HP0541,HP0542|cagG,HP0543|cagF,HP0544|cagE,HP0545|cagD,HP0546|cagC,HP0546|cagB,HP0547|cagA
GCA_009740315.1	28	25	0.8928571428571429	complete	HP0521,HP0527|cagY,HP0546|cagB
GCA_009740405.1	28	0	0.0	empty	HP0520|cag1,HP0521,HP0522|cag3,HP0523|cag4,HP0524|cag5,HP0525|virB11,HP0526|cagZ,HP0527|cagY,HP0528|cagX,HP0529|cagW,HP0530|cagV,HP0531|cagU,HP0532|cagT,HP0534|cagS,HP0535|cagQ,HP0536|cagP,HP0537|cagM,HP0538|cagN,HP0539|cagL,HP0540|cagI,HP0541,HP0542|cagG,HP0543|cagF,HP0544|cagE,HP0545|cagD,HP0546|cagC,HP0546|cagB,HP0547|cagA
GCA_009740485.1	28	26	0.9285714285714286	complete	HP0521,HP0527|cagY
GCA_009740495.1	28	25	0.8928571428571429	complete	HP0521,HP0527|cagY,HP0546|cagB
GCA_009740525.1	28	25	0.8928571428571429	complete	HP0521,HP0527|cagY,HP0546|cagB
GCA_009740575.1	28	25	0.8928571428571429	complete	HP0521,HP0527|cagY,HP0546|cagB
GCA_009740685.1	28	25	0.8928571428571429	complete	HP0521,HP0527|cagY,HP0546|cagB
GCA_009740705.1	28	3	0.10714285714285714	empty	HP0521,HP0524|cag5,HP0525|virB11,HP0526|cagZ,HP0527|cagY,HP0528|cagX,HP0529|cagW,HP0530|cagV,HP0531|cagU,HP0532|cagT,HP0534|cagS,HP0535|cagQ,HP0536|cagP,HP0537|cagM,HP0538|cagN,HP0539|cagL,HP0540|cagI,HP0541,HP0542|cagG,HP0543|cagF,HP0544|cagE,HP0545|cagD,HP0546|cagC,HP0546|cagB,HP0547|cagA
GCA_009740725.1	28	25	0.8928571428571429	complete	HP0521,HP0527|cagY,HP0546|cagB
GCA_009740755.1	28	27	0.9642857142857143	complete	HP0527|cagY
GCA_009740785.1	28	27	0.9642857142857143	complete	HP0521
GCA_009740805.1	28	4	0.14285714285714285	empty	HP0521,HP0525|virB11,HP0526|cagZ,HP0527|cagY,HP0528|cagX,HP0529|cagW,HP0530|cagV,HP0531|cagU,HP0532|cagT,HP0534|cagS,HP0535|cagQ,HP0536|cagP,HP0537|cagM,HP0538|cagN,HP0539|cagL,HP0540|cagI,HP0541,HP0542|cagG,HP0543|cagF,HP0544|cagE,HP0545|cagD,HP0546|cagC,HP0546|cagB,HP0547|cagA
GCA_009740815.1	28	25	0.8928571428571429	complete	HP0521,HP0527|cagY,HP0546|cagB
GCA_009740855.1	28	25	0.8928571428571429	complete	HP0521,HP0527|cagY,HP0546|cagB
GCA_009740865.1	28	26	0.9285714285714286	complete	HP0521,HP0527|cagY
GCA_009740975.1	28	25	0.8928571428571429	complete	HP0521,HP0527|cagY,HP0546|cagB
GCA_009740985.1	28	25	0.8928571428571429	complete	HP0521,HP0527|cagY,HP0546|cagB
GCA_009741025.1	28	24	0.8571428571428571	complete	HP0521,HP0527|cagY,HP0535|cagQ,HP0546|cagB
GCA_009741065.1	28	25	0.8928571428571429	complete	HP0521,HP0527|cagY,HP0546|cagB
GCA_009741085.1	28	25	0.8928571428571429	complete	HP0521,HP0527|cagY,HP0546|cagB
GCA_009741095.1	28	25	0.8928571428571429	complete	HP0521,HP0527|cagY,HP0546|cagB
GCA_009741145.1	28	25	0.8928571428571429	complete	HP0521,HP0527|cagY,HP0535|cagQ
GCA_009741165.1	28	25	0.8928571428571429	complete	HP0521,HP0527|cagY,HP0546|cagB
GCA_011140365.1	28	0	0.0	empty	HP0520|cag1,HP0521,HP0522|cag3,HP0523|cag4,HP0524|cag5,HP0525|virB11,HP0526|cagZ,HP0527|cagY,HP0528|cagX,HP0529|cagW,HP0530|cagV,HP0531|cagU,HP0532|cagT,HP0534|cagS,HP0535|cagQ,HP0536|cagP,HP0537|cagM,HP0538|cagN,HP0539|cagL,HP0540|cagI,HP0541,HP0542|cagG,HP0543|cagF,HP0544|cagE,HP0545|cagD,HP0546|cagC,HP0546|cagB,HP0547|cagA
GCA_011140425.1	28	25	0.8928571428571429	complete	HP0521,HP0527|cagY,HP0546|cagB
GCA_011140435.1	28	26	0.9285714285714286	complete	HP0521,HP0527|cagY
GCA_011140475.1	28	0	0.0	empty	HP0520|cag1,HP0521,HP0522|cag3,HP0523|cag4,HP0524|cag5,HP0525|virB11,HP0526|cagZ,HP0527|cagY,HP0528|cagX,HP0529|cagW,HP0530|cagV,HP0531|cagU,HP0532|cagT,HP0534|cagS,HP0535|cagQ,HP0536|cagP,HP0537|cagM,HP0538|cagN,HP0539|cagL,HP0540|cagI,HP0541,HP0542|cagG,HP0543|cagF,HP0544|cagE,HP0545|cagD,HP0546|cagC,HP0546|cagB,HP0547|cagA
GCA_011140535.1	28	26	0.9285714285714286	complete	HP0521,HP0527|cagY
GCA_011140555.1	28	25	0.8928571428571429	complete	HP0521,HP0527|cagY,HP0546|cagB
GCA_011140595.1	28	25	0.8928571428571429	complete	HP0521,HP0527|cagY,HP0547|cagA
GCA_011140625.1	28	27	0.9642857142857143	complete	HP0527|cagY
GCA_011140745.1	28	26	0.9285714285714286	complete	HP0521,HP0527|cagY
GCA_011140755.1	28	26	0.9285714285714286	complete	HP0521,HP0527|cagY
GCA_011140795.1	28	0	0.0	empty	HP0520|cag1,HP0521,HP0522|cag3,HP0523|cag4,HP0524|cag5,HP0525|virB11,HP0526|cagZ,HP0527|cagY,HP0528|cagX,HP0529|cagW,HP0530|cagV,HP0531|cagU,HP0532|cagT,HP0534|cagS,HP0535|cagQ,HP0536|cagP,HP0537|cagM,HP0538|cagN,HP0539|cagL,HP0540|cagI,HP0541,HP0542|cagG,HP0543|cagF,HP0544|cagE,HP0545|cagD,HP0546|cagC,HP0546|cagB,HP0547|cagA
GCA_011140935.1	28	26	0.9285714285714286	complete	HP0521,HP0546|cagB
GCA_011140995.1	28	25	0.8928571428571429	complete	HP0521,HP0527|cagY,HP0546|cagB
GCA_011141035.1	28	27	0.9642857142857143	complete	HP0521
GCA_011141045.1	28	0	0.0	empty	HP0520|cag1,HP0521,HP0522|cag3,HP0523|cag4,HP0524|cag5,HP0525|virB11,HP0526|cagZ,HP0527|cagY,HP0528|cagX,HP0529|cagW,HP0530|cagV,HP0531|cagU,HP0532|cagT,HP0534|cagS,HP0535|cagQ,HP0536|cagP,HP0537|cagM,HP0538|cagN,HP0539|cagL,HP0540|cagI,HP0541,HP0542|cagG,HP0543|cagF,HP0544|cagE,HP0545|cagD,HP0546|cagC,HP0546|cagB,HP0547|cagA
GCA_011141095.1	28	26	0.9285714285714286	complete	HP0521,HP0527|cagY
GCA_011141115.1	28	25	0.8928571428571429	complete	HP0521,HP0527|cagY,HP0546|cagB
GCA_011141135.1	28	25	0.8928571428571429	complete	HP0521,HP0527|cagY,HP0546|cagB
GCA_011174985.1	28	0	0.0	empty	HP0520|cag1,HP0521,HP0522|cag3,HP0523|cag4,HP0524|cag5,HP0525|virB11,HP0526|cagZ,HP0527|cagY,HP0528|cagX,HP0529|cagW,HP0530|cagV,HP0531|cagU,HP0532|cagT,HP0534|cagS,HP0535|cagQ,HP0536|cagP,HP0537|cagM,HP0538|cagN,HP0539|cagL,HP0540|cagI,HP0541,HP0542|cagG,HP0543|cagF,HP0544|cagE,HP0545|cagD,HP0546|cagC,HP0546|cagB,HP0547|cagA
GCA_011175015.1	28	26	0.9285714285714286	complete	HP0521,HP0527|cagY
GCA_011175035.1	28	26	0.9285714285714286	complete	HP0521,HP0527|cagY
GCA_011175045.1	28	0	0.0	empty	HP0520|cag1,HP0521,HP0522|cag3,HP0523|cag4,HP0524|cag5,HP0525|virB11,HP0526|cagZ,HP0527|cagY,HP0528|cagX,HP0529|cagW,HP0530|cagV,HP0531|cagU,HP0532|cagT,HP0534|cagS,HP0535|cagQ,HP0536|cagP,HP0537|cagM,HP0538|cagN,HP0539|cagL,HP0540|cagI,HP0541,HP0542|cagG,HP0543|cagF,HP0544|cagE,HP0545|cagD,HP0546|cagC,HP0546|cagB,HP0547|cagA
GCA_011175075.1	28	25	0.8928571428571429	complete	HP0521,HP0527|cagY,HP0546|cagB
GCA_011175085.1	28	0	0.0	empty	HP0520|cag1,HP0521,HP0522|cag3,HP0523|cag4,HP0524|cag5,HP0525|virB11,HP0526|cagZ,HP0527|cagY,HP0528|cagX,HP0529|cagW,HP0530|cagV,HP0531|cagU,HP0532|cagT,HP0534|cagS,HP0535|cagQ,HP0536|cagP,HP0537|cagM,HP0538|cagN,HP0539|cagL,HP0540|cagI,HP0541,HP0542|cagG,HP0543|cagF,HP0544|cagE,HP0545|cagD,HP0546|cagC,HP0546|cagB,HP0547|cagA
GCA_011175115.1	28	26	0.9285714285714286	complete	HP0521,HP0527|cagY
GCA_011175145.1	28	26	0.9285714285714286	complete	HP0521,HP0527|cagY
GCA_011175195.1	28	26	0.9285714285714286	complete	HP0521,HP0527|cagY
GCA_011175215.1	28	26	0.9285714285714286	complete	HP0521,HP0527|cagY
GCA_011175275.1	28	27	0.9642857142857143	complete	HP0521
GCA_011175295.1	28	26	0.9285714285714286	complete	HP0521,HP0527|cagY
GCA_011175315.1	28	27	0.9642857142857143	complete	HP0521
GCA_011175325.1	28	26	0.9285714285714286	complete	HP0521,HP0527|cagY
GCA_011175335.1	28	26	0.9285714285714286	complete	HP0521,HP0527|cagY
GCA_011175375.1	28	27	0.9642857142857143	complete	HP0521
GCA_011175395.1	28	27	0.9642857142857143	complete	HP0521
GCA_014496385.1	28	0	0.0	empty	HP0520|cag1,HP0521,HP0522|cag3,HP0523|cag4,HP0524|cag5,HP0525|virB11,HP0526|cagZ,HP0527|cagY,HP0528|cagX,HP0529|cagW,HP0530|cagV,HP0531|cagU,HP0532|cagT,HP0534|cagS,HP0535|cagQ,HP0536|cagP,HP0537|cagM,HP0538|cagN,HP0539|cagL,HP0540|cagI,HP0541,HP0542|cagG,HP0543|cagF,HP0544|cagE,HP0545|cagD,HP0546|cagC,HP0546|cagB,HP0547|cagA
GCA_014496475.1	28	25	0.8928571428571429	complete	HP0521,HP0546|cagB,HP0547|cagA
GCA_014496775.1	28	26	0.9285714285714286	complete	HP0521,HP0547|cagA
GCA_014496885.1	28	0	0.0	empty	HP0520|cag1,HP0521,HP0522|cag3,HP0523|cag4,HP0524|cag5,HP0525|virB11,HP0526|cagZ,HP0527|cagY,HP0528|cagX,HP0529|cagW,HP0530|cagV,HP0531|cagU,HP0532|cagT,HP0534|cagS,HP0535|cagQ,HP0536|cagP,HP0537|cagM,HP0538|cagN,HP0539|cagL,HP0540|cagI,HP0541,HP0542|cagG,HP0543|cagF,HP0544|cagE,HP0545|cagD,HP0546|cagC,HP0546|cagB,HP0547|cagA
GCA_014497035.1	28	26	0.9285714285714286	complete	HP0521,HP0546|cagB
GCA_014497085.1	28	27	0.9642857142857143	complete	HP0521
GCA_014497195.1	28	0	0.0	empty	HP0520|cag1,HP0521,HP0522|cag3,HP0523|cag4,HP0524|cag5,HP0525|virB11,HP0526|cagZ,HP0527|cagY,HP0528|cagX,HP0529|cagW,HP0530|cagV,HP0531|cagU,HP0532|cagT,HP0534|cagS,HP0535|cagQ,HP0536|cagP,HP0537|cagM,HP0538|cagN,HP0539|cagL,HP0540|cagI,HP0541,HP0542|cagG,HP0543|cagF,HP0544|cagE,HP0545|cagD,HP0546|cagC,HP0546|cagB,HP0547|cagA
GCA_014497275.1	28	0	0.0	empty	HP0520|cag1,HP0521,HP0522|cag3,HP0523|cag4,HP0524|cag5,HP0525|virB11,HP0526|cagZ,HP0527|cagY,HP0528|cagX,HP0529|cagW,HP0530|cagV,HP0531|cagU,HP0532|cagT,HP0534|cagS,HP0535|cagQ,HP0536|cagP,HP0537|cagM,HP0538|cagN,HP0539|cagL,HP0540|cagI,HP0541,HP0542|cagG,HP0543|cagF,HP0544|cagE,HP0545|cagD,HP0546|cagC,HP0546|cagB,HP0547|cagA
GCA_014497305.1	28	0	0.0	empty	HP0520|cag1,HP0521,HP0522|cag3,HP0523|cag4,HP0524|cag5,HP0525|virB11,HP0526|cagZ,HP0527|cagY,HP0528|cagX,HP0529|cagW,HP0530|cagV,HP0531|cagU,HP0532|cagT,HP0534|cagS,HP0535|cagQ,HP0536|cagP,HP0537|cagM,HP0538|cagN,HP0539|cagL,HP0540|cagI,HP0541,HP0542|cagG,HP0543|cagF,HP0544|cagE,HP0545|cagD,HP0546|cagC,HP0546|cagB,HP0547|cagA
GCA_014497385.1	28	26	0.9285714285714286	complete	HP0521,HP0546|cagB
GCA_014497415.1	28	27	0.9642857142857143	complete	HP0521
GCA_014497445.1	28	27	0.9642857142857143	complete	HP0521
GCA_014497455.1	28	27	0.9642857142857143	complete	HP0521
GCA_014497485.1	28	27	0.9642857142857143	complete	HP0521
GCA_014497505.1	28	27	0.9642857142857143	complete	HP0521
GCA_014497525.1	28	0	0.0	empty	HP0520|cag1,HP0521,HP0522|cag3,HP0523|cag4,HP0524|cag5,HP0525|virB11,HP0526|cagZ,HP0527|cagY,HP0528|cagX,HP0529|cagW,HP0530|cagV,HP0531|cagU,HP0532|cagT,HP0534|cagS,HP0535|cagQ,HP0536|cagP,HP0537|cagM,HP0538|cagN,HP0539|cagL,HP0540|cagI,HP0541,HP0542|cagG,HP0543|cagF,HP0544|cagE,HP0545|cagD,HP0546|cagC,HP0546|cagB,HP0547|cagA
GCA_014497595.1	28	0	0.0	empty	HP0520|cag1,HP0521,HP0522|cag3,HP0523|cag4,HP0524|cag5,HP0525|virB11,HP0526|cagZ,HP0527|cagY,HP0528|cagX,HP0529|cagW,HP0530|cagV,HP0531|cagU,HP0532|cagT,HP0534|cagS,HP0535|cagQ,HP0536|cagP,HP0537|cagM,HP0538|cagN,HP0539|cagL,HP0540|cagI,HP0541,HP0542|cagG,HP0543|cagF,HP0544|cagE,HP0545|cagD,HP0546|cagC,HP0546|cagB,HP0547|cagA
GCA_014497605.1	28	27	0.9642857142857143	complete	HP0521
GCA_014497635.1	28	27	0.9642857142857143	complete	HP0521
GCA_014497655.1	28	27	0.9642857142857143	complete	HP0521
GCA_014497685.1	28	0	0.0	empty	HP0520|cag1,HP0521,HP0522|cag3,HP0523|cag4,HP0524|cag5,HP0525|virB11,HP0526|cagZ,HP0527|cagY,HP0528|cagX,HP0529|cagW,HP0530|cagV,HP0531|cagU,HP0532|cagT,HP0534|cagS,HP0535|cagQ,HP0536|cagP,HP0537|cagM,HP0538|cagN,HP0539|cagL,HP0540|cagI,HP0541,HP0542|cagG,HP0543|cagF,HP0544|cagE,HP0545|cagD,HP0546|cagC,HP0546|cagB,HP0547|cagA
GCA_014497735.1	28	27	0.9642857142857143	complete	HP0521
GCA_014497745.1	28	0	0.0	empty	HP0520|cag1,HP0521,HP0522|cag3,HP0523|cag4,HP0524|cag5,HP0525|virB11,HP0526|cagZ,HP0527|cagY,HP0528|cagX,HP0529|cagW,HP0530|cagV,HP0531|cagU,HP0532|cagT,HP0534|cagS,HP0535|cagQ,HP0536|cagP,HP0537|cagM,HP0538|cagN,HP0539|cagL,HP0540|cagI,HP0541,HP0542|cagG,HP0543|cagF,HP0544|cagE,HP0545|cagD,HP0546|cagC,HP0546|cagB,HP0547|cagA
GCA_014497785.1	28	26	0.9285714285714286	complete	HP0521,HP0546|cagB
GCA_014497825.1	28	27	0.9642857142857143	complete	HP0521
GCA_014497985.1	28	26	0.9285714285714286	complete	HP0521,HP0546|cagB
GCA_014498555.1	28	0	0.0	empty	HP0520|cag1,HP0521,HP0522|cag3,HP0523|cag4,HP0524|cag5,HP0525|virB11,HP0526|cagZ,HP0527|cagY,HP0528|cagX,HP0529|cagW,HP0530|cagV,HP0531|cagU,HP0532|cagT,HP0534|cagS,HP0535|cagQ,HP0536|cagP,HP0537|cagM,HP0538|cagN,HP0539|cagL,HP0540|cagI,HP0541,HP0542|cagG,HP0543|cagF,HP0544|cagE,HP0545|cagD,HP0546|cagC,HP0546|cagB,HP0547|cagA
GCA_014498655.1	28	0	0.0	empty	HP0520|cag1,HP0521,HP0522|cag3,HP0523|cag4,HP0524|cag5,HP0525|virB11,HP0526|cagZ,HP0527|cagY,HP0528|cagX,HP0529|cagW,HP0530|cagV,HP0531|cagU,HP0532|cagT,HP0534|cagS,HP0535|cagQ,HP0536|cagP,HP0537|cagM,HP0538|cagN,HP0539|cagL,HP0540|cagI,HP0541,HP0542|cagG,HP0543|cagF,HP0544|cagE,HP0545|cagD,HP0546|cagC,HP0546|cagB,HP0547|cagA
GCA_014498675.1	28	23	0.8214285714285714	partial	HP0521,HP0526|cagZ,HP0527|cagY,HP0528|cagX,HP0546|cagB
GCA_014498785.1	28	25	0.8928571428571429	complete	HP0521,HP0527|cagY,HP0546|cagB
GCA_015904205.1	28	0	0.0	empty	HP0520|cag1,HP0521,HP0522|cag3,HP0523|cag4,HP0524|cag5,HP0525|virB11,HP0526|cagZ,HP0527|cagY,HP0528|cagX,HP0529|cagW,HP0530|cagV,HP0531|cagU,HP0532|cagT,HP0534|cagS,HP0535|cagQ,HP0536|cagP,HP0537|cagM,HP0538|cagN,HP0539|cagL,HP0540|cagI,HP0541,HP0542|cagG,HP0543|cagF,HP0544|cagE,HP0545|cagD,HP0546|cagC,HP0546|cagB,HP0547|cagA
GCA_015904225.1	28	27	0.9642857142857143	complete	HP0521
GCA_015904305.1	28	0	0.0	empty	HP0520|cag1,HP0521,HP0522|cag3,HP0523|cag4,HP0524|cag5,HP0525|virB11,HP0526|cagZ,HP0527|cagY,HP0528|cagX,HP0529|cagW,HP0530|cagV,HP0531|cagU,HP0532|cagT,HP0534|cagS,HP0535|cagQ,HP0536|cagP,HP0537|cagM,HP0538|cagN,HP0539|cagL,HP0540|cagI,HP0541,HP0542|cagG,HP0543|cagF,HP0544|cagE,HP0545|cagD,HP0546|cagC,HP0546|cagB,HP0547|cagA
GCA_015904325.1	28	27	0.9642857142857143	complete	HP0521
GCA_015904335.1	28	27	0.9642857142857143	complete	HP0521
GCA_015904375.1	28	26	0.9285714285714286	complete	HP0521,HP0527|cagY
GCA_015904385.1	28	0	0.0	empty	HP0520|cag1,HP0521,HP0522|cag3,HP0523|cag4,HP0524|cag5,HP0525|virB11,HP0526|cagZ,HP0527|cagY,HP0528|cagX,HP0529|cagW,HP0530|cagV,HP0531|cagU,HP0532|cagT,HP0534|cagS,HP0535|cagQ,HP0536|cagP,HP0537|cagM,HP0538|cagN,HP0539|cagL,HP0540|cagI,HP0541,HP0542|cagG,HP0543|cagF,HP0544|cagE,HP0545|cagD,HP0546|cagC,HP0546|cagB,HP0547|cagA
GCA_015904435.1	28	0	0.0	empty	HP0520|cag1,HP0521,HP0522|cag3,HP0523|cag4,HP0524|cag5,HP0525|virB11,HP0526|cagZ,HP0527|cagY,HP0528|cagX,HP0529|cagW,HP0530|cagV,HP0531|cagU,HP0532|cagT,HP0534|cagS,HP0535|cagQ,HP0536|cagP,HP0537|cagM,HP0538|cagN,HP0539|cagL,HP0540|cagI,HP0541,HP0542|cagG,HP0543|cagF,HP0544|cagE,HP0545|cagD,HP0546|cagC,HP0546|cagB,HP0547|cagA
GCA_015904485.1	28	26	0.9285714285714286	complete	HP0521,HP0546|cagB
GCA_015904535.1	28	26	0.9285714285714286	complete	HP0521,HP0527|cagY
GCA_015904565.1	28	25	0.8928571428571429	complete	HP0521,HP0535|cagQ,HP0547|cagA
GCA_015904575.1	28	26	0.9285714285714286	complete	HP0521,HP0527|cagY
GCA_015904605.1	28	0	0.0	empty	HP0520|cag1,HP0521,HP0522|cag3,HP0523|cag4,HP0524|cag5,HP0525|virB11,HP0526|cagZ,HP0527|cagY,HP0528|cagX,HP0529|cagW,HP0530|cagV,HP0531|cagU,HP0532|cagT,HP0534|cagS,HP0535|cagQ,HP0536|cagP,HP0537|cagM,HP0538|cagN,HP0539|cagL,HP0540|cagI,HP0541,HP0542|cagG,HP0543|cagF,HP0544|cagE,HP0545|cagD,HP0546|cagC,HP0546|cagB,HP0547|cagA
GCA_015904625.1	28	27	0.9642857142857143	complete	HP0521
GCA_015904665.1	28	26	0.9285714285714286	complete	HP0521,HP0527|cagY
GCA_015904765.1	28	25	0.8928571428571429	complete	HP0521,HP0527|cagY,HP0546|cagB
GCA_015904775.1	28	25	0.8928571428571429	complete	HP0521,HP0527|cagY,HP0546|cagB
GCA_015904825.1	28	26	0.9285714285714286	complete	HP0521,HP0547|cagA
GCA_015904875.1	28	26	0.9285714285714286	complete	HP0521,HP0527|cagY
GCA_015905005.1	28	1	0.03571428571428571	empty	HP0521,HP0522|cag3,HP0523|cag4,HP0524|cag5,HP0525|virB11,HP0526|cagZ,HP0527|cagY,HP0528|cagX,HP0529|cagW,HP0530|cagV,HP0531|cagU,HP0532|cagT,HP0534|cagS,HP0535|cagQ,HP0536|cagP,HP0537|cagM,HP0538|cagN,HP0539|cagL,HP0540|cagI,HP0541,HP0542|cagG,HP0543|cagF,HP0544|cagE,HP0545|cagD,HP0546|cagC,HP0546|cagB,HP0547|cagA
GCA_015905025.1	28	26	0.9285714285714286	complete	HP0521,HP0527|cagY
GCA_015905065.1	28	0	0.0	empty	HP0520|cag1,HP0521,HP0522|cag3,HP0523|cag4,HP0524|cag5,HP0525|virB11,HP0526|cagZ,HP0527|cagY,HP0528|cagX,HP0529|cagW,HP0530|cagV,HP0531|cagU,HP0532|cagT,HP0534|cagS,HP0535|cagQ,HP0536|cagP,HP0537|cagM,HP0538|cagN,HP0539|cagL,HP0540|cagI,HP0541,HP0542|cagG,HP0543|cagF,HP0544|cagE,HP0545|cagD,HP0546|cagC,HP0546|cagB,HP0547|cagA
GCA_015905125.1	28	26	0.9285714285714286	complete	HP0521,HP0527|cagY
GCA_015905135.1	28	25	0.8928571428571429	complete	HP0521,HP0527|cagY,HP0547|cagA
GCA_016124125.1	28	24	0.8571428571428571	complete	HP0521,HP0527|cagY,HP0535|cagQ,HP0546|cagB
GCA_016464465.1	28	24	0.8571428571428571	complete	HP0521,HP0527|cagY,HP0535|cagQ,HP0547|cagA
GCA_016464485.1	28	26	0.9285714285714286	complete	HP0521,HP0535|cagQ
GCA_016464565.1	28	26	0.9285714285714286	complete	HP0521,HP0535|cagQ
GCA_016464575.1	28	25	0.8928571428571429	complete	HP0535|cagQ,HP0546|cagB,HP0547|cagA
GCA_018120115.1	28	24	0.8571428571428571	complete	HP0521,HP0527|cagY,HP0535|cagQ,HP0546|cagB
GCA_018120125.1	28	0	0.0	empty	HP0520|cag1,HP0521,HP0522|cag3,HP0523|cag4,HP0524|cag5,HP0525|virB11,HP0526|cagZ,HP0527|cagY,HP0528|cagX,HP0529|cagW,HP0530|cagV,HP0531|cagU,HP0532|cagT,HP0534|cagS,HP0535|cagQ,HP0536|cagP,HP0537|cagM,HP0538|cagN,HP0539|cagL,HP0540|cagI,HP0541,HP0542|cagG,HP0543|cagF,HP0544|cagE,HP0545|cagD,HP0546|cagC,HP0546|cagB,HP0547|cagA
GCA_018120155.1	28	26	0.9285714285714286	complete	HP0521,HP0535|cagQ
GCA_018120165.1	28	2	0.07142857142857142	empty	HP0521,HP0522|cag3,HP0523|cag4,HP0524|cag5,HP0525|virB11,HP0526|cagZ,HP0527|cagY,HP0528|cagX,HP0529|cagW,HP0530|cagV,HP0531|cagU,HP0532|cagT,HP0534|cagS,HP0535|cagQ,HP0536|cagP,HP0537|cagM,HP0538|cagN,HP0539|cagL,HP0540|cagI,HP0541,HP0542|cagG,HP0543|cagF,HP0544|cagE,HP0545|cagD,HP0546|cagC,HP0546|cagB
GCA_018120195.1	28	24	0.8571428571428571	complete	HP0521,HP0527|cagY,HP0535|cagQ,HP0546|cagB
GCA_018120215.1	28	6	0.21428571428571427	partial	HP0521,HP0527|cagY,HP0528|cagX,HP0529|cagW,HP0530|cagV,HP0531|cagU,HP0532|cagT,HP0534|cagS,HP0535|cagQ,HP0536|cagP,HP0537|cagM,HP0538|cagN,HP0539|cagL,HP0540|cagI,HP0541,HP0542|cagG,HP0543|cagF,HP0544|cagE,HP0545|cagD,HP0546|cagC,HP0546|cagB,HP0547|cagA
GCA_018120235.1	28	24	0.8571428571428571	complete	HP0521,HP0527|cagY,HP0535|cagQ,HP0546|cagB
GCA_018120245.1	28	24	0.8571428571428571	complete	HP0521,HP0535|cagQ,HP0546|cagB,HP0547|cagA
GCA_018120275.1	28	25	0.8928571428571429	complete	HP0521,HP0527|cagY,HP0535|cagQ
GCA_018120295.1	28	26	0.9285714285714286	complete	HP0521,HP0535|cagQ
GCA_018120315.1	28	24	0.8571428571428571	complete	HP0521,HP0527|cagY,HP0535|cagQ,HP0546|cagB
GCA_018120335.1	28	26	0.9285714285714286	complete	HP0521,HP0535|cagQ
GCA_018120355.1	28	25	0.8928571428571429	complete	HP0521,HP0535|cagQ,HP0547|cagA
GCA_018120375.1	28	26	0.9285714285714286	complete	HP0521,HP0535|cagQ
GCA_018120395.1	28	26	0.9285714285714286	complete	HP0521,HP0535|cagQ
GCA_018120415.1	28	26	0.9285714285714286	complete	HP0521,HP0535|cagQ
GCA_018120435.1	28	28	1.0	complete	
GCA_018120455.1	28	25	0.8928571428571429	complete	HP0521,HP0527|cagY,HP0535|cagQ
GCA_018120465.1	28	2	0.07142857142857142	empty	HP0521,HP0523|cag4,HP0524|cag5,HP0525|virB11,HP0526|cagZ,HP0527|cagY,HP0528|cagX,HP0529|cagW,HP0530|cagV,HP0531|cagU,HP0532|cagT,HP0534|cagS,HP0535|cagQ,HP0536|cagP,HP0537|cagM,HP0538|cagN,HP0539|cagL,HP0540|cagI,HP0541,HP0542|cagG,HP0543|cagF,HP0544|cagE,HP0545|cagD,HP0546|cagC,HP0546|cagB,HP0547|cagA
GCA_018120495.1	28	25	0.8928571428571429	complete	HP0521,HP0535|cagQ,HP0546|cagB
GCA_018120515.1	28	23	0.8214285714285714	partial	HP0521,HP0527|cagY,HP0535|cagQ,HP0546|cagB,HP0547|cagA
GCA_018120535.1	28	25	0.8928571428571429	complete	HP0521,HP0535|cagQ,HP0546|cagB
GCA_018120555.1	28	25	0.8928571428571429	complete	HP0521,HP0535|cagQ,HP0546|cagB
GCA_018120575.1	28	26	0.9285714285714286	complete	HP0521,HP0535|cagQ
GCA_018120595.1	28	25	0.8928571428571429	complete	HP0521,HP0527|cagY,HP0535|cagQ
GCA_018120615.1	28	25	0.8928571428571429	complete	HP0521,HP0535|cagQ,HP0546|cagB
GCA_018120635.1	28	25	0.8928571428571429	complete	HP0521,HP0535|cagQ,HP0546|cagB
GCA_018120645.1	28	26	0.9285714285714286	complete	HP0521,HP0535|cagQ
GCA_018120695.1	28	24	0.8571428571428571	complete	HP0521,HP0535|cagQ,HP0540|cagI,HP0546|cagB
GCA_018121375.1	28	24	0.8571428571428571	complete	HP0521,HP0527|cagY,HP0535|cagQ,HP0546|cagB
GCA_018121385.1	28	25	0.8928571428571429	complete	HP0521,HP0527|cagY,HP0535|cagQ
GCA_018121435.1	28	25	0.8928571428571429	complete	HP0521,HP0535|cagQ,HP0546|cagB
GCA_018121475.1	28	25	0.8928571428571429	complete	HP0521,HP0535|cagQ,HP0547|cagA
GCA_018121485.1	28	28	1.0	complete	
GCA_018121495.1	28	25	0.8928571428571429	complete	HP0521,HP0535|cagQ,HP0546|cagB
GCA_018121505.1	28	25	0.8928571428571429	complete	HP0521,HP0535|cagQ,HP0546|cagB
GCA_018121615.1	28	25	0.8928571428571429	complete	HP0521,HP0535|cagQ,HP0546|cagB
GCA_018121655.1	28	25	0.8928571428571429	complete	HP0521,HP0535|cagQ,HP0546|cagB
GCA_018121695.1	28	26	0.9285714285714286	complete	HP0521,HP0535|cagQ
GCA_018121705.1	28	26	0.9285714285714286	complete	HP0521,HP0535|cagQ
GCA_018121715.1	28	26	0.9285714285714286	complete	HP0521,HP0535|cagQ
GCA_018121755.1	28	28	1.0	complete	
GCA_018121795.1	28	28	1.0	complete	
GCA_018121815.1	28	28	1.0	complete	
GCA_018121825.1	28	24	0.8571428571428571	complete	HP0521,HP0527|cagY,HP0535|cagQ,HP0546|cagB
GCA_018121855.1	28	25	0.8928571428571429	complete	HP0521,HP0527|cagY,HP0535|cagQ
GCA_018121875.1	28	25	0.8928571428571429	complete	HP0521,HP0527|cagY,HP0535|cagQ
GCA_018121915.1	28	25	0.8928571428571429	complete	HP0521,HP0535|cagQ,HP0546|cagB
GCA_018121935.1	28	24	0.8571428571428571	complete	HP0521,HP0527|cagY,HP0535|cagQ,HP0546|cagB
GCA_018121955.1	28	24	0.8571428571428571	complete	HP0521,HP0527|cagY,HP0535|cagQ,HP0546|cagB
GCA_018121965.1	28	26	0.9285714285714286	complete	HP0521,HP0535|cagQ
GCA_018121975.1	28	25	0.8928571428571429	complete	HP0521,HP0535|cagQ,HP0546|cagB
GCA_018122015.1	28	2	0.07142857142857142	empty	HP0521,HP0522|cag3,HP0523|cag4,HP0524|cag5,HP0525|virB11,HP0526|cagZ,HP0527|cagY,HP0528|cagX,HP0529|cagW,HP0530|cagV,HP0531|cagU,HP0532|cagT,HP0535|cagQ,HP0536|cagP,HP0537|cagM,HP0538|cagN,HP0539|cagL,HP0540|cagI,HP0541,HP0542|cagG,HP0543|cagF,HP0544|cagE,HP0545|cagD,HP0546|cagC,HP0546|cagB,HP0547|cagA
GCA_018122025.1	28	25	0.8928571428571429	complete	HP0521,HP0535|cagQ,HP0546|cagB
GCA_018122055.1	28	23	0.8214285714285714	partial	HP0521,HP0527|cagY,HP0529|cagW,HP0535|cagQ,HP0543|cagF
GCA_018122065.1	28	25	0.8928571428571429	complete	HP0521,HP0535|cagQ,HP0546|cagB
GCA_018122095.1	28	26	0.9285714285714286	complete	HP0521,HP0535|cagQ
GCA_018122115.1	28	25	0.8928571428571429	complete	HP0521,HP0535|cagQ,HP0546|cagB
GCA_018122125.1	28	26	0.9285714285714286	complete	HP0521,HP0535|cagQ
GCA_018122145.1	28	26	0.9285714285714286	complete	HP0521,HP0535|cagQ
GCA_018122175.1	28	26	0.9285714285714286	complete	HP0521,HP0535|cagQ
GCA_018122185.1	28	26	0.9285714285714286	complete	HP0521,HP0535|cagQ
GCA_018122215.1	28	26	0.9285714285714286	complete	HP0521,HP0535|cagQ
GCA_018122225.1	28	26	0.9285714285714286	complete	HP0521,HP0535|cagQ
GCA_018122255.1	28	26	0.9285714285714286	complete	HP0521,HP0535|cagQ
GCA_018122275.1	28	25	0.8928571428571429	complete	HP0521,HP0535|cagQ,HP0546|cagB
GCA_019093785.1	28	3	0.10714285714285714	empty	HP0521,HP0524|cag5,HP0525|virB11,HP0526|cagZ,HP0527|cagY,HP0528|cagX,HP0529|cagW,HP0530|cagV,HP0531|cagU,HP0532|cagT,HP0534|cagS,HP0535|cagQ,HP0536|cagP,HP0537|cagM,HP0538|cagN,HP0539|cagL,HP0540|cagI,HP0541,HP0542|cagG,HP0543|cagF,HP0544|cagE,HP0545|cagD,HP0546|cagC,HP0546|cagB,HP0547|cagA
GCA_019311445.1	28	0	0.0	empty	HP0520|cag1,HP0521,HP0522|cag3,HP0523|cag4,HP0524|cag5,HP0525|virB11,HP0526|cagZ,HP0527|cagY,HP0528|cagX,HP0529|cagW,HP0530|cagV,HP0531|cagU,HP0532|cagT,HP0534|cagS,HP0535|cagQ,HP0536|cagP,HP0537|cagM,HP0538|cagN,HP0539|cagL,HP0540|cagI,HP0541,HP0542|cagG,HP0543|cagF,HP0544|cagE,HP0545|cagD,HP0546|cagC,HP0546|cagB,HP0547|cagA
GCA_019311485.1	28	26	0.9285714285714286	complete	HP0521,HP0535|cagQ
GCA_019311625.1	28	0	0.0	empty	HP0520|cag1,HP0521,HP0522|cag3,HP0523|cag4,HP0524|cag5,HP0525|virB11,HP0526|cagZ,HP0527|cagY,HP0528|cagX,HP0529|cagW,HP0530|cagV,HP0531|cagU,HP0532|cagT,HP0534|cagS,HP0535|cagQ,HP0536|cagP,HP0537|cagM,HP0538|cagN,HP0539|cagL,HP0540|cagI,HP0541,HP0542|cagG,HP0543|cagF,HP0544|cagE,HP0545|cagD,HP0546|cagC,HP0546|cagB,HP0547|cagA
GCA_019671185.1	28	26	0.9285714285714286	complete	HP0527|cagY,HP0535|cagQ
GCA_019671245.1	28	25	0.8928571428571429	complete	HP0521,HP0535|cagQ,HP0547|cagA
GCA_019671385.1	28	25	0.8928571428571429	complete	HP0521,HP0535|cagQ,HP0546|cagB
GCA_019671445.1	28	26	0.9285714285714286	complete	HP0521,HP0535|cagQ
GCA_019671485.1	28	26	0.9285714285714286	complete	HP0521,HP0535|cagQ
GCA_019671505.1	28	0	0.0	empty	HP0520|cag1,HP0521,HP0522|cag3,HP0523|cag4,HP0524|cag5,HP0525|virB11,HP0526|cagZ,HP0527|cagY,HP0528|cagX,HP0529|cagW,HP0530|cagV,HP0531|cagU,HP0532|cagT,HP0534|cagS,HP0535|cagQ,HP0536|cagP,HP0537|cagM,HP0538|cagN,HP0539|cagL,HP0540|cagI,HP0541,HP0542|cagG,HP0543|cagF,HP0544|cagE,HP0545|cagD,HP0546|cagC,HP0546|cagB,HP0547|cagA
GCA_019671525.1	28	25	0.8928571428571429	complete	HP0521,HP0535|cagQ,HP0546|cagB
GCA_019671545.1	28	26	0.9285714285714286	complete	HP0521,HP0535|cagQ
GCA_019671575.1	28	26	0.9285714285714286	complete	HP0521,HP0535|cagQ
GCA_019671595.1	28	9	0.32142857142857145	partial	HP0521,HP0530|cagV,HP0531|cagU,HP0532|cagT,HP0534|cagS,HP0535|cagQ,HP0536|cagP,HP0537|cagM,HP0538|cagN,HP0539|cagL,HP0540|cagI,HP0541,HP0542|cagG,HP0543|cagF,HP0544|cagE,HP0545|cagD,HP0546|cagC,HP0546|cagB,HP0547|cagA
GCA_019671605.1	28	25	0.8928571428571429	complete	HP0521,HP0535|cagQ,HP0547|cagA
GCA_019671635.1	28	25	0.8928571428571429	complete	HP0521,HP0546|cagB,HP0547|cagA
GCA_019671645.1	28	26	0.9285714285714286	complete	HP0521,HP0535|cagQ
GCA_019671675.1	28	25	0.8928571428571429	complete	HP0521,HP0535|cagQ,HP0547|cagA
GCA_019671695.1	28	25	0.8928571428571429	complete	HP0521,HP0527|cagY,HP0535|cagQ
GCA_019671715.1	28	26	0.9285714285714286	complete	HP0521,HP0535|cagQ
GCA_019671735.1	28	26	0.9285714285714286	complete	HP0521,HP0535|cagQ
GCA_019671745.1	28	25	0.8928571428571429	complete	HP0527|cagY,HP0528|cagX,HP0535|cagQ
GCA_019671775.1	28	25	0.8928571428571429	complete	HP0521,HP0535|cagQ,HP0547|cagA
GCA_019671795.1	28	25	0.8928571428571429	complete	HP0521,HP0527|cagY,HP0535|cagQ
GCA_019671815.1	28	25	0.8928571428571429	complete	HP0521,HP0535|cagQ,HP0547|cagA
GCA_019671825.1	28	25	0.8928571428571429	complete	HP0521,HP0535|cagQ,HP0547|cagA
GCA_019671875.1	28	24	0.8571428571428571	complete	HP0521,HP0535|cagQ,HP0546|cagB,HP0547|cagA
GCA_019671895.1	28	24	0.8571428571428571	complete	HP0521,HP0535|cagQ,HP0546|cagB,HP0547|cagA
GCA_019671905.1	28	26	0.9285714285714286	complete	HP0521,HP0535|cagQ
GCA_019671915.1	28	25	0.8928571428571429	complete	HP0521,HP0535|cagQ,HP0546|cagB
GCA_019671955.1	28	26	0.9285714285714286	complete	HP0521,HP0535|cagQ
GCA_019671985.1	28	25	0.8928571428571429	complete	HP0521,HP0535|cagQ,HP0547|cagA
GCA_019672035.1	28	0	0.0	empty	HP0520|cag1,HP0521,HP0522|cag3,HP0523|cag4,HP0524|cag5,HP0525|virB11,HP0526|cagZ,HP0527|cagY,HP0528|cagX,HP0529|cagW,HP0530|cagV,HP0531|cagU,HP0532|cagT,HP0534|cagS,HP0535|cagQ,HP0536|cagP,HP0537|cagM,HP0538|cagN,HP0539|cagL,HP0540|cagI,HP0541,HP0542|cagG,HP0543|cagF,HP0544|cagE,HP0545|cagD,HP0546|cagC,HP0546|cagB,HP0547|cagA
GCA_019672395.1	28	26	0.9285714285714286	complete	HP0521,HP0535|cagQ
GCA_019672435.1	28	26	0.9285714285714286	complete	HP0521,HP0535|cagQ
GCA_019672455.1	28	26	0.9285714285714286	complete	HP0521,HP0535|cagQ
GCA_019672515.1	28	23	0.8214285714285714	partial	HP0521,HP0527|cagY,HP0535|cagQ,HP0546|cagB,HP0547|cagA
GCA_019672535.1	28	24	0.8571428571428571	complete	HP0521,HP0535|cagQ,HP0546|cagB,HP0547|cagA
GCA_019672575.1	28	24	0.8571428571428571	complete	HP0521,HP0527|cagY,HP0535|cagQ,HP0546|cagB
GCA_019672655.1	28	25	0.8928571428571429	complete	HP0521,HP0527|cagY,HP0535|cagQ
GCA_019672685.1	28	24	0.8571428571428571	complete	HP0521,HP0527|cagY,HP0535|cagQ,HP0547|cagA
GCA_019672775.1	28	0	0.0	empty	HP0520|cag1,HP0521,HP0522|cag3,HP0523|cag4,HP0524|cag5,HP0525|virB11,HP0526|cagZ,HP0527|cagY,HP0528|cagX,HP0529|cagW,HP0530|cagV,HP0531|cagU,HP0532|cagT,HP0534|cagS,HP0535|cagQ,HP0536|cagP,HP0537|cagM,HP0538|cagN,HP0539|cagL,HP0540|cagI,HP0541,HP0542|cagG,HP0543|cagF,HP0544|cagE,HP0545|cagD,HP0546|cagC,HP0546|cagB,HP0547|cagA
GCA_019672875.1	28	26	0.9285714285714286	complete	HP0521,HP0535|cagQ
GCA_019672895.1	28	26	0.9285714285714286	complete	HP0521,HP0527|cagY
GCA_019673015.1	28	26	0.9285714285714286	complete	HP0527|cagY,HP0535|cagQ
GCA_019673105.1	28	25	0.8928571428571429	complete	HP0521,HP0535|cagQ,HP0546|cagB
GCA_019673255.1	28	24	0.8571428571428571	complete	HP0521,HP0527|cagY,HP0535|cagQ,HP0546|cagB
GCA_019673275.1	28	27	0.9642857142857143	complete	HP0535|cagQ
GCA_019673335.1	28	25	0.8928571428571429	complete	HP0521,HP0535|cagQ,HP0546|cagB
GCA_019673355.1	28	0	0.0	empty	HP0520|cag1,HP0521,HP0522|cag3,HP0523|cag4,HP0524|cag5,HP0525|virB11,HP0526|cagZ,HP0527|cagY,HP0528|cagX,HP0529|cagW,HP0530|cagV,HP0531|cagU,HP0532|cagT,HP0534|cagS,HP0535|cagQ,HP0536|cagP,HP0537|cagM,HP0538|cagN,HP0539|cagL,HP0540|cagI,HP0541,HP0542|cagG,HP0543|cagF,HP0544|cagE,HP0545|cagD,HP0546|cagC,HP0546|cagB,HP0547|cagA
GCA_019673375.1	28	25	0.8928571428571429	complete	HP0521,HP0535|cagQ,HP0546|cagB
GCA_019673395.1	28	25	0.8928571428571429	complete	HP0521,HP0535|cagQ,HP0546|cagB
GCA_019673455.1	28	25	0.8928571428571429	complete	HP0521,HP0527|cagY,HP0535|cagQ
GCA_019673475.1	28	25	0.8928571428571429	complete	HP0521,HP0535|cagQ,HP0547|cagA
GCA_019673515.1	28	0	0.0	empty	HP0520|cag1,HP0521,HP0522|cag3,HP0523|cag4,HP0524|cag5,HP0525|virB11,HP0526|cagZ,HP0527|cagY,HP0528|cagX,HP0529|cagW,HP0530|cagV,HP0531|cagU,HP0532|cagT,HP0534|cagS,HP0535|cagQ,HP0536|cagP,HP0537|cagM,HP0538|cagN,HP0539|cagL,HP0540|cagI,HP0541,HP0542|cagG,HP0543|cagF,HP0544|cagE,HP0545|cagD,HP0546|cagC,HP0546|cagB,HP0547|cagA
GCA_019673525.1	28	26	0.9285714285714286	complete	HP0521,HP0535|cagQ
GCA_019673555.1	28	26	0.9285714285714286	complete	HP0527|cagY,HP0535|cagQ
GCA_019673575.1	28	25	0.8928571428571429	complete	HP0521,HP0535|cagQ,HP0547|cagA
GCA_019673655.1	28	27	0.9642857142857143	complete	HP0535|cagQ
GCA_019673715.1	28	26	0.9285714285714286	complete	HP0527|cagY,HP0535|cagQ
GCA_019673735.1	28	28	1.0	complete	
GCA_019673955.1	28	23	0.8214285714285714	partial	HP0521,HP0527|cagY,HP0535|cagQ,HP0546|cagB,HP0547|cagA
GCA_019673995.1	28	26	0.9285714285714286	complete	HP0521,HP0535|cagQ
GCA_019674015.1	28	25	0.8928571428571429	complete	HP0521,HP0535|cagQ,HP0547|cagA
GCA_019674095.1	28	26	0.9285714285714286	complete	HP0521,HP0535|cagQ
GCA_019674175.1	28	24	0.8571428571428571	complete	HP0521,HP0527|cagY,HP0535|cagQ,HP0546|cagB
GCA_019674335.1	28	24	0.8571428571428571	complete	HP0521,HP0527|cagY,HP0535|cagQ,HP0546|cagB
GCA_019674475.1	28	25	0.8928571428571429	complete	HP0521,HP0535|cagQ,HP0546|cagB
GCA_019674495.1	28	24	0.8571428571428571	complete	HP0521,HP0527|cagY,HP0535|cagQ,HP0546|cagB
GCA_019674505.1	28	24	0.8571428571428571	complete	HP0521,HP0527|cagY,HP0535|cagQ,HP0546|cagB
GCA_019674515.1	28	24	0.8571428571428571	complete	HP0521,HP0527|cagY,HP0535|cagQ,HP0547|cagA
GCA_019674555.1	28	23	0.8214285714285714	partial	HP0521,HP0527|cagY,HP0535|cagQ,HP0546|cagB,HP0547|cagA
GCA_019674575.1	28	26	0.9285714285714286	complete	HP0527|cagY,HP0535|cagQ
GCA_019676035.1	28	24	0.8571428571428571	complete	HP0521,HP0527|cagY,HP0535|cagQ,HP0546|cagB
GCA_019676995.1	28	24	0.8571428571428571	complete	HP0521,HP0527|cagY,HP0535|cagQ,HP0547|cagA
GCA_019677035.1	28	26	0.9285714285714286	complete	HP0521,HP0535|cagQ
GCA_019677055.1	28	25	0.8928571428571429	complete	HP0521,HP0535|cagQ,HP0546|cagB
GCA_022921215.1	28	25	0.8928571428571429	complete	HP0521,HP0535|cagQ,HP0536|cagP
GCA_022921295.1	28	27	0.9642857142857143	complete	HP0521
GCA_022921335.1	28	25	0.8928571428571429	complete	HP0521,HP0535|cagQ,HP0546|cagB
GCA_022921355.1	28	26	0.9285714285714286	complete	HP0521,HP0535|cagQ
GCA_022921455.1	28	0	0.0	empty	HP0520|cag1,HP0521,HP0522|cag3,HP0523|cag4,HP0524|cag5,HP0525|virB11,HP0526|cagZ,HP0527|cagY,HP0528|cagX,HP0529|cagW,HP0530|cagV,HP0531|cagU,HP0532|cagT,HP0534|cagS,HP0535|cagQ,HP0536|cagP,HP0537|cagM,HP0538|cagN,HP0539|cagL,HP0540|cagI,HP0541,HP0542|cagG,HP0543|cagF,HP0544|cagE,HP0545|cagD,HP0546|cagC,HP0546|cagB,HP0547|cagA
GCA_022921855.1	28	26	0.9285714285714286	complete	HP0521,HP0535|cagQ
GCA_022921935.1	28	25	0.8928571428571429	complete	HP0521,HP0535|cagQ,HP0546|cagB
GCA_022921975.1	28	24	0.8571428571428571	complete	HP0521,HP0535|cagQ,HP0546|cagB,HP0547|cagA
GCA_022922035.1	28	26	0.9285714285714286	complete	HP0521,HP0535|cagQ
GCA_022922055.1	28	25	0.8928571428571429	complete	HP0521,HP0535|cagQ,HP0546|cagB
GCA_022922415.1	28	24	0.8571428571428571	complete	HP0521,HP0527|cagY,HP0535|cagQ,HP0546|cagB
GCA_022922955.1	28	26	0.9285714285714286	complete	HP0521,HP0535|cagQ
GCA_022922995.1	28	24	0.8571428571428571	complete	HP0521,HP0527|cagY,HP0535|cagQ,HP0547|cagA
GCA_022923015.1	28	4	0.14285714285714285	empty	HP0521,HP0524|cag5,HP0525|virB11,HP0526|cagZ,HP0527|cagY,HP0528|cagX,HP0529|cagW,HP0530|cagV,HP0531|cagU,HP0532|cagT,HP0534|cagS,HP0535|cagQ,HP0536|cagP,HP0537|cagM,HP0538|cagN,HP0539|cagL,HP0540|cagI,HP0541,HP0542|cagG,HP0543|cagF,HP0544|cagE,HP0545|cagD,HP0546|cagC,HP0546|cagB
GCA_022923035.1	28	25	0.8928571428571429	complete	HP0521,HP0535|cagQ,HP0546|cagB
GCA_022923115.1	28	25	0.8928571428571429	complete	HP0521,HP0535|cagQ,HP0546|cagB
GCA_022923135.1	28	25	0.8928571428571429	complete	HP0521,HP0535|cagQ,HP0546|cagB
GCA_022923155.1	28	25	0.8928571428571429	complete	HP0521,HP0535|cagQ,HP0546|cagB
GCA_022923515.1	28	24	0.8571428571428571	complete	HP0521,HP0535|cagQ,HP0546|cagB,HP0547|cagA
GCA_022923575.1	28	25	0.8928571428571429	complete	HP0521,HP0535|cagQ,HP0546|cagB
GCA_022923615.1	28	27	0.9642857142857143	complete	HP0521
GCA_022923775.1	28	26	0.9285714285714286	complete	HP0521,HP0535|cagQ
GCA_022924035.1	28	25	0.8928571428571429	complete	HP0521,HP0535|cagQ,HP0546|cagB
GCA_022924175.1	28	25	0.8928571428571429	complete	HP0521,HP0535|cagQ,HP0546|cagB
GCA_022924355.1	28	26	0.9285714285714286	complete	HP0521,HP0535|cagQ
GCA_022924475.1	28	25	0.8928571428571429	complete	HP0521,HP0535|cagQ,HP0546|cagB
GCA_022924655.1	28	25	0.8928571428571429	complete	HP0521,HP0535|cagQ,HP0546|cagB
GCA_022924735.1	28	26	0.9285714285714286	complete	HP0521,HP0535|cagQ
GCA_022924875.1	28	24	0.8571428571428571	complete	HP0521,HP0535|cagQ,HP0546|cagB,HP0547|cagA
GCA_022924995.1	28	24	0.8571428571428571	complete	HP0521,HP0535|cagQ,HP0546|cagB,HP0547|cagA
GCA_022925175.1	28	25	0.8928571428571429	complete	HP0521,HP0535|cagQ,HP0546|cagB
GCA_022925255.1	28	24	0.8571428571428571	complete	HP0521,HP0535|cagQ,HP0546|cagB,HP0547|cagA
GCA_022925755.1	28	25	0.8928571428571429	complete	HP0521,HP0535|cagQ,HP0546|cagB
GCA_022925775.1	28	26	0.9285714285714286	complete	HP0521,HP0535|cagQ
GCA_022925815.1	28	25	0.8928571428571429	complete	HP0521,HP0535|cagQ,HP0546|cagB
GCA_022925855.1	28	25	0.8928571428571429	complete	HP0521,HP0535|cagQ,HP0546|cagB
GCA_022925875.1	28	26	0.9285714285714286	complete	HP0521,HP0535|cagQ
GCA_022925925.1	28	26	0.9285714285714286	complete	HP0521,HP0535|cagQ
GCA_022925945.1	28	25	0.8928571428571429	complete	HP0521,HP0535|cagQ,HP0546|cagB
GCA_022969895.1	28	26	0.9285714285714286	complete	HP0521,HP0535|cagQ
GCA_023024715.1	28	25	0.8928571428571429	complete	HP0521,HP0535|cagQ,HP0547|cagA
GCA_023024815.1	28	25	0.8928571428571429	complete	HP0521,HP0535|cagQ,HP0546|cagB
GCA_024406245.1	28	0	0.0	empty	HP0520|cag1,HP0521,HP0522|cag3,HP0523|cag4,HP0524|cag5,HP0525|virB11,HP0526|cagZ,HP0527|cagY,HP0528|cagX,HP0529|cagW,HP0530|cagV,HP0531|cagU,HP0532|cagT,HP0534|cagS,HP0535|cagQ,HP0536|cagP,HP0537|cagM,HP0538|cagN,HP0539|cagL,HP0540|cagI,HP0541,HP0542|cagG,HP0543|cagF,HP0544|cagE,HP0545|cagD,HP0546|cagC,HP0546|cagB,HP0547|cagA
GCA_024406295.1	28	0	0.0	empty	HP0520|cag1,HP0521,HP0522|cag3,HP0523|cag4,HP0524|cag5,HP0525|virB11,HP0526|cagZ,HP0527|cagY,HP0528|cagX,HP0529|cagW,HP0530|cagV,HP0531|cagU,HP0532|cagT,HP0534|cagS,HP0535|cagQ,HP0536|cagP,HP0537|cagM,HP0538|cagN,HP0539|cagL,HP0540|cagI,HP0541,HP0542|cagG,HP0543|cagF,HP0544|cagE,HP0545|cagD,HP0546|cagC,HP0546|cagB,HP0547|cagA
GCA_024406305.1	28	27	0.9642857142857143	complete	HP0521
GCA_024406485.1	28	0	0.0	empty	HP0520|cag1,HP0521,HP0522|cag3,HP0523|cag4,HP0524|cag5,HP0525|virB11,HP0526|cagZ,HP0527|cagY,HP0528|cagX,HP0529|cagW,HP0530|cagV,HP0531|cagU,HP0532|cagT,HP0534|cagS,HP0535|cagQ,HP0536|cagP,HP0537|cagM,HP0538|cagN,HP0539|cagL,HP0540|cagI,HP0541,HP0542|cagG,HP0543|cagF,HP0544|cagE,HP0545|cagD,HP0546|cagC,HP0546|cagB,HP0547|cagA
GCA_024406915.1	28	26	0.9285714285714286	complete	HP0521,HP0527|cagY
GCA_024411815.1	28	27	0.9642857142857143	complete	HP0521
GCA_024411855.1	28	26	0.9285714285714286	complete	HP0521,HP0546|cagB
GCA_024411875.1	28	27	0.9642857142857143	complete	HP0521
GCA_024411895.1	28	27	0.9642857142857143	complete	HP0521
GCA_024411915.1	28	0	0.0	empty	HP0520|cag1,HP0521,HP0522|cag3,HP0523|cag4,HP0524|cag5,HP0525|virB11,HP0526|cagZ,HP0527|cagY,HP0528|cagX,HP0529|cagW,HP0530|cagV,HP0531|cagU,HP0532|cagT,HP0534|cagS,HP0535|cagQ,HP0536|cagP,HP0537|cagM,HP0538|cagN,HP0539|cagL,HP0540|cagI,HP0541,HP0542|cagG,HP0543|cagF,HP0544|cagE,HP0545|cagD,HP0546|cagC,HP0546|cagB,HP0547|cagA
GCA_024411935.1	28	27	0.9642857142857143	complete	HP0521
GCA_024411955.1	28	27	0.9642857142857143	complete	HP0535|cagQ
GCA_024411965.1	28	27	0.9642857142857143	complete	HP0521
GCA_024411995.1	28	28	1.0	complete	
GCA_024412005.1	28	27	0.9642857142857143	complete	HP0535|cagQ
GCA_024412025.1	28	27	0.9642857142857143	complete	HP0535|cagQ
GCA_024412135.1	28	27	0.9642857142857143	complete	HP0521
GCA_024412155.1	28	27	0.9642857142857143	complete	HP0535|cagQ
GCA_024412425.1	28	6	0.21428571428571427	partial	HP0524|cag5,HP0525|virB11,HP0526|cagZ,HP0527|cagY,HP0528|cagX,HP0529|cagW,HP0530|cagV,HP0531|cagU,HP0532|cagT,HP0534|cagS,HP0535|cagQ,HP0536|cagP,HP0537|cagM,HP0538|cagN,HP0539|cagL,HP0540|cagI,HP0541,HP0542|cagG,HP0543|cagF,HP0544|cagE,HP0545|cagD,HP0547|cagA
GCA_024413815.1	28	27	0.9642857142857143	complete	HP0521
GCA_030062565.1	28	26	0.9285714285714286	complete	HP0521,HP0527|cagY
GCA_030062585.1	28	27	0.9642857142857143	complete	HP0521
GCA_030062605.1	28	27	0.9642857142857143	complete	HP0521
GCA_030062625.1	28	27	0.9642857142857143	complete	HP0521
GCA_030062645.1	28	27	0.9642857142857143	complete	HP0521
GCA_030062665.1	28	0	0.0	empty	HP0520|cag1,HP0521,HP0522|cag3,HP0523|cag4,HP0524|cag5,HP0525|virB11,HP0526|cagZ,HP0527|cagY,HP0528|cagX,HP0529|cagW,HP0530|cagV,HP0531|cagU,HP0532|cagT,HP0534|cagS,HP0535|cagQ,HP0536|cagP,HP0537|cagM,HP0538|cagN,HP0539|cagL,HP0540|cagI,HP0541,HP0542|cagG,HP0543|cagF,HP0544|cagE,HP0545|cagD,HP0546|cagC,HP0546|cagB,HP0547|cagA
GCA_030062685.1	28	27	0.9642857142857143	complete	HP0521
GCA_030406585.1	28	27	0.9642857142857143	complete	HP0535|cagQ
GCA_030581095.1	28	27	0.9642857142857143	complete	HP0521
GCA_030581115.1	28	27	0.9642857142857143	complete	HP0521
GCA_030581175.1	28	26	0.9285714285714286	complete	HP0521,HP0527|cagY
GCA_030581205.1	28	0	0.0	empty	HP0520|cag1,HP0521,HP0522|cag3,HP0523|cag4,HP0524|cag5,HP0525|virB11,HP0526|cagZ,HP0527|cagY,HP0528|cagX,HP0529|cagW,HP0530|cagV,HP0531|cagU,HP0532|cagT,HP0534|cagS,HP0535|cagQ,HP0536|cagP,HP0537|cagM,HP0538|cagN,HP0539|cagL,HP0540|cagI,HP0541,HP0542|cagG,HP0543|cagF,HP0544|cagE,HP0545|cagD,HP0546|cagC,HP0546|cagB,HP0547|cagA
GCA_030581215.1	28	0	0.0	empty	HP0520|cag1,HP0521,HP0522|cag3,HP0523|cag4,HP0524|cag5,HP0525|virB11,HP0526|cagZ,HP0527|cagY,HP0528|cagX,HP0529|cagW,HP0530|cagV,HP0531|cagU,HP0532|cagT,HP0534|cagS,HP0535|cagQ,HP0536|cagP,HP0537|cagM,HP0538|cagN,HP0539|cagL,HP0540|cagI,HP0541,HP0542|cagG,HP0543|cagF,HP0544|cagE,HP0545|cagD,HP0546|cagC,HP0546|cagB,HP0547|cagA
GCA_035621155.1	28	26	0.9285714285714286	complete	HP0521,HP0535|cagQ
GCA_040821695.1	28	28	1.0	complete	
GCA_040847485.1	28	26	0.9285714285714286	complete	HP0535|cagQ,HP0546|cagB
GCA_040848365.1	28	25	0.8928571428571429	complete	HP0521,HP0535|cagQ,HP0546|cagB
GCA_040848625.1	28	27	0.9642857142857143	complete	HP0521
GCA_040848725.1	28	27	0.9642857142857143	complete	HP0546|cagB
GCA_040849325.1	28	28	1.0	complete	
GCA_040849575.1	28	28	1.0	complete	
GCA_040849885.1	28	0	0.0	empty	HP0520|cag1,HP0521,HP0522|cag3,HP0523|cag4,HP0524|cag5,HP0525|virB11,HP0526|cagZ,HP0527|cagY,HP0528|cagX,HP0529|cagW,HP0530|cagV,HP0531|cagU,HP0532|cagT,HP0534|cagS,HP0535|cagQ,HP0536|cagP,HP0537|cagM,HP0538|cagN,HP0539|cagL,HP0540|cagI,HP0541,HP0542|cagG,HP0543|cagF,HP0544|cagE,HP0545|cagD,HP0546|cagC,HP0546|cagB,HP0547|cagA
GCA_040857565.1	28	27	0.9642857142857143	complete	HP0521
GCA_040857585.1	28	0	0.0	empty	HP0520|cag1,HP0521,HP0522|cag3,HP0523|cag4,HP0524|cag5,HP0525|virB11,HP0526|cagZ,HP0527|cagY,HP0528|cagX,HP0529|cagW,HP0530|cagV,HP0531|cagU,HP0532|cagT,HP0534|cagS,HP0535|cagQ,HP0536|cagP,HP0537|cagM,HP0538|cagN,HP0539|cagL,HP0540|cagI,HP0541,HP0542|cagG,HP0543|cagF,HP0544|cagE,HP0545|cagD,HP0546|cagC,HP0546|cagB,HP0547|cagA
GCA_040860865.1	28	28	1.0	complete	
GCA_040860925.1	28	27	0.9642857142857143	complete	HP0535|cagQ
GCA_040860985.1	28	0	0.0	empty	HP0520|cag1,HP0521,HP0522|cag3,HP0523|cag4,HP0524|cag5,HP0525|virB11,HP0526|cagZ,HP0527|cagY,HP0528|cagX,HP0529|cagW,HP0530|cagV,HP0531|cagU,HP0532|cagT,HP0534|cagS,HP0535|cagQ,HP0536|cagP,HP0537|cagM,HP0538|cagN,HP0539|cagL,HP0540|cagI,HP0541,HP0542|cagG,HP0543|cagF,HP0544|cagE,HP0545|cagD,HP0546|cagC,HP0546|cagB,HP0547|cagA
GCA_040861005.1	28	27	0.9642857142857143	complete	HP0535|cagQ
GCA_040861025.1	28	0	0.0	empty	HP0520|cag1,HP0521,HP0522|cag3,HP0523|cag4,HP0524|cag5,HP0525|virB11,HP0526|cagZ,HP0527|cagY,HP0528|cagX,HP0529|cagW,HP0530|cagV,HP0531|cagU,HP0532|cagT,HP0534|cagS,HP0535|cagQ,HP0536|cagP,HP0537|cagM,HP0538|cagN,HP0539|cagL,HP0540|cagI,HP0541,HP0542|cagG,HP0543|cagF,HP0544|cagE,HP0545|cagD,HP0546|cagC,HP0546|cagB,HP0547|cagA
GCA_040861065.1	28	28	1.0	complete	
GCA_040861105.1	28	28	1.0	complete	
GCA_040861125.1	28	27	0.9642857142857143	complete	HP0546|cagB
GCA_040861145.1	28	28	1.0	complete	
GCA_040861165.1	28	27	0.9642857142857143	complete	HP0535|cagQ
GCA_040861185.1	28	27	0.9642857142857143	complete	HP0535|cagQ
GCA_040861205.1	28	1	0.03571428571428571	empty	HP0520|cag1,HP0521,HP0522|cag3,HP0523|cag4,HP0524|cag5,HP0525|virB11,HP0526|cagZ,HP0527|cagY,HP0528|cagX,HP0529|cagW,HP0530|cagV,HP0531|cagU,HP0532|cagT,HP0534|cagS,HP0535|cagQ,HP0536|cagP,HP0537|cagM,HP0538|cagN,HP0539|cagL,HP0540|cagI,HP0541,HP0542|cagG,HP0543|cagF,HP0544|cagE,HP0545|cagD,HP0546|cagC,HP0546|cagB
GCA_040861225.1	28	27	0.9642857142857143	complete	HP0535|cagQ
GCA_040861245.1	28	27	0.9642857142857143	complete	HP0535|cagQ
GCA_040861285.1	28	28	1.0	complete	
GCA_040861305.1	28	2	0.07142857142857142	empty	HP0521,HP0523|cag4,HP0524|cag5,HP0525|virB11,HP0526|cagZ,HP0527|cagY,HP0528|cagX,HP0529|cagW,HP0530|cagV,HP0531|cagU,HP0532|cagT,HP0534|cagS,HP0535|cagQ,HP0536|cagP,HP0537|cagM,HP0538|cagN,HP0539|cagL,HP0540|cagI,HP0541,HP0542|cagG,HP0543|cagF,HP0544|cagE,HP0545|cagD,HP0546|cagC,HP0546|cagB,HP0547|cagA
GCA_040861325.1	28	28	1.0	complete	
GCA_040861345.1	28	0	0.0	empty	HP0520|cag1,HP0521,HP0522|cag3,HP0523|cag4,HP0524|cag5,HP0525|virB11,HP0526|cagZ,HP0527|cagY,HP0528|cagX,HP0529|cagW,HP0530|cagV,HP0531|cagU,HP0532|cagT,HP0534|cagS,HP0535|cagQ,HP0536|cagP,HP0537|cagM,HP0538|cagN,HP0539|cagL,HP0540|cagI,HP0541,HP0542|cagG,HP0543|cagF,HP0544|cagE,HP0545|cagD,HP0546|cagC,HP0546|cagB,HP0547|cagA
GCA_040861365.1	28	27	0.9642857142857143	complete	HP0521
GCA_040861385.1	28	28	1.0	complete	
GCA_040861405.1	28	26	0.9285714285714286	complete	HP0535|cagQ,HP0546|cagB
GCA_040861445.1	28	27	0.9642857142857143	complete	HP0521
GCA_040861455.1	28	7	0.25	partial	HP0527|cagY,HP0528|cagX,HP0529|cagW,HP0530|cagV,HP0531|cagU,HP0532|cagT,HP0534|cagS,HP0535|cagQ,HP0536|cagP,HP0537|cagM,HP0538|cagN,HP0539|cagL,HP0540|cagI,HP0541,HP0542|cagG,HP0543|cagF,HP0544|cagE,HP0545|cagD,HP0546|cagC,HP0546|cagB,HP0547|cagA
GCA_040861505.1	28	27	0.9642857142857143	complete	HP0535|cagQ
GCA_040861525.1	28	28	1.0	complete	
GCA_040861565.1	28	27	0.9642857142857143	complete	HP0546|cagB
GCA_040861585.1	28	27	0.9642857142857143	complete	HP0527|cagY
GCA_040861605.1	28	27	0.9642857142857143	complete	HP0521
GCA_040861645.1	28	0	0.0	empty	HP0520|cag1,HP0521,HP0522|cag3,HP0523|cag4,HP0524|cag5,HP0525|virB11,HP0526|cagZ,HP0527|cagY,HP0528|cagX,HP0529|cagW,HP0530|cagV,HP0531|cagU,HP0532|cagT,HP0534|cagS,HP0535|cagQ,HP0536|cagP,HP0537|cagM,HP0538|cagN,HP0539|cagL,HP0540|cagI,HP0541,HP0542|cagG,HP0543|cagF,HP0544|cagE,HP0545|cagD,HP0546|cagC,HP0546|cagB,HP0547|cagA
GCA_040861665.1	28	0	0.0	empty	HP0520|cag1,HP0521,HP0522|cag3,HP0523|cag4,HP0524|cag5,HP0525|virB11,HP0526|cagZ,HP0527|cagY,HP0528|cagX,HP0529|cagW,HP0530|cagV,HP0531|cagU,HP0532|cagT,HP0534|cagS,HP0535|cagQ,HP0536|cagP,HP0537|cagM,HP0538|cagN,HP0539|cagL,HP0540|cagI,HP0541,HP0542|cagG,HP0543|cagF,HP0544|cagE,HP0545|cagD,HP0546|cagC,HP0546|cagB,HP0547|cagA
GCA_040861685.1	28	28	1.0	complete	
GCA_040861705.1	28	28	1.0	complete	
GCA_040861725.1	28	28	1.0	complete	
GCA_040861765.1	28	0	0.0	empty	HP0520|cag1,HP0521,HP0522|cag3,HP0523|cag4,HP0524|cag5,HP0525|virB11,HP0526|cagZ,HP0527|cagY,HP0528|cagX,HP0529|cagW,HP0530|cagV,HP0531|cagU,HP0532|cagT,HP0534|cagS,HP0535|cagQ,HP0536|cagP,HP0537|cagM,HP0538|cagN,HP0539|cagL,HP0540|cagI,HP0541,HP0542|cagG,HP0543|cagF,HP0544|cagE,HP0545|cagD,HP0546|cagC,HP0546|cagB,HP0547|cagA
GCA_040861785.1	28	1	0.03571428571428571	empty	HP0520|cag1,HP0521,HP0522|cag3,HP0523|cag4,HP0524|cag5,HP0525|virB11,HP0526|cagZ,HP0527|cagY,HP0528|cagX,HP0529|cagW,HP0530|cagV,HP0531|cagU,HP0532|cagT,HP0534|cagS,HP0535|cagQ,HP0536|cagP,HP0537|cagM,HP0538|cagN,HP0539|cagL,HP0540|cagI,HP0541,HP0542|cagG,HP0543|cagF,HP0544|cagE,HP0545|cagD,HP0546|cagC,HP0546|cagB
GCA_040861805.1	28	27	0.9642857142857143	complete	HP0521
GCA_040861825.1	28	0	0.0	empty	HP0520|cag1,HP0521,HP0522|cag3,HP0523|cag4,HP0524|cag5,HP0525|virB11,HP0526|cagZ,HP0527|cagY,HP0528|cagX,HP0529|cagW,HP0530|cagV,HP0531|cagU,HP0532|cagT,HP0534|cagS,HP0535|cagQ,HP0536|cagP,HP0537|cagM,HP0538|cagN,HP0539|cagL,HP0540|cagI,HP0541,HP0542|cagG,HP0543|cagF,HP0544|cagE,HP0545|cagD,HP0546|cagC,HP0546|cagB,HP0547|cagA
GCA_040861845.1	28	28	1.0	complete	
GCA_040861865.1	28	27	0.9642857142857143	complete	HP0521
GCA_040861875.1	28	4	0.14285714285714285	empty	HP0524|cag5,HP0525|virB11,HP0526|cagZ,HP0527|cagY,HP0528|cagX,HP0529|cagW,HP0530|cagV,HP0531|cagU,HP0532|cagT,HP0534|cagS,HP0535|cagQ,HP0536|cagP,HP0537|cagM,HP0538|cagN,HP0539|cagL,HP0540|cagI,HP0541,HP0542|cagG,HP0543|cagF,HP0544|cagE,HP0545|cagD,HP0546|cagC,HP0546|cagB,HP0547|cagA
GCA_040861945.1	28	27	0.9642857142857143	complete	HP0535|cagQ
GCA_040861965.1	28	27	0.9642857142857143	complete	HP0521
GCA_040861985.1	28	27	0.9642857142857143	complete	HP0546|cagB
GCA_040862005.1	28	28	1.0	complete	
GCA_040862065.1	28	26	0.9285714285714286	complete	HP0521,HP0546|cagB
GCA_040862085.1	28	27	0.9642857142857143	complete	HP0521
GCA_040862115.1	28	0	0.0	empty	HP0520|cag1,HP0521,HP0522|cag3,HP0523|cag4,HP0524|cag5,HP0525|virB11,HP0526|cagZ,HP0527|cagY,HP0528|cagX,HP0529|cagW,HP0530|cagV,HP0531|cagU,HP0532|cagT,HP0534|cagS,HP0535|cagQ,HP0536|cagP,HP0537|cagM,HP0538|cagN,HP0539|cagL,HP0540|cagI,HP0541,HP0542|cagG,HP0543|cagF,HP0544|cagE,HP0545|cagD,HP0546|cagC,HP0546|cagB,HP0547|cagA
GCA_040862165.1	28	28	1.0	complete	
GCA_040862185.1	28	0	0.0	empty	HP0520|cag1,HP0521,HP0522|cag3,HP0523|cag4,HP0524|cag5,HP0525|virB11,HP0526|cagZ,HP0527|cagY,HP0528|cagX,HP0529|cagW,HP0530|cagV,HP0531|cagU,HP0532|cagT,HP0534|cagS,HP0535|cagQ,HP0536|cagP,HP0537|cagM,HP0538|cagN,HP0539|cagL,HP0540|cagI,HP0541,HP0542|cagG,HP0543|cagF,HP0544|cagE,HP0545|cagD,HP0546|cagC,HP0546|cagB,HP0547|cagA
GCA_040862205.1	28	0	0.0	empty	HP0520|cag1,HP0521,HP0522|cag3,HP0523|cag4,HP0524|cag5,HP0525|virB11,HP0526|cagZ,HP0527|cagY,HP0528|cagX,HP0529|cagW,HP0530|cagV,HP0531|cagU,HP0532|cagT,HP0534|cagS,HP0535|cagQ,HP0536|cagP,HP0537|cagM,HP0538|cagN,HP0539|cagL,HP0540|cagI,HP0541,HP0542|cagG,HP0543|cagF,HP0544|cagE,HP0545|cagD,HP0546|cagC,HP0546|cagB,HP0547|cagA
GCA_040862225.1	28	26	0.9285714285714286	complete	HP0535|cagQ,HP0547|cagA
GCA_040862245.1	28	26	0.9285714285714286	complete	HP0521,HP0535|cagQ
GCA_040862265.1	28	26	0.9285714285714286	complete	HP0521,HP0535|cagQ
GCA_040862285.1	28	27	0.9642857142857143	complete	HP0535|cagQ
GCA_040862305.1	28	27	0.9642857142857143	complete	HP0535|cagQ
GCA_040862325.1	28	27	0.9642857142857143	complete	HP0546|cagB
GCA_040862365.1	28	27	0.9642857142857143	complete	HP0521
GCA_040862385.1	28	0	0.0	empty	HP0520|cag1,HP0521,HP0522|cag3,HP0523|cag4,HP0524|cag5,HP0525|virB11,HP0526|cagZ,HP0527|cagY,HP0528|cagX,HP0529|cagW,HP0530|cagV,HP0531|cagU,HP0532|cagT,HP0534|cagS,HP0535|cagQ,HP0536|cagP,HP0537|cagM,HP0538|cagN,HP0539|cagL,HP0540|cagI,HP0541,HP0542|cagG,HP0543|cagF,HP0544|cagE,HP0545|cagD,HP0546|cagC,HP0546|cagB,HP0547|cagA
GCA_040862445.1	28	28	1.0	complete	
GCA_040862485.1	28	0	0.0	empty	HP0520|cag1,HP0521,HP0522|cag3,HP0523|cag4,HP0524|cag5,HP0525|virB11,HP0526|cagZ,HP0527|cagY,HP0528|cagX,HP0529|cagW,HP0530|cagV,HP0531|cagU,HP0532|cagT,HP0534|cagS,HP0535|cagQ,HP0536|cagP,HP0537|cagM,HP0538|cagN,HP0539|cagL,HP0540|cagI,HP0541,HP0542|cagG,HP0543|cagF,HP0544|cagE,HP0545|cagD,HP0546|cagC,HP0546|cagB,HP0547|cagA
GCA_040862505.1	28	2	0.07142857142857142	empty	HP0521,HP0522|cag3,HP0523|cag4,HP0524|cag5,HP0525|virB11,HP0526|cagZ,HP0527|cagY,HP0528|cagX,HP0529|cagW,HP0530|cagV,HP0531|cagU,HP0532|cagT,HP0534|cagS,HP0535|cagQ,HP0536|cagP,HP0537|cagM,HP0538|cagN,HP0539|cagL,HP0540|cagI,HP0541,HP0542|cagG,HP0543|cagF,HP0544|cagE,HP0545|cagD,HP0546|cagC,HP0546|cagB
GCA_040862525.1	28	27	0.9642857142857143	complete	HP0521
GCA_040862565.1	28	28	1.0	complete	
GCA_040862585.1	28	27	0.9642857142857143	complete	HP0535|cagQ
GCA_040862605.1	28	0	0.0	empty	HP0520|cag1,HP0521,HP0522|cag3,HP0523|cag4,HP0524|cag5,HP0525|virB11,HP0526|cagZ,HP0527|cagY,HP0528|cagX,HP0529|cagW,HP0530|cagV,HP0531|cagU,HP0532|cagT,HP0534|cagS,HP0535|cagQ,HP0536|cagP,HP0537|cagM,HP0538|cagN,HP0539|cagL,HP0540|cagI,HP0541,HP0542|cagG,HP0543|cagF,HP0544|cagE,HP0545|cagD,HP0546|cagC,HP0546|cagB,HP0547|cagA
GCA_047532155.1	28	24	0.8571428571428571	complete	HP0521,HP0527|cagY,HP0535|cagQ,HP0546|cagB
GCA_052426765.1	28	7	0.25	partial	HP0520|cag1,HP0527|cagY,HP0528|cagX,HP0529|cagW,HP0530|cagV,HP0531|cagU,HP0532|cagT,HP0534|cagS,HP0535|cagQ,HP0536|cagP,HP0537|cagM,HP0538|cagN,HP0539|cagL,HP0540|cagI,HP0541,HP0542|cagG,HP0543|cagF,HP0544|cagE,HP0545|cagD,HP0546|cagC,HP0546|cagB
