genome	n_markers	n_present	fraction_present	status	missing_markers	status_extended	n_cag_sv	cag_sv_types	cag_sv_list	n_artifact_calls	artifact_call_list
GCA_000148875.1	28	26	0.9285714285714286	complete	HP0521,HP0535|cagQ	complete_rearranged	1	TRA	TRA:456998-1067641	0	none
GCA_000255955.1	28	27	0.9642857142857143	complete	HP0521	complete_rearranged	2	INV;TRA	INV:579865-1040877;TRA:474832-579149	0	none
GCA_000262655.1	28	26	0.9285714285714286	complete	HP0521,HP0535|cagQ	complete_rearranged	1	INV	INV:516669-816272	0	none
GCA_000270045.1	28	26	0.9285714285714286	complete	HP0521,HP0546|cagB	complete_collinear	0	none	none	0	none
GCA_000274565.1	28	26	0.9285714285714286	complete	HP0521,HP0546|cagB	complete_collinear	0	none	none	0	none
GCA_000274605.1	28	4	0.14285714285714285	empty	HP0520|cag1,HP0521,HP0522|cag3,HP0523|cag4,HP0524|cag5,HP0525|virB11,HP0526|cagZ,HP0527|cagY,HP0528|cagX,HP0529|cagW,HP0530|cagV,HP0531|cagU,HP0532|cagT,HP0534|cagS,HP0535|cagQ,HP0536|cagP,HP0537|cagM,HP0538|cagN,HP0539|cagL,HP0540|cagI,HP0541,HP0542|cagG,HP0543|cagF,HP0544|cagE	empty	2	DEL;TRA	DEL:546400-578762;TRA:465489-1044689	0	none
GCA_000274645.2	28	25	0.8928571428571429	complete	HP0521,HP0535|cagQ,HP0546|cagB	complete_collinear	0	none	none	0	none
GCA_000274665.1	28	26	0.9285714285714286	complete	HP0521,HP0535|cagQ	complete_collinear	0	none	none	0	none
GCA_000274685.1	28	27	0.9642857142857143	complete	HP0521	complete_collinear	0	none	none	0	none
GCA_000274705.1	28	25	0.8928571428571429	complete	HP0521,HP0535|cagQ,HP0546|cagB	complete_rearranged	1	INV	INV:516627-549665	0	none
GCA_000274905.1	28	27	0.9642857142857143	complete	HP0521	complete_collinear	0	none	none	0	none
GCA_000274925.1	28	27	0.9642857142857143	complete	HP0521	complete_collinear	0	none	none	0	none
GCA_000274945.2	28	27	0.9642857142857143	complete	HP0521	complete_rearranged	1	INV	INV:546123-579713	0	none
GCA_000277425.1	28	26	0.9285714285714286	complete	HP0521,HP0546|cagB	complete_collinear	0	none	none	0	none
GCA_000348885.1	28	25	0.8928571428571429	complete	HP0521,HP0535|cagQ,HP0546|cagB	complete_rearranged	1	INV	INV:516717-683163	0	none
GCA_000499325.2	28	26	0.9285714285714286	complete	HP0527|cagY,HP0546|cagB	complete_rearranged	3	INV	INV:516790-556788;INV:557609-579326;INV:582535-663396	0	none
GCA_000499345.2	28	28	1.0	complete		complete_rearranged	1	INV	INV:559693-659727	0	none
GCA_000521245.1	28	25	0.8928571428571429	complete	HP0521,HP0535|cagQ,HP0546|cagB	complete_rearranged	2	INV	INV:555744-683253;INV:516718-556915	0	none
GCA_000709945.1	28	25	0.8928571428571429	complete	HP0521,HP0535|cagQ,HP0547|cagA	complete_rearranged	1	INV	INV:559812-579479	0	none
GCA_000966875.1	28	27	0.9642857142857143	complete	HP0521	complete_rearranged	3	INV;TRA	TRA:456998-1057561;TRA:474832-1040281;INV:582697-695608	0	none
GCA_001433495.1	28	0	0.0	empty	HP0520|cag1,HP0521,HP0522|cag3,HP0523|cag4,HP0524|cag5,HP0525|virB11,HP0526|cagZ,HP0527|cagY,HP0528|cagX,HP0529|cagW,HP0530|cagV,HP0531|cagU,HP0532|cagT,HP0534|cagS,HP0535|cagQ,HP0536|cagP,HP0537|cagM,HP0538|cagN,HP0539|cagL,HP0540|cagI,HP0541,HP0542|cagG,HP0543|cagF,HP0544|cagE,HP0545|cagD,HP0546|cagC,HP0546|cagB,HP0547|cagA	empty	3	DEL;INV;TRA	INV:516643-930744;DEL:546687-587157;TRA:474832-1044689	0	none
GCA_001901635.1	28	25	0.8928571428571429	complete	HP0521,HP0535|cagQ,HP0546|cagB	complete_collinear	0	none	none	0	none
GCA_001939315.1	28	26	0.9285714285714286	complete	HP0521,HP0535|cagQ	complete_rearranged	1	INV	INV:516643-675754	0	none
GCA_001939585.1	28	25	0.8928571428571429	complete	HP0521,HP0535|cagQ,HP0546|cagB	complete_collinear	0	none	none	0	none
GCA_001939635.1	28	27	0.9642857142857143	complete	HP0535|cagQ	complete_rearranged	1	INV	INV:516694-613596	0	none
GCA_001940015.1	28	25	0.8928571428571429	complete	HP0521,HP0535|cagQ,HP0546|cagB	complete_collinear	0	none	none	0	none
GCA_001940025.1	28	25	0.8928571428571429	complete	HP0521,HP0535|cagQ,HP0546|cagB	complete_rearranged	1	INV	INV:516694-613596	0	none
GCA_001940035.1	28	27	0.9642857142857143	complete	HP0535|cagQ	complete_rearranged	1	INV	INV:516694-613596	0	none
GCA_001940085.1	28	25	0.8928571428571429	complete	HP0521,HP0535|cagQ,HP0546|cagB	complete_collinear	0	none	none	0	none
GCA_001940095.1	28	25	0.8928571428571429	complete	HP0521,HP0535|cagQ,HP0546|cagB	complete_collinear	0	none	none	0	none
GCA_001940115.1	28	25	0.8928571428571429	complete	HP0521,HP0535|cagQ,HP0546|cagB	complete_rearranged	1	INV	INV:567822-613749	0	none
GCA_001940145.1	28	25	0.8928571428571429	complete	HP0521,HP0535|cagQ,HP0546|cagB	complete_rearranged	2	INV	INV:516749-567151;INV:567975-613596	0	none
GCA_001940175.1	28	25	0.8928571428571429	complete	HP0521,HP0535|cagQ,HP0546|cagB	complete_collinear	0	none	none	0	none
GCA_001940185.1	28	25	0.8928571428571429	complete	HP0521,HP0535|cagQ,HP0546|cagB	complete_rearranged	1	INV	INV:516749-613541	0	none
GCA_001997965.1	28	27	0.9642857142857143	complete	HP0521	complete_rearranged	1	INV	INV:516573-657337	0	none
GCA_001997995.1	28	27	0.9642857142857143	complete	HP0521	complete_rearranged	1	INV	INV:516527-661859	0	none
GCA_001998045.1	28	26	0.9285714285714286	complete	HP0521,HP0546|cagB	complete_collinear	0	none	none	0	none
GCA_001998125.1	28	25	0.8928571428571429	complete	HP0521,HP0527|cagY,HP0547|cagA	complete_rearranged	3	INV	INV:557609-581025;INV:516580-556214;INV:582545-663386	0	none
GCA_001998205.1	28	27	0.9642857142857143	complete	HP0521	complete_rearranged	1	INV	INV:531742-663502	0	none
GCA_001998245.1	28	27	0.9642857142857143	complete	HP0521	complete_collinear	0	none	none	0	none
GCA_001998285.1	28	26	0.9285714285714286	complete	HP0521,HP0527|cagY	complete_rearranged	1	INV	INV:516562-556747	0	none
GCA_001998295.1	28	26	0.9285714285714286	complete	HP0521,HP0527|cagY	complete_rearranged	1	INV	INV:516580-557053	0	none
GCA_001998385.1	28	26	0.9285714285714286	complete	HP0521,HP0527|cagY	complete_rearranged	1	INV	INV:557609-696484	0	none
GCA_001998405.1	28	27	0.9642857142857143	complete	HP0521	complete_rearranged	1	INV	INV:500754-696596	0	none
GCA_001999865.1	28	26	0.9285714285714286	complete	HP0521,HP0527|cagY	complete_collinear	0	none	none	0	none
GCA_002203985.1	28	25	0.8928571428571429	complete	HP0521,HP0535|cagQ,HP0546|cagB	complete_rearranged	2	INV	INV:557418-663526;INV:516906-588124	0	none
GCA_002204015.1	28	25	0.8928571428571429	complete	HP0521,HP0535|cagQ,HP0547|cagA	complete_collinear	0	none	none	0	none
GCA_002532615.1	28	0	0.0	empty	HP0520|cag1,HP0521,HP0522|cag3,HP0523|cag4,HP0524|cag5,HP0525|virB11,HP0526|cagZ,HP0527|cagY,HP0528|cagX,HP0529|cagW,HP0530|cagV,HP0531|cagU,HP0532|cagT,HP0534|cagS,HP0535|cagQ,HP0536|cagP,HP0537|cagM,HP0538|cagN,HP0539|cagL,HP0540|cagI,HP0541,HP0542|cagG,HP0543|cagF,HP0544|cagE,HP0545|cagD,HP0546|cagC,HP0546|cagB,HP0547|cagA	empty	3	DEL;INV;TRA	TRA:499613-987673;DEL:546687-587157;INV:516790-547155	0	none
GCA_002532675.1	28	27	0.9642857142857143	complete	HP0521	complete_rearranged	1	INV	INV:516899-613391	0	none
GCA_002533135.1	28	26	0.9285714285714286	complete	HP0521,HP0527|cagY	complete_rearranged	2	INV	INV:584011-613378;INV:557609-579326	0	none
GCA_002533145.1	28	27	0.9642857142857143	complete	HP0521	complete_rearranged	1	INV	INV:541831-613596	0	none
GCA_002533525.1	28	27	0.9642857142857143	complete	HP0521	complete_collinear	0	none	none	0	none
GCA_002534385.1	28	26	0.9285714285714286	complete	HP0521,HP0546|cagB	complete_rearranged	1	INV	INV:516675-612922	0	none
GCA_003058755.1	28	27	0.9642857142857143	complete	HP0521	complete_rearranged	1	INV	INV:516790-549502	0	none
GCA_003058825.1	28	28	1.0	complete		complete_rearranged	1	INV	INV:516694-696484	0	none
GCA_003058845.1	28	28	1.0	complete		complete_rearranged	1	INV	INV:508368-606434	0	none
GCA_003382505.1	28	0	0.0	empty	HP0520|cag1,HP0521,HP0522|cag3,HP0523|cag4,HP0524|cag5,HP0525|virB11,HP0526|cagZ,HP0527|cagY,HP0528|cagX,HP0529|cagW,HP0530|cagV,HP0531|cagU,HP0532|cagT,HP0534|cagS,HP0535|cagQ,HP0536|cagP,HP0537|cagM,HP0538|cagN,HP0539|cagL,HP0540|cagI,HP0541,HP0542|cagG,HP0543|cagF,HP0544|cagE,HP0545|cagD,HP0546|cagC,HP0546|cagB,HP0547|cagA	empty	1	DEL	DEL:546687-587157	0	none
GCA_003382515.1	28	0	0.0	empty	HP0520|cag1,HP0521,HP0522|cag3,HP0523|cag4,HP0524|cag5,HP0525|virB11,HP0526|cagZ,HP0527|cagY,HP0528|cagX,HP0529|cagW,HP0530|cagV,HP0531|cagU,HP0532|cagT,HP0534|cagS,HP0535|cagQ,HP0536|cagP,HP0537|cagM,HP0538|cagN,HP0539|cagL,HP0540|cagI,HP0541,HP0542|cagG,HP0543|cagF,HP0544|cagE,HP0545|cagD,HP0546|cagC,HP0546|cagB,HP0547|cagA	empty	1	DEL	DEL:546687-587157	0	none
GCA_003382545.1	28	0	0.0	empty	HP0520|cag1,HP0521,HP0522|cag3,HP0523|cag4,HP0524|cag5,HP0525|virB11,HP0526|cagZ,HP0527|cagY,HP0528|cagX,HP0529|cagW,HP0530|cagV,HP0531|cagU,HP0532|cagT,HP0534|cagS,HP0535|cagQ,HP0536|cagP,HP0537|cagM,HP0538|cagN,HP0539|cagL,HP0540|cagI,HP0541,HP0542|cagG,HP0543|cagF,HP0544|cagE,HP0545|cagD,HP0546|cagC,HP0546|cagB,HP0547|cagA	empty	1	DEL	DEL:546687-587157	0	none
GCA_003636505.1	28	24	0.8571428571428571	complete	HP0521,HP0535|cagQ,HP0546|cagB,HP0547|cagA	complete_rearranged	1	INV	INV:516718-613572	0	none
GCA_003636905.1	28	25	0.8928571428571429	complete	HP0521,HP0535|cagQ,HP0546|cagB	complete_collinear	0	none	none	0	none
GCA_003637575.1	28	25	0.8928571428571429	complete	HP0521,HP0535|cagQ,HP0546|cagB	complete_rearranged	1	INV	INV:516718-613572	0	none
GCA_003637635.1	28	27	0.9642857142857143	complete	HP0521	complete_rearranged	2	INV;TRA	TRA:474832-1219037;INV:545769-579780	0	none
GCA_003638135.1	28	27	0.9642857142857143	complete	HP0521	complete_collinear	0	none	none	0	none
GCA_003638245.1	28	27	0.9642857142857143	complete	HP0527|cagY	complete_rearranged	2	INV	INV:557609-612903;INV:516594-556814	0	none
GCA_003638565.1	28	27	0.9642857142857143	complete	HP0521	complete_rearranged	1	INV	INV:545891-579658	0	none
GCA_003639285.1	28	26	0.9285714285714286	complete	HP0521,HP0527|cagY	complete_collinear	0	none	none	0	none
GCA_003639365.1	28	26	0.9285714285714286	complete	HP0521,HP0527|cagY	complete_collinear	0	none	none	0	none
GCA_003639525.1	28	27	0.9642857142857143	complete	HP0521	complete_rearranged	1	TRA	TRA:553197-1176357	0	none
GCA_003639545.1	28	26	0.9285714285714286	complete	HP0521,HP0527|cagY	complete_collinear	0	none	none	0	none
GCA_003639565.1	28	0	0.0	empty	HP0520|cag1,HP0521,HP0522|cag3,HP0523|cag4,HP0524|cag5,HP0525|virB11,HP0526|cagZ,HP0527|cagY,HP0528|cagX,HP0529|cagW,HP0530|cagV,HP0531|cagU,HP0532|cagT,HP0534|cagS,HP0535|cagQ,HP0536|cagP,HP0537|cagM,HP0538|cagN,HP0539|cagL,HP0540|cagI,HP0541,HP0542|cagG,HP0543|cagF,HP0544|cagE,HP0545|cagD,HP0546|cagC,HP0546|cagB,HP0547|cagA	empty	2	DEL;INV	INV:516643-657267;DEL:546687-587157	0	none
GCA_003639615.1	28	0	0.0	empty	HP0520|cag1,HP0521,HP0522|cag3,HP0523|cag4,HP0524|cag5,HP0525|virB11,HP0526|cagZ,HP0527|cagY,HP0528|cagX,HP0529|cagW,HP0530|cagV,HP0531|cagU,HP0532|cagT,HP0534|cagS,HP0535|cagQ,HP0536|cagP,HP0537|cagM,HP0538|cagN,HP0539|cagL,HP0540|cagI,HP0541,HP0542|cagG,HP0543|cagF,HP0544|cagE,HP0545|cagD,HP0546|cagC,HP0546|cagB,HP0547|cagA	empty	1	DEL	DEL:536928-587157	0	none
GCA_003639675.1	28	0	0.0	empty	HP0520|cag1,HP0521,HP0522|cag3,HP0523|cag4,HP0524|cag5,HP0525|virB11,HP0526|cagZ,HP0527|cagY,HP0528|cagX,HP0529|cagW,HP0530|cagV,HP0531|cagU,HP0532|cagT,HP0534|cagS,HP0535|cagQ,HP0536|cagP,HP0537|cagM,HP0538|cagN,HP0539|cagL,HP0540|cagI,HP0541,HP0542|cagG,HP0543|cagF,HP0544|cagE,HP0545|cagD,HP0546|cagC,HP0546|cagB,HP0547|cagA	empty	2	DEL;TRA	DEL:546687-587157;TRA:456998-1067641	0	none
GCA_003639725.1	28	27	0.9642857142857143	complete	HP0521	complete_collinear	0	none	none	0	none
GCA_003639795.1	28	0	0.0	empty	HP0520|cag1,HP0521,HP0522|cag3,HP0523|cag4,HP0524|cag5,HP0525|virB11,HP0526|cagZ,HP0527|cagY,HP0528|cagX,HP0529|cagW,HP0530|cagV,HP0531|cagU,HP0532|cagT,HP0534|cagS,HP0535|cagQ,HP0536|cagP,HP0537|cagM,HP0538|cagN,HP0539|cagL,HP0540|cagI,HP0541,HP0542|cagG,HP0543|cagF,HP0544|cagE,HP0545|cagD,HP0546|cagC,HP0546|cagB,HP0547|cagA	empty	1	DEL	DEL:546687-587157	0	none
GCA_003639855.1	28	0	0.0	empty	HP0520|cag1,HP0521,HP0522|cag3,HP0523|cag4,HP0524|cag5,HP0525|virB11,HP0526|cagZ,HP0527|cagY,HP0528|cagX,HP0529|cagW,HP0530|cagV,HP0531|cagU,HP0532|cagT,HP0534|cagS,HP0535|cagQ,HP0536|cagP,HP0537|cagM,HP0538|cagN,HP0539|cagL,HP0540|cagI,HP0541,HP0542|cagG,HP0543|cagF,HP0544|cagE,HP0545|cagD,HP0546|cagC,HP0546|cagB,HP0547|cagA	empty	2	DEL;TRA	TRA:456998-1067641;DEL:536928-587157	0	none
GCA_003640025.1	28	27	0.9642857142857143	complete	HP0521	complete_rearranged	1	TRA	TRA:546400-1059225	0	none
GCA_003640145.1	28	26	0.9285714285714286	complete	HP0521,HP0527|cagY	complete_collinear	0	none	none	0	none
GCA_006337265.1	28	27	0.9642857142857143	complete	HP0521	complete_rearranged	1	INV	INV:481979-1040896	0	none
GCA_006337305.1	28	0	0.0	empty	HP0520|cag1,HP0521,HP0522|cag3,HP0523|cag4,HP0524|cag5,HP0525|virB11,HP0526|cagZ,HP0527|cagY,HP0528|cagX,HP0529|cagW,HP0530|cagV,HP0531|cagU,HP0532|cagT,HP0534|cagS,HP0535|cagQ,HP0536|cagP,HP0537|cagM,HP0538|cagN,HP0539|cagL,HP0540|cagI,HP0541,HP0542|cagG,HP0543|cagF,HP0544|cagE,HP0545|cagD,HP0546|cagC,HP0546|cagB,HP0547|cagA	empty	2	DEL;INV	INV:483813-930720;DEL:546687-587157	0	none
GCA_006337325.1	28	0	0.0	empty	HP0520|cag1,HP0521,HP0522|cag3,HP0523|cag4,HP0524|cag5,HP0525|virB11,HP0526|cagZ,HP0527|cagY,HP0528|cagX,HP0529|cagW,HP0530|cagV,HP0531|cagU,HP0532|cagT,HP0534|cagS,HP0535|cagQ,HP0536|cagP,HP0537|cagM,HP0538|cagN,HP0539|cagL,HP0540|cagI,HP0541,HP0542|cagG,HP0543|cagF,HP0544|cagE,HP0545|cagD,HP0546|cagC,HP0546|cagB,HP0547|cagA	empty	2	DEL;INV	INV:507328-930740;DEL:546687-587157	0	none
GCA_006337445.1	28	0	0.0	empty	HP0520|cag1,HP0521,HP0522|cag3,HP0523|cag4,HP0524|cag5,HP0525|virB11,HP0526|cagZ,HP0527|cagY,HP0528|cagX,HP0529|cagW,HP0530|cagV,HP0531|cagU,HP0532|cagT,HP0534|cagS,HP0535|cagQ,HP0536|cagP,HP0537|cagM,HP0538|cagN,HP0539|cagL,HP0540|cagI,HP0541,HP0542|cagG,HP0543|cagF,HP0544|cagE,HP0545|cagD,HP0546|cagC,HP0546|cagB,HP0547|cagA	empty	2	DEL;INV	INV:483813-930720;DEL:546687-587157	0	none
GCA_006337745.1	28	28	1.0	complete		complete_collinear	0	none	none	0	none
GCA_006338685.1	28	27	0.9642857142857143	complete	HP0521	complete_rearranged	1	INV	INV:481983-1040892	0	none
GCA_006338945.1	28	27	0.9642857142857143	complete	HP0521	complete_rearranged	1	INV	INV:481979-1040896	0	none
GCA_006339065.1	28	27	0.9642857142857143	complete	HP0521	complete_rearranged	1	INV	INV:546188-579361	0	none
GCA_006874685.1	28	27	0.9642857142857143	complete	HP0521	complete_rearranged	1	TRA	TRA:465489-1044689	0	none
GCA_008026175.1	28	27	0.9642857142857143	complete	HP0521	complete_rearranged	2	INV;TRA	TRA:370779-1067641;INV:579814-1040928	0	none
GCA_008026375.1	28	27	0.9642857142857143	complete	HP0521	complete_rearranged	1	INV	INV:508222-1040870	0	none
GCA_008026615.1	28	26	0.9285714285714286	complete	HP0521,HP0546|cagB	complete_collinear	0	none	none	0	none
GCA_008026815.1	28	25	0.8928571428571429	complete	HP0521,HP0527|cagY,HP0546|cagB	complete_collinear	0	none	none	0	none
GCA_008026995.1	28	27	0.9642857142857143	complete	HP0521	complete_rearranged	1	TRA	TRA:474832-783676	0	none
GCA_008027235.1	28	27	0.9642857142857143	complete	HP0521	complete_rearranged	1	INV	INV:546111-577922	0	none
GCA_008027395.1	28	27	0.9642857142857143	complete	HP0521	complete_rearranged	1	INV	INV:579850-1040892	0	none
GCA_008027775.1	28	27	0.9642857142857143	complete	HP0521	complete_collinear	0	none	none	0	none
GCA_008032475.1	28	27	0.9642857142857143	complete	HP0521	complete_collinear	0	none	none	0	none
GCA_008032615.1	28	26	0.9285714285714286	complete	HP0521,HP0546|cagB	complete_rearranged	1	INV	INV:482001-1040874	0	none
GCA_008032735.1	28	27	0.9642857142857143	complete	HP0521	complete_rearranged	1	INV	INV:481979-1019582	0	none
GCA_008032935.1	28	0	0.0	empty	HP0520|cag1,HP0521,HP0522|cag3,HP0523|cag4,HP0524|cag5,HP0525|virB11,HP0526|cagZ,HP0527|cagY,HP0528|cagX,HP0529|cagW,HP0530|cagV,HP0531|cagU,HP0532|cagT,HP0534|cagS,HP0535|cagQ,HP0536|cagP,HP0537|cagM,HP0538|cagN,HP0539|cagL,HP0540|cagI,HP0541,HP0542|cagG,HP0543|cagF,HP0544|cagE,HP0545|cagD,HP0546|cagC,HP0546|cagB,HP0547|cagA	empty	3	DEL;INV;TRA	INV:483815-1045278;DEL:546687-587157;TRA:484404-1059225	0	none
GCA_008032955.1	28	26	0.9285714285714286	complete	HP0521,HP0546|cagB	complete_collinear	0	none	none	0	none
GCA_008032975.1	28	27	0.9642857142857143	complete	HP0521	complete_rearranged	1	INV	INV:579814-735321	0	none
GCA_008032995.1	28	26	0.9285714285714286	complete	HP0521,HP0546|cagB	complete_collinear	0	none	none	0	none
GCA_008033015.1	28	27	0.9642857142857143	complete	HP0546|cagB	complete_rearranged	1	INV	INV:545769-578264	0	none
GCA_008033035.1	28	28	1.0	complete		complete_rearranged	1	INV	INV:546111-579438	0	none
GCA_008033055.1	28	26	0.9285714285714286	complete	HP0521,HP0546|cagB	complete_collinear	0	none	none	0	none
GCA_008033075.1	28	27	0.9642857142857143	complete	HP0521	complete_rearranged	1	INV	INV:579885-1040857	0	none
GCA_008281125.1	28	27	0.9642857142857143	complete	HP0521	complete_rearranged	1	INV	INV:482001-735267	0	none
GCA_008681415.1	28	27	0.9642857142857143	complete	HP0521	complete_rearranged	1	INV	INV:483682-761267	0	none
GCA_008681425.1	28	27	0.9642857142857143	complete	HP0521	complete_rearranged	2	INV;TRA	INV:579897-764317;TRA:474832-1154575	0	none
GCA_008681455.1	28	26	0.9285714285714286	complete	HP0521,HP0527|cagY	complete_rearranged	1	TRA	TRA:500417-980445	0	none
GCA_008681475.1	28	26	0.9285714285714286	complete	HP0521,HP0546|cagB	complete_collinear	0	none	none	0	none
GCA_008681485.1	28	27	0.9642857142857143	complete	HP0521	complete_collinear	0	none	none	0	none
GCA_008681515.1	28	27	0.9642857142857143	complete	HP0521	complete_rearranged	1	INV	INV:579814-735321	0	none
GCA_008681525.1	28	28	1.0	complete		complete_rearranged	1	INV	INV:545769-579393	0	none
GCA_009740305.1	28	0	0.0	empty	HP0520|cag1,HP0521,HP0522|cag3,HP0523|cag4,HP0524|cag5,HP0525|virB11,HP0526|cagZ,HP0527|cagY,HP0528|cagX,HP0529|cagW,HP0530|cagV,HP0531|cagU,HP0532|cagT,HP0534|cagS,HP0535|cagQ,HP0536|cagP,HP0537|cagM,HP0538|cagN,HP0539|cagL,HP0540|cagI,HP0541,HP0542|cagG,HP0543|cagF,HP0544|cagE,HP0545|cagD,HP0546|cagC,HP0546|cagB,HP0547|cagA	empty	1	DEL	DEL:546687-587772	0	none
GCA_009740315.1	28	25	0.8928571428571429	complete	HP0521,HP0527|cagY,HP0546|cagB	complete_rearranged	1	INV	INV:541423-556508	0	none
GCA_009740405.1	28	0	0.0	empty	HP0520|cag1,HP0521,HP0522|cag3,HP0523|cag4,HP0524|cag5,HP0525|virB11,HP0526|cagZ,HP0527|cagY,HP0528|cagX,HP0529|cagW,HP0530|cagV,HP0531|cagU,HP0532|cagT,HP0534|cagS,HP0535|cagQ,HP0536|cagP,HP0537|cagM,HP0538|cagN,HP0539|cagL,HP0540|cagI,HP0541,HP0542|cagG,HP0543|cagF,HP0544|cagE,HP0545|cagD,HP0546|cagC,HP0546|cagB,HP0547|cagA	empty	2	DEL;TRA	DEL:546687-587157;TRA:476313-967853	0	none
GCA_009740485.1	28	26	0.9285714285714286	complete	HP0521,HP0527|cagY	complete_collinear	0	none	none	0	none
GCA_009740495.1	28	25	0.8928571428571429	complete	HP0521,HP0527|cagY,HP0546|cagB	complete_collinear	0	none	none	0	none
GCA_009740525.1	28	25	0.8928571428571429	complete	HP0521,HP0527|cagY,HP0546|cagB	complete_rearranged	1	INV	INV:557442-636269	0	none
GCA_009740575.1	28	25	0.8928571428571429	complete	HP0521,HP0527|cagY,HP0546|cagB	complete_rearranged	1	INV	INV:557542-613663	0	none
GCA_009740685.1	28	25	0.8928571428571429	complete	HP0521,HP0527|cagY,HP0546|cagB	complete_rearranged	1	INV	INV:558187-606555	0	none
GCA_009740705.1	28	3	0.10714285714285714	empty	HP0521,HP0524|cag5,HP0525|virB11,HP0526|cagZ,HP0527|cagY,HP0528|cagX,HP0529|cagW,HP0530|cagV,HP0531|cagU,HP0532|cagT,HP0534|cagS,HP0535|cagQ,HP0536|cagP,HP0537|cagM,HP0538|cagN,HP0539|cagL,HP0540|cagI,HP0541,HP0542|cagG,HP0543|cagF,HP0544|cagE,HP0545|cagD,HP0546|cagC,HP0546|cagB,HP0547|cagA	empty	4	DEL;INV;TRA	TRA:474832-682820;INV:582475-613717;DEL:549034-583160;INV:516580-549712	0	none
GCA_009740725.1	28	25	0.8928571428571429	complete	HP0521,HP0527|cagY,HP0546|cagB	complete_collinear	0	none	none	0	none
GCA_009740755.1	28	27	0.9642857142857143	complete	HP0527|cagY	complete_rearranged	1	INV	INV:557609-608227	0	none
GCA_009740785.1	28	27	0.9642857142857143	complete	HP0521	complete_collinear	0	none	none	0	none
GCA_009740805.1	28	4	0.14285714285714285	empty	HP0521,HP0525|virB11,HP0526|cagZ,HP0527|cagY,HP0528|cagX,HP0529|cagW,HP0530|cagV,HP0531|cagU,HP0532|cagT,HP0534|cagS,HP0535|cagQ,HP0536|cagP,HP0537|cagM,HP0538|cagN,HP0539|cagL,HP0540|cagI,HP0541,HP0542|cagG,HP0543|cagF,HP0544|cagE,HP0545|cagD,HP0546|cagC,HP0546|cagB,HP0547|cagA	empty	1	INV	INV:516580-549712	0	none
GCA_009740815.1	28	25	0.8928571428571429	complete	HP0521,HP0527|cagY,HP0546|cagB	complete_collinear	0	none	none	0	none
GCA_009740855.1	28	25	0.8928571428571429	complete	HP0521,HP0527|cagY,HP0546|cagB	complete_rearranged	2	INV	INV:555866-579658;INV:546143-556632	0	none
GCA_009740865.1	28	26	0.9285714285714286	complete	HP0521,HP0527|cagY	complete_rearranged	2	INV	INV:557664-613541;INV:516580-557053	0	none
GCA_009740975.1	28	25	0.8928571428571429	complete	HP0521,HP0527|cagY,HP0546|cagB	complete_rearranged	1	INV	INV:541423-556508	0	none
GCA_009740985.1	28	25	0.8928571428571429	complete	HP0521,HP0527|cagY,HP0546|cagB	complete_rearranged	1	INV	INV:557542-613663	0	none
GCA_009741025.1	28	24	0.8571428571428571	complete	HP0521,HP0527|cagY,HP0535|cagQ,HP0546|cagB	complete_rearranged	1	INV	INV:560020-606500	0	none
GCA_009741065.1	28	25	0.8928571428571429	complete	HP0521,HP0527|cagY,HP0546|cagB	complete_rearranged	2	INV	INV:557664-579658;INV:545405-556531	0	none
GCA_009741085.1	28	25	0.8928571428571429	complete	HP0521,HP0527|cagY,HP0546|cagB	complete_collinear	0	none	none	0	none
GCA_009741095.1	28	25	0.8928571428571429	complete	HP0521,HP0527|cagY,HP0546|cagB	complete_rearranged	2	INV	INV:580046-613447;INV:557664-579658	0	none
GCA_009741145.1	28	25	0.8928571428571429	complete	HP0521,HP0527|cagY,HP0535|cagQ	complete_rearranged	1	INV	INV:558062-559039	0	none
GCA_009741165.1	28	25	0.8928571428571429	complete	HP0521,HP0527|cagY,HP0546|cagB	complete_collinear	0	none	none	0	none
GCA_011140365.1	28	0	0.0	empty	HP0520|cag1,HP0521,HP0522|cag3,HP0523|cag4,HP0524|cag5,HP0525|virB11,HP0526|cagZ,HP0527|cagY,HP0528|cagX,HP0529|cagW,HP0530|cagV,HP0531|cagU,HP0532|cagT,HP0534|cagS,HP0535|cagQ,HP0536|cagP,HP0537|cagM,HP0538|cagN,HP0539|cagL,HP0540|cagI,HP0541,HP0542|cagG,HP0543|cagF,HP0544|cagE,HP0545|cagD,HP0546|cagC,HP0546|cagB,HP0547|cagA	empty	0	none	none	0	none
GCA_011140425.1	28	25	0.8928571428571429	complete	HP0521,HP0527|cagY,HP0546|cagB	complete_collinear	0	none	none	0	none
GCA_011140435.1	28	26	0.9285714285714286	complete	HP0521,HP0527|cagY	complete_rearranged	1	INV	INV:559882-696567	0	none
GCA_011140475.1	28	0	0.0	empty	HP0520|cag1,HP0521,HP0522|cag3,HP0523|cag4,HP0524|cag5,HP0525|virB11,HP0526|cagZ,HP0527|cagY,HP0528|cagX,HP0529|cagW,HP0530|cagV,HP0531|cagU,HP0532|cagT,HP0534|cagS,HP0535|cagQ,HP0536|cagP,HP0537|cagM,HP0538|cagN,HP0539|cagL,HP0540|cagI,HP0541,HP0542|cagG,HP0543|cagF,HP0544|cagE,HP0545|cagD,HP0546|cagC,HP0546|cagB,HP0547|cagA	empty	2	DEL;INV	DEL:546687-587157;INV:535899-547039	0	none
GCA_011140535.1	28	26	0.9285714285714286	complete	HP0521,HP0527|cagY	complete_rearranged	1	INV	INV:516627-556682	0	none
GCA_011140555.1	28	25	0.8928571428571429	complete	HP0521,HP0527|cagY,HP0546|cagB	complete_rearranged	1	INV	INV:583437-695729	0	none
GCA_011140595.1	28	25	0.8928571428571429	complete	HP0521,HP0527|cagY,HP0547|cagA	complete_rearranged	2	INV;TRA	TRA:456998-1067641;INV:545600-579949	0	none
GCA_011140625.1	28	27	0.9642857142857143	complete	HP0527|cagY	complete_rearranged	2	INV	INV:583422-663418;INV:546188-557011	0	none
GCA_011140745.1	28	26	0.9285714285714286	complete	HP0521,HP0527|cagY	complete_rearranged	1	INV	INV:583422-663418	0	none
GCA_011140755.1	28	26	0.9285714285714286	complete	HP0521,HP0527|cagY	complete_rearranged	2	INV	INV:583454-696535;INV:557609-579713	0	none
GCA_011140795.1	28	0	0.0	empty	HP0520|cag1,HP0521,HP0522|cag3,HP0523|cag4,HP0524|cag5,HP0525|virB11,HP0526|cagZ,HP0527|cagY,HP0528|cagX,HP0529|cagW,HP0530|cagV,HP0531|cagU,HP0532|cagT,HP0534|cagS,HP0535|cagQ,HP0536|cagP,HP0537|cagM,HP0538|cagN,HP0539|cagL,HP0540|cagI,HP0541,HP0542|cagG,HP0543|cagF,HP0544|cagE,HP0545|cagD,HP0546|cagC,HP0546|cagB,HP0547|cagA	empty	3	DEL;INV;TRA	DEL:546687-587157;INV:531795-547365;TRA:532473-1059225	0	none
GCA_011140935.1	28	26	0.9285714285714286	complete	HP0521,HP0546|cagB	complete_collinear	0	none	none	0	none
GCA_011140995.1	28	25	0.8928571428571429	complete	HP0521,HP0527|cagY,HP0546|cagB	complete_rearranged	2	INV	INV:583016-584534;INV:556112-579449	0	none
GCA_011141035.1	28	27	0.9642857142857143	complete	HP0521	complete_rearranged	2	INV;TRA	TRA:456998-1067641;INV:516627-696551	0	none
GCA_011141045.1	28	0	0.0	empty	HP0520|cag1,HP0521,HP0522|cag3,HP0523|cag4,HP0524|cag5,HP0525|virB11,HP0526|cagZ,HP0527|cagY,HP0528|cagX,HP0529|cagW,HP0530|cagV,HP0531|cagU,HP0532|cagT,HP0534|cagS,HP0535|cagQ,HP0536|cagP,HP0537|cagM,HP0538|cagN,HP0539|cagL,HP0540|cagI,HP0541,HP0542|cagG,HP0543|cagF,HP0544|cagE,HP0545|cagD,HP0546|cagC,HP0546|cagB,HP0547|cagA	empty	1	DEL	DEL:546687-587157	0	none
GCA_011141095.1	28	26	0.9285714285714286	complete	HP0521,HP0527|cagY	complete_rearranged	1	INV	INV:516790-557267	0	none
GCA_011141115.1	28	25	0.8928571428571429	complete	HP0521,HP0527|cagY,HP0546|cagB	complete_rearranged	1	INV	INV:516562-557071	0	none
GCA_011141135.1	28	25	0.8928571428571429	complete	HP0521,HP0527|cagY,HP0546|cagB	complete_rearranged	2	INV	INV:557542-659522;INV:516562-557071	0	none
GCA_011174985.1	28	0	0.0	empty	HP0520|cag1,HP0521,HP0522|cag3,HP0523|cag4,HP0524|cag5,HP0525|virB11,HP0526|cagZ,HP0527|cagY,HP0528|cagX,HP0529|cagW,HP0530|cagV,HP0531|cagU,HP0532|cagT,HP0534|cagS,HP0535|cagQ,HP0536|cagP,HP0537|cagM,HP0538|cagN,HP0539|cagL,HP0540|cagI,HP0541,HP0542|cagG,HP0543|cagF,HP0544|cagE,HP0545|cagD,HP0546|cagC,HP0546|cagB,HP0547|cagA	empty	2	DEL;TRA	TRA:499613-987673;DEL:546687-587157	0	none
GCA_011175015.1	28	26	0.9285714285714286	complete	HP0521,HP0527|cagY	complete_rearranged	1	INV	INV:555381-654653	0	none
GCA_011175035.1	28	26	0.9285714285714286	complete	HP0521,HP0527|cagY	complete_rearranged	1	INV	INV:516562-556232	0	none
GCA_011175045.1	28	0	0.0	empty	HP0520|cag1,HP0521,HP0522|cag3,HP0523|cag4,HP0524|cag5,HP0525|virB11,HP0526|cagZ,HP0527|cagY,HP0528|cagX,HP0529|cagW,HP0530|cagV,HP0531|cagU,HP0532|cagT,HP0534|cagS,HP0535|cagQ,HP0536|cagP,HP0537|cagM,HP0538|cagN,HP0539|cagL,HP0540|cagI,HP0541,HP0542|cagG,HP0543|cagF,HP0544|cagE,HP0545|cagD,HP0546|cagC,HP0546|cagB,HP0547|cagA	empty	1	DEL	DEL:546687-587157	0	none
GCA_011175075.1	28	25	0.8928571428571429	complete	HP0521,HP0527|cagY,HP0546|cagB	complete_collinear	0	none	none	0	none
GCA_011175085.1	28	0	0.0	empty	HP0520|cag1,HP0521,HP0522|cag3,HP0523|cag4,HP0524|cag5,HP0525|virB11,HP0526|cagZ,HP0527|cagY,HP0528|cagX,HP0529|cagW,HP0530|cagV,HP0531|cagU,HP0532|cagT,HP0534|cagS,HP0535|cagQ,HP0536|cagP,HP0537|cagM,HP0538|cagN,HP0539|cagL,HP0540|cagI,HP0541,HP0542|cagG,HP0543|cagF,HP0544|cagE,HP0545|cagD,HP0546|cagC,HP0546|cagB,HP0547|cagA	empty	2	DEL;INV	INV:516667-696511;DEL:546687-587157	0	none
GCA_011175115.1	28	26	0.9285714285714286	complete	HP0521,HP0527|cagY	complete_rearranged	2	INV;TRA	INV:545405-556531;TRA:474832-579149	0	none
GCA_011175145.1	28	26	0.9285714285714286	complete	HP0521,HP0527|cagY	complete_rearranged	2	INV;TRA	TRA:499613-987673;INV:557541-696552	0	none
GCA_011175195.1	28	26	0.9285714285714286	complete	HP0521,HP0527|cagY	complete_rearranged	2	INV;TRA	INV:582429-716495;TRA:474832-1154575	0	none
GCA_011175215.1	28	26	0.9285714285714286	complete	HP0521,HP0527|cagY	complete_rearranged	2	INV	INV:516580-557053;INV:558187-579713	0	none
GCA_011175275.1	28	27	0.9642857142857143	complete	HP0521	complete_rearranged	1	INV	INV:516582-696596	0	none
GCA_011175295.1	28	26	0.9285714285714286	complete	HP0521,HP0527|cagY	complete_rearranged	2	INV	INV:516627-556733;INV:557980-573660	0	none
GCA_011175315.1	28	27	0.9642857142857143	complete	HP0521	complete_collinear	0	none	none	0	none
GCA_011175325.1	28	26	0.9285714285714286	complete	HP0521,HP0527|cagY	complete_rearranged	1	INV	INV:516424-556370	0	none
GCA_011175335.1	28	26	0.9285714285714286	complete	HP0521,HP0527|cagY	complete_rearranged	3	INV;TRA	INV:545405-557370;TRA:474832-1154575;TRA:499613-987673	0	none
GCA_011175375.1	28	27	0.9642857142857143	complete	HP0521	complete_rearranged	2	INV;TRA	TRA:474832-579149;INV:545769-579780	0	none
GCA_011175395.1	28	27	0.9642857142857143	complete	HP0521	complete_rearranged	2	INV;TRA	INV:481877-696637;TRA:331915-949331	0	none
GCA_014496385.1	28	0	0.0	empty	HP0520|cag1,HP0521,HP0522|cag3,HP0523|cag4,HP0524|cag5,HP0525|virB11,HP0526|cagZ,HP0527|cagY,HP0528|cagX,HP0529|cagW,HP0530|cagV,HP0531|cagU,HP0532|cagT,HP0534|cagS,HP0535|cagQ,HP0536|cagP,HP0537|cagM,HP0538|cagN,HP0539|cagL,HP0540|cagI,HP0541,HP0542|cagG,HP0543|cagF,HP0544|cagE,HP0545|cagD,HP0546|cagC,HP0546|cagB,HP0547|cagA	empty	2	DEL;INV	DEL:546687-587157;INV:516601-547344	0	none
GCA_014496475.1	28	25	0.8928571428571429	complete	HP0521,HP0546|cagB,HP0547|cagA	complete_rearranged	2	INV;TRA	TRA:474832-1154575;INV:583567-696743	0	none
GCA_014496775.1	28	26	0.9285714285714286	complete	HP0521,HP0547|cagA	complete_rearranged	2	INV	INV:567975-579713;INV:545891-567151	0	none
GCA_014496885.1	28	0	0.0	empty	HP0520|cag1,HP0521,HP0522|cag3,HP0523|cag4,HP0524|cag5,HP0525|virB11,HP0526|cagZ,HP0527|cagY,HP0528|cagX,HP0529|cagW,HP0530|cagV,HP0531|cagU,HP0532|cagT,HP0534|cagS,HP0535|cagQ,HP0536|cagP,HP0537|cagM,HP0538|cagN,HP0539|cagL,HP0540|cagI,HP0541,HP0542|cagG,HP0543|cagF,HP0544|cagE,HP0545|cagD,HP0546|cagC,HP0546|cagB,HP0547|cagA	empty	2	DEL;TRA	DEL:544339-587157;TRA:247340-651937	0	none
GCA_014497035.1	28	26	0.9285714285714286	complete	HP0521,HP0546|cagB	complete_collinear	0	none	none	0	none
GCA_014497085.1	28	27	0.9642857142857143	complete	HP0521	complete_rearranged	1	INV	INV:546123-579713	0	none
GCA_014497195.1	28	0	0.0	empty	HP0520|cag1,HP0521,HP0522|cag3,HP0523|cag4,HP0524|cag5,HP0525|virB11,HP0526|cagZ,HP0527|cagY,HP0528|cagX,HP0529|cagW,HP0530|cagV,HP0531|cagU,HP0532|cagT,HP0534|cagS,HP0535|cagQ,HP0536|cagP,HP0537|cagM,HP0538|cagN,HP0539|cagL,HP0540|cagI,HP0541,HP0542|cagG,HP0543|cagF,HP0544|cagE,HP0545|cagD,HP0546|cagC,HP0546|cagB,HP0547|cagA	empty	2	DEL;INV	DEL:546687-587157;INV:516580-547365	0	none
GCA_014497275.1	28	0	0.0	empty	HP0520|cag1,HP0521,HP0522|cag3,HP0523|cag4,HP0524|cag5,HP0525|virB11,HP0526|cagZ,HP0527|cagY,HP0528|cagX,HP0529|cagW,HP0530|cagV,HP0531|cagU,HP0532|cagT,HP0534|cagS,HP0535|cagQ,HP0536|cagP,HP0537|cagM,HP0538|cagN,HP0539|cagL,HP0540|cagI,HP0541,HP0542|cagG,HP0543|cagF,HP0544|cagE,HP0545|cagD,HP0546|cagC,HP0546|cagB,HP0547|cagA	empty	2	DEL;TRA	DEL:536781-587157;TRA:474832-695920	0	none
GCA_014497305.1	28	0	0.0	empty	HP0520|cag1,HP0521,HP0522|cag3,HP0523|cag4,HP0524|cag5,HP0525|virB11,HP0526|cagZ,HP0527|cagY,HP0528|cagX,HP0529|cagW,HP0530|cagV,HP0531|cagU,HP0532|cagT,HP0534|cagS,HP0535|cagQ,HP0536|cagP,HP0537|cagM,HP0538|cagN,HP0539|cagL,HP0540|cagI,HP0541,HP0542|cagG,HP0543|cagF,HP0544|cagE,HP0545|cagD,HP0546|cagC,HP0546|cagB,HP0547|cagA	empty	1	DEL	DEL:546687-587157	0	none
GCA_014497385.1	28	26	0.9285714285714286	complete	HP0521,HP0546|cagB	complete_rearranged	1	INV	INV:516580-663449	0	none
GCA_014497415.1	28	27	0.9642857142857143	complete	HP0521	complete_collinear	0	none	none	0	none
GCA_014497445.1	28	27	0.9642857142857143	complete	HP0521	complete_rearranged	1	INV	INV:546123-579713	0	none
GCA_014497455.1	28	27	0.9642857142857143	complete	HP0521	complete_rearranged	1	INV	INV:516527-696651	0	none
GCA_014497485.1	28	27	0.9642857142857143	complete	HP0521	complete_rearranged	1	INV	INV:579724-663508	0	none
GCA_014497505.1	28	27	0.9642857142857143	complete	HP0521	complete_rearranged	1	INV	INV:579724-663508	0	none
GCA_014497525.1	28	0	0.0	empty	HP0520|cag1,HP0521,HP0522|cag3,HP0523|cag4,HP0524|cag5,HP0525|virB11,HP0526|cagZ,HP0527|cagY,HP0528|cagX,HP0529|cagW,HP0530|cagV,HP0531|cagU,HP0532|cagT,HP0534|cagS,HP0535|cagQ,HP0536|cagP,HP0537|cagM,HP0538|cagN,HP0539|cagL,HP0540|cagI,HP0541,HP0542|cagG,HP0543|cagF,HP0544|cagE,HP0545|cagD,HP0546|cagC,HP0546|cagB,HP0547|cagA	empty	1	DEL	DEL:546687-587157	0	none
GCA_014497595.1	28	0	0.0	empty	HP0520|cag1,HP0521,HP0522|cag3,HP0523|cag4,HP0524|cag5,HP0525|virB11,HP0526|cagZ,HP0527|cagY,HP0528|cagX,HP0529|cagW,HP0530|cagV,HP0531|cagU,HP0532|cagT,HP0534|cagS,HP0535|cagQ,HP0536|cagP,HP0537|cagM,HP0538|cagN,HP0539|cagL,HP0540|cagI,HP0541,HP0542|cagG,HP0543|cagF,HP0544|cagE,HP0545|cagD,HP0546|cagC,HP0546|cagB,HP0547|cagA	empty	1	DEL	DEL:546687-587157	0	none
GCA_014497605.1	28	27	0.9642857142857143	complete	HP0521	complete_collinear	0	none	none	0	none
GCA_014497635.1	28	27	0.9642857142857143	complete	HP0521	complete_collinear	0	none	none	0	none
GCA_014497655.1	28	27	0.9642857142857143	complete	HP0521	complete_collinear	0	none	none	0	none
GCA_014497685.1	28	0	0.0	empty	HP0520|cag1,HP0521,HP0522|cag3,HP0523|cag4,HP0524|cag5,HP0525|virB11,HP0526|cagZ,HP0527|cagY,HP0528|cagX,HP0529|cagW,HP0530|cagV,HP0531|cagU,HP0532|cagT,HP0534|cagS,HP0535|cagQ,HP0536|cagP,HP0537|cagM,HP0538|cagN,HP0539|cagL,HP0540|cagI,HP0541,HP0542|cagG,HP0543|cagF,HP0544|cagE,HP0545|cagD,HP0546|cagC,HP0546|cagB,HP0547|cagA	empty	2	DEL;INV	DEL:546687-587157;INV:516627-547318	0	none
GCA_014497735.1	28	27	0.9642857142857143	complete	HP0521	complete_rearranged	1	INV	INV:516662-696516	0	none
GCA_014497745.1	28	0	0.0	empty	HP0520|cag1,HP0521,HP0522|cag3,HP0523|cag4,HP0524|cag5,HP0525|virB11,HP0526|cagZ,HP0527|cagY,HP0528|cagX,HP0529|cagW,HP0530|cagV,HP0531|cagU,HP0532|cagT,HP0534|cagS,HP0535|cagQ,HP0536|cagP,HP0537|cagM,HP0538|cagN,HP0539|cagL,HP0540|cagI,HP0541,HP0542|cagG,HP0543|cagF,HP0544|cagE,HP0545|cagD,HP0546|cagC,HP0546|cagB,HP0547|cagA	empty	1	DEL	DEL:546687-587772	0	none
GCA_014497785.1	28	26	0.9285714285714286	complete	HP0521,HP0546|cagB	complete_rearranged	1	INV	INV:516580-695775	0	none
GCA_014497825.1	28	27	0.9642857142857143	complete	HP0521	complete_rearranged	1	INV	INV:579785-695773	0	none
GCA_014497985.1	28	26	0.9285714285714286	complete	HP0521,HP0546|cagB	complete_rearranged	1	INV	INV:579836-696545	0	none
GCA_014498555.1	28	0	0.0	empty	HP0520|cag1,HP0521,HP0522|cag3,HP0523|cag4,HP0524|cag5,HP0525|virB11,HP0526|cagZ,HP0527|cagY,HP0528|cagX,HP0529|cagW,HP0530|cagV,HP0531|cagU,HP0532|cagT,HP0534|cagS,HP0535|cagQ,HP0536|cagP,HP0537|cagM,HP0538|cagN,HP0539|cagL,HP0540|cagI,HP0541,HP0542|cagG,HP0543|cagF,HP0544|cagE,HP0545|cagD,HP0546|cagC,HP0546|cagB,HP0547|cagA	empty	1	TRA	TRA:247340-651937	0	none
GCA_014498655.1	28	0	0.0	empty	HP0520|cag1,HP0521,HP0522|cag3,HP0523|cag4,HP0524|cag5,HP0525|virB11,HP0526|cagZ,HP0527|cagY,HP0528|cagX,HP0529|cagW,HP0530|cagV,HP0531|cagU,HP0532|cagT,HP0534|cagS,HP0535|cagQ,HP0536|cagP,HP0537|cagM,HP0538|cagN,HP0539|cagL,HP0540|cagI,HP0541,HP0542|cagG,HP0543|cagF,HP0544|cagE,HP0545|cagD,HP0546|cagC,HP0546|cagB,HP0547|cagA	empty	2	DEL;TRA	TRA:247340-651937;DEL:544339-587157	0	none
GCA_014498675.1	28	23	0.8214285714285714	partial	HP0521,HP0526|cagZ,HP0527|cagY,HP0528|cagX,HP0546|cagB	partial	1	INV	INV:516562-549730	0	none
GCA_014498785.1	28	25	0.8928571428571429	complete	HP0521,HP0527|cagY,HP0546|cagB	complete_collinear	0	none	none	0	none
GCA_015904205.1	28	0	0.0	empty	HP0520|cag1,HP0521,HP0522|cag3,HP0523|cag4,HP0524|cag5,HP0525|virB11,HP0526|cagZ,HP0527|cagY,HP0528|cagX,HP0529|cagW,HP0530|cagV,HP0531|cagU,HP0532|cagT,HP0534|cagS,HP0535|cagQ,HP0536|cagP,HP0537|cagM,HP0538|cagN,HP0539|cagL,HP0540|cagI,HP0541,HP0542|cagG,HP0543|cagF,HP0544|cagE,HP0545|cagD,HP0546|cagC,HP0546|cagB,HP0547|cagA	empty	1	DEL	DEL:537874-587157	0	none
GCA_015904225.1	28	27	0.9642857142857143	complete	HP0521	complete_rearranged	1	INV	INV:545836-579713	0	none
GCA_015904305.1	28	0	0.0	empty	HP0520|cag1,HP0521,HP0522|cag3,HP0523|cag4,HP0524|cag5,HP0525|virB11,HP0526|cagZ,HP0527|cagY,HP0528|cagX,HP0529|cagW,HP0530|cagV,HP0531|cagU,HP0532|cagT,HP0534|cagS,HP0535|cagQ,HP0536|cagP,HP0537|cagM,HP0538|cagN,HP0539|cagL,HP0540|cagI,HP0541,HP0542|cagG,HP0543|cagF,HP0544|cagE,HP0545|cagD,HP0546|cagC,HP0546|cagB,HP0547|cagA	empty	2	DEL;INV	DEL:546687-587157;INV:531795-547365	0	none
GCA_015904325.1	28	27	0.9642857142857143	complete	HP0521	complete_collinear	0	none	none	0	none
GCA_015904335.1	28	27	0.9642857142857143	complete	HP0521	complete_collinear	0	none	none	0	none
GCA_015904375.1	28	26	0.9285714285714286	complete	HP0521,HP0527|cagY	complete_collinear	0	none	none	0	none
GCA_015904385.1	28	0	0.0	empty	HP0520|cag1,HP0521,HP0522|cag3,HP0523|cag4,HP0524|cag5,HP0525|virB11,HP0526|cagZ,HP0527|cagY,HP0528|cagX,HP0529|cagW,HP0530|cagV,HP0531|cagU,HP0532|cagT,HP0534|cagS,HP0535|cagQ,HP0536|cagP,HP0537|cagM,HP0538|cagN,HP0539|cagL,HP0540|cagI,HP0541,HP0542|cagG,HP0543|cagF,HP0544|cagE,HP0545|cagD,HP0546|cagC,HP0546|cagB,HP0547|cagA	empty	1	DEL	DEL:546687-587157	0	none
GCA_015904435.1	28	0	0.0	empty	HP0520|cag1,HP0521,HP0522|cag3,HP0523|cag4,HP0524|cag5,HP0525|virB11,HP0526|cagZ,HP0527|cagY,HP0528|cagX,HP0529|cagW,HP0530|cagV,HP0531|cagU,HP0532|cagT,HP0534|cagS,HP0535|cagQ,HP0536|cagP,HP0537|cagM,HP0538|cagN,HP0539|cagL,HP0540|cagI,HP0541,HP0542|cagG,HP0543|cagF,HP0544|cagE,HP0545|cagD,HP0546|cagC,HP0546|cagB,HP0547|cagA	empty	1	DEL	DEL:546400-587157	0	none
GCA_015904485.1	28	26	0.9285714285714286	complete	HP0521,HP0546|cagB	complete_collinear	0	none	none	0	none
GCA_015904535.1	28	26	0.9285714285714286	complete	HP0521,HP0527|cagY	complete_rearranged	2	INV	INV:545405-557370;INV:555607-579917	0	none
GCA_015904565.1	28	25	0.8928571428571429	complete	HP0521,HP0535|cagQ,HP0547|cagA	complete_collinear	0	none	none	0	none
GCA_015904575.1	28	26	0.9285714285714286	complete	HP0521,HP0527|cagY	complete_rearranged	1	INV	INV:582545-657267	0	none
GCA_015904605.1	28	0	0.0	empty	HP0520|cag1,HP0521,HP0522|cag3,HP0523|cag4,HP0524|cag5,HP0525|virB11,HP0526|cagZ,HP0527|cagY,HP0528|cagX,HP0529|cagW,HP0530|cagV,HP0531|cagU,HP0532|cagT,HP0534|cagS,HP0535|cagQ,HP0536|cagP,HP0537|cagM,HP0538|cagN,HP0539|cagL,HP0540|cagI,HP0541,HP0542|cagG,HP0543|cagF,HP0544|cagE,HP0545|cagD,HP0546|cagC,HP0546|cagB,HP0547|cagA	empty	1	DEL	DEL:546687-587157	0	none
GCA_015904625.1	28	27	0.9642857142857143	complete	HP0521	complete_collinear	0	none	none	0	none
GCA_015904665.1	28	26	0.9285714285714286	complete	HP0521,HP0527|cagY	complete_collinear	0	none	none	0	none
GCA_015904765.1	28	25	0.8928571428571429	complete	HP0521,HP0527|cagY,HP0546|cagB	complete_rearranged	2	INV;TRA	TRA:456998-1067641;INV:583742-656005	0	none
GCA_015904775.1	28	25	0.8928571428571429	complete	HP0521,HP0527|cagY,HP0546|cagB	complete_rearranged	2	INV;TRA	TRA:456998-1067641;INV:583742-656005	0	none
GCA_015904825.1	28	26	0.9285714285714286	complete	HP0521,HP0547|cagA	complete_rearranged	1	INV	INV:546123-579713	0	none
GCA_015904875.1	28	26	0.9285714285714286	complete	HP0521,HP0527|cagY	complete_collinear	0	none	none	0	none
GCA_015905005.1	28	1	0.03571428571428571	empty	HP0521,HP0522|cag3,HP0523|cag4,HP0524|cag5,HP0525|virB11,HP0526|cagZ,HP0527|cagY,HP0528|cagX,HP0529|cagW,HP0530|cagV,HP0531|cagU,HP0532|cagT,HP0534|cagS,HP0535|cagQ,HP0536|cagP,HP0537|cagM,HP0538|cagN,HP0539|cagL,HP0540|cagI,HP0541,HP0542|cagG,HP0543|cagF,HP0544|cagE,HP0545|cagD,HP0546|cagC,HP0546|cagB,HP0547|cagA	empty	1	DEL	DEL:546687-583350	0	none
GCA_015905025.1	28	26	0.9285714285714286	complete	HP0521,HP0527|cagY	complete_collinear	0	none	none	0	none
GCA_015905065.1	28	0	0.0	empty	HP0520|cag1,HP0521,HP0522|cag3,HP0523|cag4,HP0524|cag5,HP0525|virB11,HP0526|cagZ,HP0527|cagY,HP0528|cagX,HP0529|cagW,HP0530|cagV,HP0531|cagU,HP0532|cagT,HP0534|cagS,HP0535|cagQ,HP0536|cagP,HP0537|cagM,HP0538|cagN,HP0539|cagL,HP0540|cagI,HP0541,HP0542|cagG,HP0543|cagF,HP0544|cagE,HP0545|cagD,HP0546|cagC,HP0546|cagB,HP0547|cagA	empty	1	DEL	DEL:546687-587157	0	none
GCA_015905125.1	28	26	0.9285714285714286	complete	HP0521,HP0527|cagY	complete_collinear	0	none	none	0	none
GCA_015905135.1	28	25	0.8928571428571429	complete	HP0521,HP0527|cagY,HP0547|cagA	complete_rearranged	1	INV	INV:555811-579713	0	none
GCA_016124125.1	28	24	0.8571428571428571	complete	HP0521,HP0527|cagY,HP0535|cagQ,HP0546|cagB	complete_rearranged	2	INV;TRA	INV:516906-556727;TRA:456998-1067641	0	none
GCA_016464465.1	28	24	0.8571428571428571	complete	HP0521,HP0527|cagY,HP0535|cagQ,HP0547|cagA	complete_rearranged	2	INV	INV:516627-557430;INV:555593-634313	0	none
GCA_016464485.1	28	26	0.9285714285714286	complete	HP0521,HP0535|cagQ	complete_collinear	0	none	none	0	none
GCA_016464565.1	28	26	0.9285714285714286	complete	HP0521,HP0535|cagQ	complete_collinear	0	none	none	0	none
GCA_016464575.1	28	25	0.8928571428571429	complete	HP0535|cagQ,HP0546|cagB,HP0547|cagA	complete_rearranged	2	INV;TRA	INV:516790-630813;TRA:476313-815683	0	none
GCA_018120115.1	28	24	0.8571428571428571	complete	HP0521,HP0527|cagY,HP0535|cagQ,HP0546|cagB	complete_rearranged	2	INV	INV:555436-683237;INV:516790-556843	0	none
GCA_018120125.1	28	0	0.0	empty	HP0520|cag1,HP0521,HP0522|cag3,HP0523|cag4,HP0524|cag5,HP0525|virB11,HP0526|cagZ,HP0527|cagY,HP0528|cagX,HP0529|cagW,HP0530|cagV,HP0531|cagU,HP0532|cagT,HP0534|cagS,HP0535|cagQ,HP0536|cagP,HP0537|cagM,HP0538|cagN,HP0539|cagL,HP0540|cagI,HP0541,HP0542|cagG,HP0543|cagF,HP0544|cagE,HP0545|cagD,HP0546|cagC,HP0546|cagB,HP0547|cagA	empty	3	DEL;INV	INV:582429-634535;DEL:546400-583160;INV:516667-546991	0	none
GCA_018120155.1	28	26	0.9285714285714286	complete	HP0521,HP0535|cagQ	complete_collinear	0	none	none	0	none
GCA_018120165.1	28	2	0.07142857142857142	empty	HP0521,HP0522|cag3,HP0523|cag4,HP0524|cag5,HP0525|virB11,HP0526|cagZ,HP0527|cagY,HP0528|cagX,HP0529|cagW,HP0530|cagV,HP0531|cagU,HP0532|cagT,HP0534|cagS,HP0535|cagQ,HP0536|cagP,HP0537|cagM,HP0538|cagN,HP0539|cagL,HP0540|cagI,HP0541,HP0542|cagG,HP0543|cagF,HP0544|cagE,HP0545|cagD,HP0546|cagC,HP0546|cagB	empty	2	DEL;INV	INV:516627-681327;DEL:549034-583160	0	none
GCA_018120195.1	28	24	0.8571428571428571	complete	HP0521,HP0527|cagY,HP0535|cagQ,HP0546|cagB	complete_collinear	0	none	none	0	none
GCA_018120215.1	28	6	0.21428571428571427	partial	HP0521,HP0527|cagY,HP0528|cagX,HP0529|cagW,HP0530|cagV,HP0531|cagU,HP0532|cagT,HP0534|cagS,HP0535|cagQ,HP0536|cagP,HP0537|cagM,HP0538|cagN,HP0539|cagL,HP0540|cagI,HP0541,HP0542|cagG,HP0543|cagF,HP0544|cagE,HP0545|cagD,HP0546|cagC,HP0546|cagB,HP0547|cagA	partial	5	DEL;INV	INV:582577-634387;DEL:558928-583160;INV:555908-559016;DEL:556150-558173;INV:516667-556741	0	none
GCA_018120235.1	28	24	0.8571428571428571	complete	HP0521,HP0527|cagY,HP0535|cagQ,HP0546|cagB	complete_collinear	0	none	none	0	none
GCA_018120245.1	28	24	0.8571428571428571	complete	HP0521,HP0535|cagQ,HP0546|cagB,HP0547|cagA	complete_rearranged	1	INV	INV:516667-681287	0	none
GCA_018120275.1	28	25	0.8928571428571429	complete	HP0521,HP0527|cagY,HP0535|cagQ	complete_rearranged	2	INV	INV:556174-663396;INV:516906-556727	0	none
GCA_018120295.1	28	26	0.9285714285714286	complete	HP0521,HP0535|cagQ	complete_rearranged	1	INV	INV:516633-683247	0	none
GCA_018120315.1	28	24	0.8571428571428571	complete	HP0521,HP0527|cagY,HP0535|cagQ,HP0546|cagB	complete_rearranged	2	INV	INV:556119-683302;INV:516906-556727	0	none
GCA_018120335.1	28	26	0.9285714285714286	complete	HP0521,HP0535|cagQ	complete_rearranged	1	INV	INV:516643-681311	0	none
GCA_018120355.1	28	25	0.8928571428571429	complete	HP0521,HP0535|cagQ,HP0547|cagA	complete_rearranged	1	INV	INV:516633-681321	0	none
GCA_018120375.1	28	26	0.9285714285714286	complete	HP0521,HP0535|cagQ	complete_rearranged	1	INV	INV:516643-681311	0	none
GCA_018120395.1	28	26	0.9285714285714286	complete	HP0521,HP0535|cagQ	complete_rearranged	1	INV	INV:516643-681311	0	none
GCA_018120415.1	28	26	0.9285714285714286	complete	HP0521,HP0535|cagQ	complete_rearranged	1	INV	INV:516643-681311	0	none
GCA_018120435.1	28	28	1.0	complete		complete_rearranged	1	INV	INV:545891-579658	0	none
GCA_018120455.1	28	25	0.8928571428571429	complete	HP0521,HP0527|cagY,HP0535|cagQ	complete_rearranged	2	INV;TRA	INV:516906-556727;TRA:476313-1202653	0	none
GCA_018120465.1	28	2	0.07142857142857142	empty	HP0521,HP0523|cag4,HP0524|cag5,HP0525|virB11,HP0526|cagZ,HP0527|cagY,HP0528|cagX,HP0529|cagW,HP0530|cagV,HP0531|cagU,HP0532|cagT,HP0534|cagS,HP0535|cagQ,HP0536|cagP,HP0537|cagM,HP0538|cagN,HP0539|cagL,HP0540|cagI,HP0541,HP0542|cagG,HP0543|cagF,HP0544|cagE,HP0545|cagD,HP0546|cagC,HP0546|cagB,HP0547|cagA	empty	1	DEL	DEL:549034-587157	0	none
GCA_018120495.1	28	25	0.8928571428571429	complete	HP0521,HP0535|cagQ,HP0546|cagB	complete_collinear	0	none	none	0	none
GCA_018120515.1	28	23	0.8214285714285714	partial	HP0521,HP0527|cagY,HP0535|cagQ,HP0546|cagB,HP0547|cagA	partial	0	none	none	0	none
GCA_018120535.1	28	25	0.8928571428571429	complete	HP0521,HP0535|cagQ,HP0546|cagB	complete_rearranged	2	INV;TRA	TRA:476313-1040281;INV:516643-663386	0	none
GCA_018120555.1	28	25	0.8928571428571429	complete	HP0521,HP0535|cagQ,HP0546|cagB	complete_rearranged	1	INV	INV:516582-663447	0	none
GCA_018120575.1	28	26	0.9285714285714286	complete	HP0521,HP0535|cagQ	complete_rearranged	1	INV	INV:516643-683237	0	none
GCA_018120595.1	28	25	0.8928571428571429	complete	HP0521,HP0527|cagY,HP0535|cagQ	complete_rearranged	1	INV	INV:516627-556682	0	none
GCA_018120615.1	28	25	0.8928571428571429	complete	HP0521,HP0535|cagQ,HP0546|cagB	complete_collinear	0	none	none	0	none
GCA_018120635.1	28	25	0.8928571428571429	complete	HP0521,HP0535|cagQ,HP0546|cagB	complete_collinear	0	none	none	0	none
GCA_018120645.1	28	26	0.9285714285714286	complete	HP0521,HP0535|cagQ	complete_rearranged	1	INV	INV:516641-681313	0	none
GCA_018120695.1	28	24	0.8571428571428571	complete	HP0521,HP0535|cagQ,HP0540|cagI,HP0546|cagB	complete_rearranged	1	INV	INV:516906-559280	0	none
GCA_018121375.1	28	24	0.8571428571428571	complete	HP0521,HP0527|cagY,HP0535|cagQ,HP0546|cagB	complete_collinear	0	none	none	0	none
GCA_018121385.1	28	25	0.8928571428571429	complete	HP0521,HP0527|cagY,HP0535|cagQ	complete_collinear	0	none	none	0	none
GCA_018121435.1	28	25	0.8928571428571429	complete	HP0521,HP0535|cagQ,HP0546|cagB	complete_rearranged	2	INV	INV:559882-682785;INV:516969-559217	0	none
GCA_018121475.1	28	25	0.8928571428571429	complete	HP0521,HP0535|cagQ,HP0547|cagA	complete_rearranged	1	INV	INV:516611-663418	0	none
GCA_018121485.1	28	28	1.0	complete		complete_rearranged	1	INV	INV:545891-579658	0	none
GCA_018121495.1	28	25	0.8928571428571429	complete	HP0521,HP0535|cagQ,HP0546|cagB	complete_collinear	0	none	none	0	none
GCA_018121505.1	28	25	0.8928571428571429	complete	HP0521,HP0535|cagQ,HP0546|cagB	complete_rearranged	1	INV	INV:516675-681279	0	none
GCA_018121615.1	28	25	0.8928571428571429	complete	HP0521,HP0535|cagQ,HP0546|cagB	complete_rearranged	1	INV	INV:516627-663402	0	none
GCA_018121655.1	28	25	0.8928571428571429	complete	HP0521,HP0535|cagQ,HP0546|cagB	complete_rearranged	1	INV	INV:516633-683247	0	none
GCA_018121695.1	28	26	0.9285714285714286	complete	HP0521,HP0535|cagQ	complete_collinear	0	none	none	0	none
GCA_018121705.1	28	26	0.9285714285714286	complete	HP0521,HP0535|cagQ	complete_rearranged	1	INV	INV:516643-683237	0	none
GCA_018121715.1	28	26	0.9285714285714286	complete	HP0521,HP0535|cagQ	complete_collinear	0	none	none	0	none
GCA_018121755.1	28	28	1.0	complete		complete_rearranged	1	INV	INV:545891-579658	0	none
GCA_018121795.1	28	28	1.0	complete		complete_rearranged	1	INV	INV:545891-579658	0	none
GCA_018121815.1	28	28	1.0	complete		complete_rearranged	1	INV	INV:545891-579658	0	none
GCA_018121825.1	28	24	0.8571428571428571	complete	HP0521,HP0527|cagY,HP0535|cagQ,HP0546|cagB	complete_rearranged	3	INV	INV:559946-597462;INV:555807-559117;INV:516790-556618	0	none
GCA_018121855.1	28	25	0.8928571428571429	complete	HP0521,HP0527|cagY,HP0535|cagQ	complete_rearranged	2	INV	INV:555728-683269;INV:516906-556727	0	none
GCA_018121875.1	28	25	0.8928571428571429	complete	HP0521,HP0527|cagY,HP0535|cagQ	complete_rearranged	2	INV	INV:557456-634521;INV:516922-556711	0	none
GCA_018121915.1	28	25	0.8928571428571429	complete	HP0521,HP0535|cagQ,HP0546|cagB	complete_rearranged	3	INV;TRA	TRA:203804-930129;INV:516662-663367;TRA:476313-967853	0	none
GCA_018121935.1	28	24	0.8571428571428571	complete	HP0521,HP0527|cagY,HP0535|cagQ,HP0546|cagB	complete_rearranged	1	TRA	TRA:532473-1057561	0	none
GCA_018121955.1	28	24	0.8571428571428571	complete	HP0521,HP0527|cagY,HP0535|cagQ,HP0546|cagB	complete_rearranged	3	INV	INV:516667-556911;INV:558062-559039;INV:559965-634368	0	none
GCA_018121965.1	28	26	0.9285714285714286	complete	HP0521,HP0535|cagQ	complete_rearranged	1	INV	INV:516906-559280	0	none
GCA_018121975.1	28	25	0.8928571428571429	complete	HP0521,HP0535|cagQ,HP0546|cagB	complete_collinear	0	none	none	0	none
GCA_018122015.1	28	2	0.07142857142857142	empty	HP0521,HP0522|cag3,HP0523|cag4,HP0524|cag5,HP0525|virB11,HP0526|cagZ,HP0527|cagY,HP0528|cagX,HP0529|cagW,HP0530|cagV,HP0531|cagU,HP0532|cagT,HP0535|cagQ,HP0536|cagP,HP0537|cagM,HP0538|cagN,HP0539|cagL,HP0540|cagI,HP0541,HP0542|cagG,HP0543|cagF,HP0544|cagE,HP0545|cagD,HP0546|cagC,HP0546|cagB,HP0547|cagA	empty	1	DEL	DEL:546400-587380	0	none
GCA_018122025.1	28	25	0.8928571428571429	complete	HP0521,HP0535|cagQ,HP0546|cagB	complete_rearranged	1	INV	INV:516633-656015	0	none
GCA_018122055.1	28	23	0.8214285714285714	partial	HP0521,HP0527|cagY,HP0529|cagW,HP0535|cagQ,HP0543|cagF	partial	2	INV	INV:577016-681313;INV:499877-556915	0	none
GCA_018122065.1	28	25	0.8928571428571429	complete	HP0521,HP0535|cagQ,HP0546|cagB	complete_rearranged	1	INV	INV:516694-634368	0	none
GCA_018122095.1	28	26	0.9285714285714286	complete	HP0521,HP0535|cagQ	complete_collinear	0	none	none	0	none
GCA_018122115.1	28	25	0.8928571428571429	complete	HP0521,HP0535|cagQ,HP0546|cagB	complete_collinear	0	none	none	0	none
GCA_018122125.1	28	26	0.9285714285714286	complete	HP0521,HP0535|cagQ	complete_rearranged	1	INV	INV:516643-681311	0	none
GCA_018122145.1	28	26	0.9285714285714286	complete	HP0521,HP0535|cagQ	complete_rearranged	1	INV	INV:516643-681311	0	none
GCA_018122175.1	28	26	0.9285714285714286	complete	HP0521,HP0535|cagQ	complete_rearranged	1	INV	INV:516643-681311	0	none
GCA_018122185.1	28	26	0.9285714285714286	complete	HP0521,HP0535|cagQ	complete_rearranged	1	INV	INV:516643-681311	0	none
GCA_018122215.1	28	26	0.9285714285714286	complete	HP0521,HP0535|cagQ	complete_rearranged	1	INV	INV:516643-681311	0	none
GCA_018122225.1	28	26	0.9285714285714286	complete	HP0521,HP0535|cagQ	complete_rearranged	1	INV	INV:516643-681311	0	none
GCA_018122255.1	28	26	0.9285714285714286	complete	HP0521,HP0535|cagQ	complete_rearranged	1	INV	INV:516643-681311	0	none
GCA_018122275.1	28	25	0.8928571428571429	complete	HP0521,HP0535|cagQ,HP0546|cagB	complete_rearranged	1	INV	INV:516675-683205	0	none
GCA_019093785.1	28	3	0.10714285714285714	empty	HP0521,HP0524|cag5,HP0525|virB11,HP0526|cagZ,HP0527|cagY,HP0528|cagX,HP0529|cagW,HP0530|cagV,HP0531|cagU,HP0532|cagT,HP0534|cagS,HP0535|cagQ,HP0536|cagP,HP0537|cagM,HP0538|cagN,HP0539|cagL,HP0540|cagI,HP0541,HP0542|cagG,HP0543|cagF,HP0544|cagE,HP0545|cagD,HP0546|cagC,HP0546|cagB,HP0547|cagA	empty	1	DEL	DEL:549034-583238	0	none
GCA_019311445.1	28	0	0.0	empty	HP0520|cag1,HP0521,HP0522|cag3,HP0523|cag4,HP0524|cag5,HP0525|virB11,HP0526|cagZ,HP0527|cagY,HP0528|cagX,HP0529|cagW,HP0530|cagV,HP0531|cagU,HP0532|cagT,HP0534|cagS,HP0535|cagQ,HP0536|cagP,HP0537|cagM,HP0538|cagN,HP0539|cagL,HP0540|cagI,HP0541,HP0542|cagG,HP0543|cagF,HP0544|cagE,HP0545|cagD,HP0546|cagC,HP0546|cagB,HP0547|cagA	empty	1	DEL	DEL:536928-587157	0	none
GCA_019311485.1	28	26	0.9285714285714286	complete	HP0521,HP0535|cagQ	complete_rearranged	1	INV	INV:500834-683218	0	none
GCA_019311625.1	28	0	0.0	empty	HP0520|cag1,HP0521,HP0522|cag3,HP0523|cag4,HP0524|cag5,HP0525|virB11,HP0526|cagZ,HP0527|cagY,HP0528|cagX,HP0529|cagW,HP0530|cagV,HP0531|cagU,HP0532|cagT,HP0534|cagS,HP0535|cagQ,HP0536|cagP,HP0537|cagM,HP0538|cagN,HP0539|cagL,HP0540|cagI,HP0541,HP0542|cagG,HP0543|cagF,HP0544|cagE,HP0545|cagD,HP0546|cagC,HP0546|cagB,HP0547|cagA	empty	2	DEL;INV	INV:516718-681236;DEL:546687-587157	0	none
GCA_019671185.1	28	26	0.9285714285714286	complete	HP0527|cagY,HP0535|cagQ	complete_rearranged	1	INV	INV:559898-683253	0	none
GCA_019671245.1	28	25	0.8928571428571429	complete	HP0521,HP0535|cagQ,HP0547|cagA	complete_rearranged	1	INV	INV:483811-597472	0	none
GCA_019671385.1	28	25	0.8928571428571429	complete	HP0521,HP0535|cagQ,HP0546|cagB	complete_rearranged	1	INV	INV:516815-634247	0	none
GCA_019671445.1	28	26	0.9285714285714286	complete	HP0521,HP0535|cagQ	complete_rearranged	1	INV	INV:516662-663367	0	none
GCA_019671485.1	28	26	0.9285714285714286	complete	HP0521,HP0535|cagQ	complete_rearranged	2	INV	INV:517000-559186;INV:559914-683237	0	none
GCA_019671505.1	28	0	0.0	empty	HP0520|cag1,HP0521,HP0522|cag3,HP0523|cag4,HP0524|cag5,HP0525|virB11,HP0526|cagZ,HP0527|cagY,HP0528|cagX,HP0529|cagW,HP0530|cagV,HP0531|cagU,HP0532|cagT,HP0534|cagS,HP0535|cagQ,HP0536|cagP,HP0537|cagM,HP0538|cagN,HP0539|cagL,HP0540|cagI,HP0541,HP0542|cagG,HP0543|cagF,HP0544|cagE,HP0545|cagD,HP0546|cagC,HP0546|cagB,HP0547|cagA	empty	1	DEL	DEL:536928-587157	0	none
GCA_019671525.1	28	25	0.8928571428571429	complete	HP0521,HP0535|cagQ,HP0546|cagB	complete_rearranged	1	INV	INV:516667-682729	0	none
GCA_019671545.1	28	26	0.9285714285714286	complete	HP0521,HP0535|cagQ	complete_collinear	0	none	none	0	none
GCA_019671575.1	28	26	0.9285714285714286	complete	HP0521,HP0535|cagQ	complete_collinear	0	none	none	0	none
GCA_019671595.1	28	9	0.32142857142857145	partial	HP0521,HP0530|cagV,HP0531|cagU,HP0532|cagT,HP0534|cagS,HP0535|cagQ,HP0536|cagP,HP0537|cagM,HP0538|cagN,HP0539|cagL,HP0540|cagI,HP0541,HP0542|cagG,HP0543|cagF,HP0544|cagE,HP0545|cagD,HP0546|cagC,HP0546|cagB,HP0547|cagA	partial	1	INV	INV:582577-683205	0	none
GCA_019671605.1	28	25	0.8928571428571429	complete	HP0521,HP0535|cagQ,HP0547|cagA	complete_rearranged	2	INV;TRA	INV:545775-657277;TRA:456998-1067641	0	none
GCA_019671635.1	28	25	0.8928571428571429	complete	HP0521,HP0546|cagB,HP0547|cagA	complete_collinear	0	none	none	0	none
GCA_019671645.1	28	26	0.9285714285714286	complete	HP0521,HP0535|cagQ	complete_collinear	0	none	none	0	none
GCA_019671675.1	28	25	0.8928571428571429	complete	HP0521,HP0535|cagQ,HP0547|cagA	complete_rearranged	1	INV	INV:516633-682763	0	none
GCA_019671695.1	28	25	0.8928571428571429	complete	HP0521,HP0527|cagY,HP0535|cagQ	complete_collinear	0	none	none	0	none
GCA_019671715.1	28	26	0.9285714285714286	complete	HP0521,HP0535|cagQ	complete_rearranged	1	INV	INV:516675-682721	0	none
GCA_019671735.1	28	26	0.9285714285714286	complete	HP0521,HP0535|cagQ	complete_rearranged	1	INV	INV:516643-659506	0	none
GCA_019671745.1	28	25	0.8928571428571429	complete	HP0527|cagY,HP0528|cagX,HP0535|cagQ	complete_rearranged	2	INV	INV:516922-559264;INV:562732-683247	0	none
GCA_019671775.1	28	25	0.8928571428571429	complete	HP0521,HP0535|cagQ,HP0547|cagA	complete_rearranged	1	INV	INV:516643-683237	0	none
GCA_019671795.1	28	25	0.8928571428571429	complete	HP0521,HP0527|cagY,HP0535|cagQ	complete_rearranged	1	INV	INV:555750-683247	0	none
GCA_019671815.1	28	25	0.8928571428571429	complete	HP0521,HP0535|cagQ,HP0547|cagA	complete_rearranged	2	INV;TRA	INV:516694-683186;TRA:477038-862766	0	none
GCA_019671825.1	28	25	0.8928571428571429	complete	HP0521,HP0535|cagQ,HP0547|cagA	complete_rearranged	1	INV	INV:516643-683237	0	none
GCA_019671875.1	28	24	0.8571428571428571	complete	HP0521,HP0535|cagQ,HP0546|cagB,HP0547|cagA	complete_rearranged	2	INV;TRA	INV:531909-622529;TRA:532473-1057560	0	none
GCA_019671895.1	28	24	0.8571428571428571	complete	HP0521,HP0535|cagQ,HP0546|cagB,HP0547|cagA	complete_rearranged	3	INV;TRA	INV:499911-559434;TRA:476313-1220831;TRA:484404-1067641	0	none
GCA_019671905.1	28	26	0.9285714285714286	complete	HP0521,HP0535|cagQ	complete_rearranged	2	INV	INV:501078-559280;INV:559882-683269	0	none
GCA_019671915.1	28	25	0.8928571428571429	complete	HP0521,HP0535|cagQ,HP0546|cagB	complete_rearranged	4	INV;TRA	TRA:476313-546400;INV:516718-546940;INV:548052-663396;TRA:548677-1057560	0	none
GCA_019671955.1	28	26	0.9285714285714286	complete	HP0521,HP0535|cagQ	complete_rearranged	1	INV	INV:516718-683162	0	none
GCA_019671985.1	28	25	0.8928571428571429	complete	HP0521,HP0535|cagQ,HP0547|cagA	complete_collinear	0	none	none	0	none
GCA_019672035.1	28	0	0.0	empty	HP0520|cag1,HP0521,HP0522|cag3,HP0523|cag4,HP0524|cag5,HP0525|virB11,HP0526|cagZ,HP0527|cagY,HP0528|cagX,HP0529|cagW,HP0530|cagV,HP0531|cagU,HP0532|cagT,HP0534|cagS,HP0535|cagQ,HP0536|cagP,HP0537|cagM,HP0538|cagN,HP0539|cagL,HP0540|cagI,HP0541,HP0542|cagG,HP0543|cagF,HP0544|cagE,HP0545|cagD,HP0546|cagC,HP0546|cagB,HP0547|cagA	empty	1	DEL	DEL:546687-587157	0	none
GCA_019672395.1	28	26	0.9285714285714286	complete	HP0521,HP0535|cagQ	complete_rearranged	1	TRA	TRA:484404-1059225	0	none
GCA_019672435.1	28	26	0.9285714285714286	complete	HP0521,HP0535|cagQ	complete_rearranged	2	INV	INV:516922-559264;INV:559914-683237	0	none
GCA_019672455.1	28	26	0.9285714285714286	complete	HP0521,HP0535|cagQ	complete_rearranged	1	INV	INV:516929-559257	0	none
GCA_019672515.1	28	23	0.8214285714285714	partial	HP0521,HP0527|cagY,HP0535|cagQ,HP0546|cagB,HP0547|cagA	partial	1	INV	INV:559812-588489	0	none
GCA_019672535.1	28	24	0.8571428571428571	complete	HP0521,HP0535|cagQ,HP0546|cagB,HP0547|cagA	complete_rearranged	1	INV	INV:582513-663418	0	none
GCA_019672575.1	28	24	0.8571428571428571	complete	HP0521,HP0527|cagY,HP0535|cagQ,HP0546|cagB	complete_rearranged	1	INV	INV:557442-663502	0	none
GCA_019672655.1	28	25	0.8928571428571429	complete	HP0521,HP0527|cagY,HP0535|cagQ	complete_rearranged	1	INV	INV:516627-553828	0	none
GCA_019672685.1	28	24	0.8571428571428571	complete	HP0521,HP0527|cagY,HP0535|cagQ,HP0547|cagA	complete_rearranged	2	INV	INV:499731-556222;INV:559965-613596	0	none
GCA_019672775.1	28	0	0.0	empty	HP0520|cag1,HP0521,HP0522|cag3,HP0523|cag4,HP0524|cag5,HP0525|virB11,HP0526|cagZ,HP0527|cagY,HP0528|cagX,HP0529|cagW,HP0530|cagV,HP0531|cagU,HP0532|cagT,HP0534|cagS,HP0535|cagQ,HP0536|cagP,HP0537|cagM,HP0538|cagN,HP0539|cagL,HP0540|cagI,HP0541,HP0542|cagG,HP0543|cagF,HP0544|cagE,HP0545|cagD,HP0546|cagC,HP0546|cagB,HP0547|cagA	empty	1	DEL	DEL:546400-587157	0	none
GCA_019672875.1	28	26	0.9285714285714286	complete	HP0521,HP0535|cagQ	complete_rearranged	2	INV	INV:559965-613596;INV:516922-559264	0	none
GCA_019672895.1	28	26	0.9285714285714286	complete	HP0521,HP0527|cagY	complete_rearranged	1	INV	INV:556112-613719	0	none
GCA_019673015.1	28	26	0.9285714285714286	complete	HP0527|cagY,HP0535|cagQ	complete_rearranged	2	INV	INV:516769-557339;INV:557456-696637	0	none
GCA_019673105.1	28	25	0.8928571428571429	complete	HP0521,HP0535|cagQ,HP0546|cagB	complete_rearranged	1	INV	INV:541780-683237	0	none
GCA_019673255.1	28	24	0.8571428571428571	complete	HP0521,HP0527|cagY,HP0535|cagQ,HP0546|cagB	complete_collinear	0	none	none	0	none
GCA_019673275.1	28	27	0.9642857142857143	complete	HP0535|cagQ	complete_rearranged	1	INV	INV:546170-579379	0	none
GCA_019673335.1	28	25	0.8928571428571429	complete	HP0521,HP0535|cagQ,HP0546|cagB	complete_rearranged	1	INV	INV:516643-683237	0	none
GCA_019673355.1	28	0	0.0	empty	HP0520|cag1,HP0521,HP0522|cag3,HP0523|cag4,HP0524|cag5,HP0525|virB11,HP0526|cagZ,HP0527|cagY,HP0528|cagX,HP0529|cagW,HP0530|cagV,HP0531|cagU,HP0532|cagT,HP0534|cagS,HP0535|cagQ,HP0536|cagP,HP0537|cagM,HP0538|cagN,HP0539|cagL,HP0540|cagI,HP0541,HP0542|cagG,HP0543|cagF,HP0544|cagE,HP0545|cagD,HP0546|cagC,HP0546|cagB,HP0547|cagA	empty	3	DEL;INV;TRA	INV:516627-696551;DEL:546400-587380;TRA:476313-1250973	0	none
GCA_019673375.1	28	25	0.8928571428571429	complete	HP0521,HP0535|cagQ,HP0546|cagB	complete_rearranged	1	TRA	TRA:476313-675139	0	none
GCA_019673395.1	28	25	0.8928571428571429	complete	HP0521,HP0535|cagQ,HP0546|cagB	complete_collinear	0	none	none	0	none
GCA_019673455.1	28	25	0.8928571428571429	complete	HP0521,HP0527|cagY,HP0535|cagQ	complete_rearranged	1	INV	INV:557609-634368	0	none
GCA_019673475.1	28	25	0.8928571428571429	complete	HP0521,HP0535|cagQ,HP0547|cagA	complete_rearranged	1	INV	INV:516922-579098	0	none
GCA_019673515.1	28	0	0.0	empty	HP0520|cag1,HP0521,HP0522|cag3,HP0523|cag4,HP0524|cag5,HP0525|virB11,HP0526|cagZ,HP0527|cagY,HP0528|cagX,HP0529|cagW,HP0530|cagV,HP0531|cagU,HP0532|cagT,HP0534|cagS,HP0535|cagQ,HP0536|cagP,HP0537|cagM,HP0538|cagN,HP0539|cagL,HP0540|cagI,HP0541,HP0542|cagG,HP0543|cagF,HP0544|cagE,HP0545|cagD,HP0546|cagC,HP0546|cagB,HP0547|cagA	empty	1	DEL	DEL:546400-587157	0	none
GCA_019673525.1	28	26	0.9285714285714286	complete	HP0521,HP0535|cagQ	complete_collinear	0	none	none	0	none
GCA_019673555.1	28	26	0.9285714285714286	complete	HP0527|cagY,HP0535|cagQ	complete_rearranged	1	INV	INV:499786-557006	0	none
GCA_019673575.1	28	25	0.8928571428571429	complete	HP0521,HP0535|cagQ,HP0547|cagA	complete_rearranged	1	INV	INV:516790-578101	0	none
GCA_019673655.1	28	27	0.9642857142857143	complete	HP0535|cagQ	complete_rearranged	1	INV	INV:516675-696503	0	none
GCA_019673715.1	28	26	0.9285714285714286	complete	HP0527|cagY,HP0535|cagQ	complete_collinear	0	none	none	0	none
GCA_019673735.1	28	28	1.0	complete		complete_rearranged	1	INV	INV:516626-696552	0	none
GCA_019673955.1	28	23	0.8214285714285714	partial	HP0521,HP0527|cagY,HP0535|cagQ,HP0546|cagB,HP0547|cagA	partial	3	INS;INV	INV:516641-683239;INS:578762-583160;INS:555536-555996	0	none
GCA_019673995.1	28	26	0.9285714285714286	complete	HP0521,HP0535|cagQ	complete_rearranged	1	INV	INV:483840-597443	0	none
GCA_019674015.1	28	25	0.8928571428571429	complete	HP0521,HP0535|cagQ,HP0547|cagA	complete_rearranged	2	INV	INV:555299-646136;INV:483773-556167	0	none
GCA_019674095.1	28	26	0.9285714285714286	complete	HP0521,HP0535|cagQ	complete_rearranged	1	INV	INV:516627-683253	0	none
GCA_019674175.1	28	24	0.8571428571428571	complete	HP0521,HP0527|cagY,HP0535|cagQ,HP0546|cagB	complete_collinear	0	none	none	0	none
GCA_019674335.1	28	24	0.8571428571428571	complete	HP0521,HP0527|cagY,HP0535|cagQ,HP0546|cagB	complete_collinear	0	none	none	0	none
GCA_019674475.1	28	25	0.8928571428571429	complete	HP0521,HP0535|cagQ,HP0546|cagB	complete_rearranged	1	INV	INV:516643-681311	0	none
GCA_019674495.1	28	24	0.8571428571428571	complete	HP0521,HP0527|cagY,HP0535|cagQ,HP0546|cagB	complete_rearranged	1	INV	INV:516643-683237	0	none
GCA_019674505.1	28	24	0.8571428571428571	complete	HP0521,HP0527|cagY,HP0535|cagQ,HP0546|cagB	complete_rearranged	1	INV	INV:499786-683253	0	none
GCA_019674515.1	28	24	0.8571428571428571	complete	HP0521,HP0527|cagY,HP0535|cagQ,HP0547|cagA	complete_rearranged	1	INV	INV:483813-683213	0	none
GCA_019674555.1	28	23	0.8214285714285714	partial	HP0521,HP0527|cagY,HP0535|cagQ,HP0546|cagB,HP0547|cagA	partial	0	none	none	0	none
GCA_019674575.1	28	26	0.9285714285714286	complete	HP0527|cagY,HP0535|cagQ	complete_rearranged	1	INV	INV:516633-698301	0	none
GCA_019676035.1	28	24	0.8571428571428571	complete	HP0521,HP0527|cagY,HP0535|cagQ,HP0546|cagB	complete_rearranged	1	INV	INV:516627-556167	0	none
GCA_019676995.1	28	24	0.8571428571428571	complete	HP0521,HP0527|cagY,HP0535|cagQ,HP0547|cagA	complete_collinear	0	none	none	0	none
GCA_019677035.1	28	26	0.9285714285714286	complete	HP0521,HP0535|cagQ	complete_collinear	0	none	none	0	none
GCA_019677055.1	28	25	0.8928571428571429	complete	HP0521,HP0535|cagQ,HP0546|cagB	complete_collinear	0	none	none	0	none
GCA_022921215.1	28	25	0.8928571428571429	complete	HP0521,HP0535|cagQ,HP0536|cagP	complete_collinear	0	none	none	0	none
GCA_022921295.1	28	27	0.9642857142857143	complete	HP0521	complete_collinear	0	none	none	0	none
GCA_022921335.1	28	25	0.8928571428571429	complete	HP0521,HP0535|cagQ,HP0546|cagB	complete_rearranged	1	INV	INV:483789-683237	0	none
GCA_022921355.1	28	26	0.9285714285714286	complete	HP0521,HP0535|cagQ	complete_collinear	0	none	none	0	none
GCA_022921455.1	28	0	0.0	empty	HP0520|cag1,HP0521,HP0522|cag3,HP0523|cag4,HP0524|cag5,HP0525|virB11,HP0526|cagZ,HP0527|cagY,HP0528|cagX,HP0529|cagW,HP0530|cagV,HP0531|cagU,HP0532|cagT,HP0534|cagS,HP0535|cagQ,HP0536|cagP,HP0537|cagM,HP0538|cagN,HP0539|cagL,HP0540|cagI,HP0541,HP0542|cagG,HP0543|cagF,HP0544|cagE,HP0545|cagD,HP0546|cagC,HP0546|cagB,HP0547|cagA	empty	1	DEL	DEL:545696-583160	0	none
GCA_022921855.1	28	26	0.9285714285714286	complete	HP0521,HP0535|cagQ	complete_rearranged	1	INV	INV:483772-1026226	0	none
GCA_022921935.1	28	25	0.8928571428571429	complete	HP0521,HP0535|cagQ,HP0546|cagB	complete_rearranged	1	TRA	TRA:476313-545696	0	none
GCA_022921975.1	28	24	0.8571428571428571	complete	HP0521,HP0535|cagQ,HP0546|cagB,HP0547|cagA	complete_collinear	0	none	none	0	none
GCA_022922035.1	28	26	0.9285714285714286	complete	HP0521,HP0535|cagQ	complete_collinear	0	none	none	0	none
GCA_022922055.1	28	25	0.8928571428571429	complete	HP0521,HP0535|cagQ,HP0546|cagB	complete_rearranged	1	INV	INV:483773-1040912	0	none
GCA_022922415.1	28	24	0.8571428571428571	complete	HP0521,HP0527|cagY,HP0535|cagQ,HP0546|cagB	complete_collinear	0	none	none	0	none
GCA_022922955.1	28	26	0.9285714285714286	complete	HP0521,HP0535|cagQ	complete_rearranged	1	INV	INV:483789-683237	0	none
GCA_022922995.1	28	24	0.8571428571428571	complete	HP0521,HP0527|cagY,HP0535|cagQ,HP0547|cagA	complete_rearranged	2	TRA	TRA:476313-566642;TRA:568539-1057560	0	none
GCA_022923015.1	28	4	0.14285714285714285	empty	HP0521,HP0524|cag5,HP0525|virB11,HP0526|cagZ,HP0527|cagY,HP0528|cagX,HP0529|cagW,HP0530|cagV,HP0531|cagU,HP0532|cagT,HP0534|cagS,HP0535|cagQ,HP0536|cagP,HP0537|cagM,HP0538|cagN,HP0539|cagL,HP0540|cagI,HP0541,HP0542|cagG,HP0543|cagF,HP0544|cagE,HP0545|cagD,HP0546|cagC,HP0546|cagB	empty	2	DEL;INV	INV:483789-681311;DEL:549034-587157	0	none
GCA_022923035.1	28	25	0.8928571428571429	complete	HP0521,HP0535|cagQ,HP0546|cagB	complete_rearranged	1	INV	INV:483821-683205	0	none
GCA_022923115.1	28	25	0.8928571428571429	complete	HP0521,HP0535|cagQ,HP0546|cagB	complete_rearranged	1	TRA	TRA:476313-967853	0	none
GCA_022923135.1	28	25	0.8928571428571429	complete	HP0521,HP0535|cagQ,HP0546|cagB	complete_collinear	0	none	none	0	none
GCA_022923155.1	28	25	0.8928571428571429	complete	HP0521,HP0535|cagQ,HP0546|cagB	complete_collinear	0	none	none	0	none
GCA_022923515.1	28	24	0.8571428571428571	complete	HP0521,HP0535|cagQ,HP0546|cagB,HP0547|cagA	complete_rearranged	1	INV	INV:483811-1039850	0	none
GCA_022923575.1	28	25	0.8928571428571429	complete	HP0521,HP0535|cagQ,HP0546|cagB	complete_rearranged	1	INV	INV:483808-1040877	0	none
GCA_022923615.1	28	27	0.9642857142857143	complete	HP0521	complete_rearranged	1	TRA	TRA:461438-1067476	0	none
GCA_022923775.1	28	26	0.9285714285714286	complete	HP0521,HP0535|cagQ	complete_rearranged	2	INV;TRA	TRA:476313-655390;INV:483789-656005	0	none
GCA_022924035.1	28	25	0.8928571428571429	complete	HP0521,HP0535|cagQ,HP0546|cagB	complete_rearranged	1	INV	INV:483808-1040877	0	none
GCA_022924175.1	28	25	0.8928571428571429	complete	HP0521,HP0535|cagQ,HP0546|cagB	complete_collinear	0	none	none	0	none
GCA_022924355.1	28	26	0.9285714285714286	complete	HP0521,HP0535|cagQ	complete_collinear	0	none	none	0	none
GCA_022924475.1	28	25	0.8928571428571429	complete	HP0521,HP0535|cagQ,HP0546|cagB	complete_collinear	0	none	none	0	none
GCA_022924655.1	28	25	0.8928571428571429	complete	HP0521,HP0535|cagQ,HP0546|cagB	complete_collinear	0	none	none	0	none
GCA_022924735.1	28	26	0.9285714285714286	complete	HP0521,HP0535|cagQ	complete_collinear	0	none	none	0	none
GCA_022924875.1	28	24	0.8571428571428571	complete	HP0521,HP0535|cagQ,HP0546|cagB,HP0547|cagA	complete_collinear	0	none	none	0	none
GCA_022924995.1	28	24	0.8571428571428571	complete	HP0521,HP0535|cagQ,HP0546|cagB,HP0547|cagA	complete_collinear	0	none	none	0	none
GCA_022925175.1	28	25	0.8928571428571429	complete	HP0521,HP0535|cagQ,HP0546|cagB	complete_collinear	0	none	none	0	none
GCA_022925255.1	28	24	0.8571428571428571	complete	HP0521,HP0535|cagQ,HP0546|cagB,HP0547|cagA	complete_collinear	0	none	none	0	none
GCA_022925755.1	28	25	0.8928571428571429	complete	HP0521,HP0535|cagQ,HP0546|cagB	complete_collinear	0	none	none	0	none
GCA_022925775.1	28	26	0.9285714285714286	complete	HP0521,HP0535|cagQ	complete_rearranged	1	INV	INV:483789-683237	0	none
GCA_022925815.1	28	25	0.8928571428571429	complete	HP0521,HP0535|cagQ,HP0546|cagB	complete_rearranged	1	INV	INV:516633-683247	0	none
GCA_022925855.1	28	25	0.8928571428571429	complete	HP0521,HP0535|cagQ,HP0546|cagB	complete_collinear	0	none	none	0	none
GCA_022925875.1	28	26	0.9285714285714286	complete	HP0521,HP0535|cagQ	complete_collinear	0	none	none	0	none
GCA_022925925.1	28	26	0.9285714285714286	complete	HP0521,HP0535|cagQ	complete_rearranged	1	TRA	TRA:476313-566642	0	none
GCA_022925945.1	28	25	0.8928571428571429	complete	HP0521,HP0535|cagQ,HP0546|cagB	complete_collinear	0	none	none	0	none
GCA_022969895.1	28	26	0.9285714285714286	complete	HP0521,HP0535|cagQ	complete_collinear	0	none	none	0	none
GCA_023024715.1	28	25	0.8928571428571429	complete	HP0521,HP0535|cagQ,HP0547|cagA	complete_rearranged	1	INV	INV:483811-678579	0	none
GCA_023024815.1	28	25	0.8928571428571429	complete	HP0521,HP0535|cagQ,HP0546|cagB	complete_rearranged	1	INV	INV:516661-761691	0	none
GCA_024406245.1	28	0	0.0	empty	HP0520|cag1,HP0521,HP0522|cag3,HP0523|cag4,HP0524|cag5,HP0525|virB11,HP0526|cagZ,HP0527|cagY,HP0528|cagX,HP0529|cagW,HP0530|cagV,HP0531|cagU,HP0532|cagT,HP0534|cagS,HP0535|cagQ,HP0536|cagP,HP0537|cagM,HP0538|cagN,HP0539|cagL,HP0540|cagI,HP0541,HP0542|cagG,HP0543|cagF,HP0544|cagE,HP0545|cagD,HP0546|cagC,HP0546|cagB,HP0547|cagA	empty	1	DEL	DEL:536928-587157	0	none
GCA_024406295.1	28	0	0.0	empty	HP0520|cag1,HP0521,HP0522|cag3,HP0523|cag4,HP0524|cag5,HP0525|virB11,HP0526|cagZ,HP0527|cagY,HP0528|cagX,HP0529|cagW,HP0530|cagV,HP0531|cagU,HP0532|cagT,HP0534|cagS,HP0535|cagQ,HP0536|cagP,HP0537|cagM,HP0538|cagN,HP0539|cagL,HP0540|cagI,HP0541,HP0542|cagG,HP0543|cagF,HP0544|cagE,HP0545|cagD,HP0546|cagC,HP0546|cagB,HP0547|cagA	empty	2	DEL;INV	INV:516627-687256;DEL:546687-587157	0	none
GCA_024406305.1	28	27	0.9642857142857143	complete	HP0521	complete_rearranged	1	INV	INV:545836-579713	0	none
GCA_024406485.1	28	0	0.0	empty	HP0520|cag1,HP0521,HP0522|cag3,HP0523|cag4,HP0524|cag5,HP0525|virB11,HP0526|cagZ,HP0527|cagY,HP0528|cagX,HP0529|cagW,HP0530|cagV,HP0531|cagU,HP0532|cagT,HP0534|cagS,HP0535|cagQ,HP0536|cagP,HP0537|cagM,HP0538|cagN,HP0539|cagL,HP0540|cagI,HP0541,HP0542|cagG,HP0543|cagF,HP0544|cagE,HP0545|cagD,HP0546|cagC,HP0546|cagB,HP0547|cagA	empty	1	DEL	DEL:536928-587157	0	none
GCA_024406915.1	28	26	0.9285714285714286	complete	HP0521,HP0527|cagY	complete_rearranged	2	INV;TRA	TRA:484404-1067476;INV:516627-556167	0	none
GCA_024411815.1	28	27	0.9642857142857143	complete	HP0521	complete_rearranged	1	TRA	TRA:456998-1067476	0	none
GCA_024411855.1	28	26	0.9285714285714286	complete	HP0521,HP0546|cagB	complete_rearranged	2	INV;TRA	INV:516694-579326;TRA:484404-658891	0	none
GCA_024411875.1	28	27	0.9642857142857143	complete	HP0521	complete_rearranged	1	INV	INV:583521-622801	0	none
GCA_024411895.1	28	27	0.9642857142857143	complete	HP0521	complete_rearranged	1	INV	INV:516580-583838	0	none
GCA_024411915.1	28	0	0.0	empty	HP0520|cag1,HP0521,HP0522|cag3,HP0523|cag4,HP0524|cag5,HP0525|virB11,HP0526|cagZ,HP0527|cagY,HP0528|cagX,HP0529|cagW,HP0530|cagV,HP0531|cagU,HP0532|cagT,HP0534|cagS,HP0535|cagQ,HP0536|cagP,HP0537|cagM,HP0538|cagN,HP0539|cagL,HP0540|cagI,HP0541,HP0542|cagG,HP0543|cagF,HP0544|cagE,HP0545|cagD,HP0546|cagC,HP0546|cagB,HP0547|cagA	empty	1	DEL	DEL:536928-587157	0	none
GCA_024411935.1	28	27	0.9642857142857143	complete	HP0521	complete_rearranged	1	INV	INV:546161-579388	0	none
GCA_024411955.1	28	27	0.9642857142857143	complete	HP0535|cagQ	complete_rearranged	1	TRA	TRA:476313-1040281	0	none
GCA_024411965.1	28	27	0.9642857142857143	complete	HP0521	complete_collinear	0	none	none	0	none
GCA_024411995.1	28	28	1.0	complete		complete_collinear	0	none	none	0	none
GCA_024412005.1	28	27	0.9642857142857143	complete	HP0535|cagQ	complete_collinear	0	none	none	0	none
GCA_024412025.1	28	27	0.9642857142857143	complete	HP0535|cagQ	complete_collinear	0	none	none	0	none
GCA_024412135.1	28	27	0.9642857142857143	complete	HP0521	complete_collinear	0	none	none	0	none
GCA_024412155.1	28	27	0.9642857142857143	complete	HP0535|cagQ	complete_rearranged	1	TRA	TRA:474832-1040281	0	none
GCA_024412425.1	28	6	0.21428571428571427	partial	HP0524|cag5,HP0525|virB11,HP0526|cagZ,HP0527|cagY,HP0528|cagX,HP0529|cagW,HP0530|cagV,HP0531|cagU,HP0532|cagT,HP0534|cagS,HP0535|cagQ,HP0536|cagP,HP0537|cagM,HP0538|cagN,HP0539|cagL,HP0540|cagI,HP0541,HP0542|cagG,HP0543|cagF,HP0544|cagE,HP0545|cagD,HP0547|cagA	partial	1	DEL	DEL:536781-583917	0	none
GCA_024413815.1	28	27	0.9642857142857143	complete	HP0521	complete_collinear	0	none	none	0	none
GCA_030062565.1	28	26	0.9285714285714286	complete	HP0521,HP0527|cagY	complete_rearranged	5	INV;TRA	TRA:335801-949331;TRA:517258-1174257;INV:557609-579326;TRA:558173-1040281;TRA:546400-1056304	0	none
GCA_030062585.1	28	27	0.9642857142857143	complete	HP0521	complete_rearranged	1	INV	INV:545836-579326	0	none
GCA_030062605.1	28	27	0.9642857142857143	complete	HP0521	complete_rearranged	4	INV;TRA	TRA:517258-843732;INV:545713-579449;TRA:546400-1040281;TRA:83598-750604	0	none
GCA_030062625.1	28	27	0.9642857142857143	complete	HP0521	complete_rearranged	2	INV;TRA	TRA:335801-656652;INV:516582-657328	0	none
GCA_030062645.1	28	27	0.9642857142857143	complete	HP0521	complete_rearranged	1	TRA	TRA:517258-695920	0	none
GCA_030062665.1	28	0	0.0	empty	HP0520|cag1,HP0521,HP0522|cag3,HP0523|cag4,HP0524|cag5,HP0525|virB11,HP0526|cagZ,HP0527|cagY,HP0528|cagX,HP0529|cagW,HP0530|cagV,HP0531|cagU,HP0532|cagT,HP0534|cagS,HP0535|cagQ,HP0536|cagP,HP0537|cagM,HP0538|cagN,HP0539|cagL,HP0540|cagI,HP0541,HP0542|cagG,HP0543|cagF,HP0544|cagE,HP0545|cagD,HP0546|cagC,HP0546|cagB,HP0547|cagA	empty	2	DEL;TRA	TRA:532473-1059225;DEL:546687-587380	0	none
GCA_030062685.1	28	27	0.9642857142857143	complete	HP0521	complete_rearranged	2	INV;TRA	INV:516562-657348;TRA:444979-695920	0	none
GCA_030406585.1	28	27	0.9642857142857143	complete	HP0535|cagQ	complete_rearranged	2	INV;TRA	INV:516709-930678;TRA:331915-949380	0	none
GCA_030581095.1	28	27	0.9642857142857143	complete	HP0521	complete_collinear	0	none	none	0	none
GCA_030581115.1	28	27	0.9642857142857143	complete	HP0521	complete_collinear	0	none	none	0	none
GCA_030581175.1	28	26	0.9285714285714286	complete	HP0521,HP0527|cagY	complete_rearranged	3	INV	INV:516627-556167;INV:555420-567273;INV:567943-696516	0	none
GCA_030581205.1	28	0	0.0	empty	HP0520|cag1,HP0521,HP0522|cag3,HP0523|cag4,HP0524|cag5,HP0525|virB11,HP0526|cagZ,HP0527|cagY,HP0528|cagX,HP0529|cagW,HP0530|cagV,HP0531|cagU,HP0532|cagT,HP0534|cagS,HP0535|cagQ,HP0536|cagP,HP0537|cagM,HP0538|cagN,HP0539|cagL,HP0540|cagI,HP0541,HP0542|cagG,HP0543|cagF,HP0544|cagE,HP0545|cagD,HP0546|cagC,HP0546|cagB,HP0547|cagA	empty	2	DEL;TRA	DEL:537874-587157;TRA:456998-1067641	0	none
GCA_030581215.1	28	0	0.0	empty	HP0520|cag1,HP0521,HP0522|cag3,HP0523|cag4,HP0524|cag5,HP0525|virB11,HP0526|cagZ,HP0527|cagY,HP0528|cagX,HP0529|cagW,HP0530|cagV,HP0531|cagU,HP0532|cagT,HP0534|cagS,HP0535|cagQ,HP0536|cagP,HP0537|cagM,HP0538|cagN,HP0539|cagL,HP0540|cagI,HP0541,HP0542|cagG,HP0543|cagF,HP0544|cagE,HP0545|cagD,HP0546|cagC,HP0546|cagB,HP0547|cagA	empty	2	DEL;TRA	DEL:537874-587157;TRA:456998-1067641	0	none
GCA_035621155.1	28	26	0.9285714285714286	complete	HP0521,HP0535|cagQ	complete_collinear	0	none	none	0	none
GCA_040821695.1	28	28	1.0	complete		complete_collinear	0	none	none	0	none
GCA_040847485.1	28	26	0.9285714285714286	complete	HP0535|cagQ,HP0546|cagB	complete_rearranged	1	INV	INV:516667-634395	0	none
GCA_040848365.1	28	25	0.8928571428571429	complete	HP0521,HP0535|cagQ,HP0546|cagB	complete_rearranged	2	INV;TRA	INV:516627-657283;TRA:456998-1067641	0	none
GCA_040848625.1	28	27	0.9642857142857143	complete	HP0521	complete_rearranged	1	INV	INV:516694-696484	0	none
GCA_040848725.1	28	27	0.9642857142857143	complete	HP0546|cagB	complete_collinear	0	none	none	0	none
GCA_040849325.1	28	28	1.0	complete		complete_collinear	0	none	none	0	none
GCA_040849575.1	28	28	1.0	complete		complete_rearranged	1	INV	INV:499821-774489	0	none
GCA_040849885.1	28	0	0.0	empty	HP0520|cag1,HP0521,HP0522|cag3,HP0523|cag4,HP0524|cag5,HP0525|virB11,HP0526|cagZ,HP0527|cagY,HP0528|cagX,HP0529|cagW,HP0530|cagV,HP0531|cagU,HP0532|cagT,HP0534|cagS,HP0535|cagQ,HP0536|cagP,HP0537|cagM,HP0538|cagN,HP0539|cagL,HP0540|cagI,HP0541,HP0542|cagG,HP0543|cagF,HP0544|cagE,HP0545|cagD,HP0546|cagC,HP0546|cagB,HP0547|cagA	empty	1	DEL	DEL:536928-587157	0	none
GCA_040857565.1	28	27	0.9642857142857143	complete	HP0521	complete_rearranged	1	INV	INV:546222-565557	0	none
GCA_040857585.1	28	0	0.0	empty	HP0520|cag1,HP0521,HP0522|cag3,HP0523|cag4,HP0524|cag5,HP0525|virB11,HP0526|cagZ,HP0527|cagY,HP0528|cagX,HP0529|cagW,HP0530|cagV,HP0531|cagU,HP0532|cagT,HP0534|cagS,HP0535|cagQ,HP0536|cagP,HP0537|cagM,HP0538|cagN,HP0539|cagL,HP0540|cagI,HP0541,HP0542|cagG,HP0543|cagF,HP0544|cagE,HP0545|cagD,HP0546|cagC,HP0546|cagB,HP0547|cagA	empty	1	DEL	DEL:546687-587157	0	none
GCA_040860865.1	28	28	1.0	complete		complete_rearranged	1	INV	INV:582545-696535	0	none
GCA_040860925.1	28	27	0.9642857142857143	complete	HP0535|cagQ	complete_rearranged	2	INV;TRA	TRA:245538-1067641;INV:535662-696509	0	none
GCA_040860985.1	28	0	0.0	empty	HP0520|cag1,HP0521,HP0522|cag3,HP0523|cag4,HP0524|cag5,HP0525|virB11,HP0526|cagZ,HP0527|cagY,HP0528|cagX,HP0529|cagW,HP0530|cagV,HP0531|cagU,HP0532|cagT,HP0534|cagS,HP0535|cagQ,HP0536|cagP,HP0537|cagM,HP0538|cagN,HP0539|cagL,HP0540|cagI,HP0541,HP0542|cagG,HP0543|cagF,HP0544|cagE,HP0545|cagD,HP0546|cagC,HP0546|cagB,HP0547|cagA	empty	2	DEL;TRA	DEL:546687-587157;TRA:482594-1059225	0	none
GCA_040861005.1	28	27	0.9642857142857143	complete	HP0535|cagQ	complete_rearranged	2	INV	INV:535573-547365;INV:548447-583390	0	none
GCA_040861025.1	28	0	0.0	empty	HP0520|cag1,HP0521,HP0522|cag3,HP0523|cag4,HP0524|cag5,HP0525|virB11,HP0526|cagZ,HP0527|cagY,HP0528|cagX,HP0529|cagW,HP0530|cagV,HP0531|cagU,HP0532|cagT,HP0534|cagS,HP0535|cagQ,HP0536|cagP,HP0537|cagM,HP0538|cagN,HP0539|cagL,HP0540|cagI,HP0541,HP0542|cagG,HP0543|cagF,HP0544|cagE,HP0545|cagD,HP0546|cagC,HP0546|cagB,HP0547|cagA	empty	2	DEL;INV	DEL:546687-587157;INV:531777-547383	0	none
GCA_040861065.1	28	28	1.0	complete		complete_rearranged	1	INV	INV:499786-696551	0	none
GCA_040861105.1	28	28	1.0	complete		complete_rearranged	1	INV	INV:500841-982646	0	none
GCA_040861125.1	28	27	0.9642857142857143	complete	HP0546|cagB	complete_rearranged	1	INV	INV:516669-696509	0	none
GCA_040861145.1	28	28	1.0	complete		complete_collinear	0	none	none	0	none
GCA_040861165.1	28	27	0.9642857142857143	complete	HP0535|cagQ	complete_rearranged	1	INV	INV:535620-696551	0	none
GCA_040861185.1	28	27	0.9642857142857143	complete	HP0535|cagQ	complete_collinear	0	none	none	0	none
GCA_040861205.1	28	1	0.03571428571428571	empty	HP0520|cag1,HP0521,HP0522|cag3,HP0523|cag4,HP0524|cag5,HP0525|virB11,HP0526|cagZ,HP0527|cagY,HP0528|cagX,HP0529|cagW,HP0530|cagV,HP0531|cagU,HP0532|cagT,HP0534|cagS,HP0535|cagQ,HP0536|cagP,HP0537|cagM,HP0538|cagN,HP0539|cagL,HP0540|cagI,HP0541,HP0542|cagG,HP0543|cagF,HP0544|cagE,HP0545|cagD,HP0546|cagC,HP0546|cagB	empty	1	DEL	DEL:545696-580461	0	none
GCA_040861225.1	28	27	0.9642857142857143	complete	HP0535|cagQ	complete_rearranged	1	TRA	TRA:248003-1067641	0	none
GCA_040861245.1	28	27	0.9642857142857143	complete	HP0535|cagQ	complete_rearranged	2	INV;TRA	TRA:247340-1067641;INV:535496-546451	0	none
GCA_040861285.1	28	28	1.0	complete		complete_rearranged	1	INV	INV:516643-774508	0	none
GCA_040861305.1	28	2	0.07142857142857142	empty	HP0521,HP0523|cag4,HP0524|cag5,HP0525|virB11,HP0526|cagZ,HP0527|cagY,HP0528|cagX,HP0529|cagW,HP0530|cagV,HP0531|cagU,HP0532|cagT,HP0534|cagS,HP0535|cagQ,HP0536|cagP,HP0537|cagM,HP0538|cagN,HP0539|cagL,HP0540|cagI,HP0541,HP0542|cagG,HP0543|cagF,HP0544|cagE,HP0545|cagD,HP0546|cagC,HP0546|cagB,HP0547|cagA	empty	2	DEL;INV	INV:516717-775100;DEL:549034-583160	0	none
GCA_040861325.1	28	28	1.0	complete		complete_rearranged	1	INV	INV:582564-696516	0	none
GCA_040861345.1	28	0	0.0	empty	HP0520|cag1,HP0521,HP0522|cag3,HP0523|cag4,HP0524|cag5,HP0525|virB11,HP0526|cagZ,HP0527|cagY,HP0528|cagX,HP0529|cagW,HP0530|cagV,HP0531|cagU,HP0532|cagT,HP0534|cagS,HP0535|cagQ,HP0536|cagP,HP0537|cagM,HP0538|cagN,HP0539|cagL,HP0540|cagI,HP0541,HP0542|cagG,HP0543|cagF,HP0544|cagE,HP0545|cagD,HP0546|cagC,HP0546|cagB,HP0547|cagA	empty	2	DEL;TRA	DEL:545696-583917;TRA:456998-1067641	0	none
GCA_040861365.1	28	27	0.9642857142857143	complete	HP0521	complete_rearranged	1	INV	INV:565783-696535	0	none
GCA_040861385.1	28	28	1.0	complete		complete_collinear	0	none	none	0	none
GCA_040861405.1	28	26	0.9285714285714286	complete	HP0535|cagQ,HP0546|cagB	complete_rearranged	1	TRA	TRA:270032-1059225	0	none
GCA_040861445.1	28	27	0.9642857142857143	complete	HP0521	complete_rearranged	1	INV	INV:516633-696545	0	none
GCA_040861455.1	28	7	0.25	partial	HP0527|cagY,HP0528|cagX,HP0529|cagW,HP0530|cagV,HP0531|cagU,HP0532|cagT,HP0534|cagS,HP0535|cagQ,HP0536|cagP,HP0537|cagM,HP0538|cagN,HP0539|cagL,HP0540|cagI,HP0541,HP0542|cagG,HP0543|cagF,HP0544|cagE,HP0545|cagD,HP0546|cagC,HP0546|cagB,HP0547|cagA	partial	1	DEL	DEL:553197-583160	0	none
GCA_040861505.1	28	27	0.9642857142857143	complete	HP0535|cagQ	complete_rearranged	2	INV;TRA	INV:582619-696461;TRA:427870-1067476	0	none
GCA_040861525.1	28	28	1.0	complete		complete_rearranged	1	INV	INV:516694-696484	0	none
GCA_040861565.1	28	27	0.9642857142857143	complete	HP0546|cagB	complete_rearranged	1	INV	INV:565802-761690	0	none
GCA_040861585.1	28	27	0.9642857142857143	complete	HP0527|cagY	complete_rearranged	1	TRA	TRA:482594-1059225	0	none
GCA_040861605.1	28	27	0.9642857142857143	complete	HP0521	complete_rearranged	3	INV;TRA	TRA:456998-1067476;INV:583732-696545;INV:546445-579004	0	none
GCA_040861645.1	28	0	0.0	empty	HP0520|cag1,HP0521,HP0522|cag3,HP0523|cag4,HP0524|cag5,HP0525|virB11,HP0526|cagZ,HP0527|cagY,HP0528|cagX,HP0529|cagW,HP0530|cagV,HP0531|cagU,HP0532|cagT,HP0534|cagS,HP0535|cagQ,HP0536|cagP,HP0537|cagM,HP0538|cagN,HP0539|cagL,HP0540|cagI,HP0541,HP0542|cagG,HP0543|cagF,HP0544|cagE,HP0545|cagD,HP0546|cagC,HP0546|cagB,HP0547|cagA	empty	2	DEL;INV	INV:516633-696545;DEL:546687-587157	0	none
GCA_040861665.1	28	0	0.0	empty	HP0520|cag1,HP0521,HP0522|cag3,HP0523|cag4,HP0524|cag5,HP0525|virB11,HP0526|cagZ,HP0527|cagY,HP0528|cagX,HP0529|cagW,HP0530|cagV,HP0531|cagU,HP0532|cagT,HP0534|cagS,HP0535|cagQ,HP0536|cagP,HP0537|cagM,HP0538|cagN,HP0539|cagL,HP0540|cagI,HP0541,HP0542|cagG,HP0543|cagF,HP0544|cagE,HP0545|cagD,HP0546|cagC,HP0546|cagB,HP0547|cagA	empty	2	DEL;TRA	TRA:461943-1067476;DEL:546687-587157	0	none
GCA_040861685.1	28	28	1.0	complete		complete_rearranged	2	INV	INV:545713-566066;INV:567908-696551	0	none
GCA_040861705.1	28	28	1.0	complete		complete_collinear	0	none	none	0	none
GCA_040861725.1	28	28	1.0	complete		complete_collinear	0	none	none	0	none
GCA_040861765.1	28	0	0.0	empty	HP0520|cag1,HP0521,HP0522|cag3,HP0523|cag4,HP0524|cag5,HP0525|virB11,HP0526|cagZ,HP0527|cagY,HP0528|cagX,HP0529|cagW,HP0530|cagV,HP0531|cagU,HP0532|cagT,HP0534|cagS,HP0535|cagQ,HP0536|cagP,HP0537|cagM,HP0538|cagN,HP0539|cagL,HP0540|cagI,HP0541,HP0542|cagG,HP0543|cagF,HP0544|cagE,HP0545|cagD,HP0546|cagC,HP0546|cagB,HP0547|cagA	empty	1	DEL	DEL:545696-583917	0	none
GCA_040861785.1	28	1	0.03571428571428571	empty	HP0520|cag1,HP0521,HP0522|cag3,HP0523|cag4,HP0524|cag5,HP0525|virB11,HP0526|cagZ,HP0527|cagY,HP0528|cagX,HP0529|cagW,HP0530|cagV,HP0531|cagU,HP0532|cagT,HP0534|cagS,HP0535|cagQ,HP0536|cagP,HP0537|cagM,HP0538|cagN,HP0539|cagL,HP0540|cagI,HP0541,HP0542|cagG,HP0543|cagF,HP0544|cagE,HP0545|cagD,HP0546|cagC,HP0546|cagB	empty	1	DEL	DEL:545696-580461	0	none
GCA_040861805.1	28	27	0.9642857142857143	complete	HP0521	complete_rearranged	2	INV	INV:567950-696509;INV:546188-565591	0	none
GCA_040861825.1	28	0	0.0	empty	HP0520|cag1,HP0521,HP0522|cag3,HP0523|cag4,HP0524|cag5,HP0525|virB11,HP0526|cagZ,HP0527|cagY,HP0528|cagX,HP0529|cagW,HP0530|cagV,HP0531|cagU,HP0532|cagT,HP0534|cagS,HP0535|cagQ,HP0536|cagP,HP0537|cagM,HP0538|cagN,HP0539|cagL,HP0540|cagI,HP0541,HP0542|cagG,HP0543|cagF,HP0544|cagE,HP0545|cagD,HP0546|cagC,HP0546|cagB,HP0547|cagA	empty	2	DEL;TRA	TRA:461943-1067641;DEL:546687-587157	0	none
GCA_040861845.1	28	28	1.0	complete		complete_collinear	0	none	none	0	none
GCA_040861865.1	28	27	0.9642857142857143	complete	HP0521	complete_rearranged	1	TRA	TRA:476407-1219037	0	none
GCA_040861875.1	28	4	0.14285714285714285	empty	HP0524|cag5,HP0525|virB11,HP0526|cagZ,HP0527|cagY,HP0528|cagX,HP0529|cagW,HP0530|cagV,HP0531|cagU,HP0532|cagT,HP0534|cagS,HP0535|cagQ,HP0536|cagP,HP0537|cagM,HP0538|cagN,HP0539|cagL,HP0540|cagI,HP0541,HP0542|cagG,HP0543|cagF,HP0544|cagE,HP0545|cagD,HP0546|cagC,HP0546|cagB,HP0547|cagA	empty	2	DEL;INV	INV:516626-696552;DEL:549034-583238	0	none
GCA_040861945.1	28	27	0.9642857142857143	complete	HP0535|cagQ	complete_rearranged	1	INV	INV:535662-696509	0	none
GCA_040861965.1	28	27	0.9642857142857143	complete	HP0521	complete_rearranged	2	INV	INV:583321-696516;INV:546170-579379	0	none
GCA_040861985.1	28	27	0.9642857142857143	complete	HP0546|cagB	complete_collinear	0	none	none	0	none
GCA_040862005.1	28	28	1.0	complete		complete_rearranged	1	INV	INV:568239-696516	0	none
GCA_040862065.1	28	26	0.9285714285714286	complete	HP0521,HP0546|cagB	complete_rearranged	1	INV	INV:516694-696484	0	none
GCA_040862085.1	28	27	0.9642857142857143	complete	HP0521	complete_rearranged	1	INV	INV:546188-579361	0	none
GCA_040862115.1	28	0	0.0	empty	HP0520|cag1,HP0521,HP0522|cag3,HP0523|cag4,HP0524|cag5,HP0525|virB11,HP0526|cagZ,HP0527|cagY,HP0528|cagX,HP0529|cagW,HP0530|cagV,HP0531|cagU,HP0532|cagT,HP0534|cagS,HP0535|cagQ,HP0536|cagP,HP0537|cagM,HP0538|cagN,HP0539|cagL,HP0540|cagI,HP0541,HP0542|cagG,HP0543|cagF,HP0544|cagE,HP0545|cagD,HP0546|cagC,HP0546|cagB,HP0547|cagA	empty	2	DEL;INV	INV:516633-696545;DEL:546687-587157	0	none
GCA_040862165.1	28	28	1.0	complete		complete_rearranged	3	INV;TRA	INV:582535-696545;TRA:476313-968719;TRA:456998-1067641	0	none
GCA_040862185.1	28	0	0.0	empty	HP0520|cag1,HP0521,HP0522|cag3,HP0523|cag4,HP0524|cag5,HP0525|virB11,HP0526|cagZ,HP0527|cagY,HP0528|cagX,HP0529|cagW,HP0530|cagV,HP0531|cagU,HP0532|cagT,HP0534|cagS,HP0535|cagQ,HP0536|cagP,HP0537|cagM,HP0538|cagN,HP0539|cagL,HP0540|cagI,HP0541,HP0542|cagG,HP0543|cagF,HP0544|cagE,HP0545|cagD,HP0546|cagC,HP0546|cagB,HP0547|cagA	empty	2	DEL;TRA	DEL:536928-587157;TRA:476313-787501	0	none
GCA_040862205.1	28	0	0.0	empty	HP0520|cag1,HP0521,HP0522|cag3,HP0523|cag4,HP0524|cag5,HP0525|virB11,HP0526|cagZ,HP0527|cagY,HP0528|cagX,HP0529|cagW,HP0530|cagV,HP0531|cagU,HP0532|cagT,HP0534|cagS,HP0535|cagQ,HP0536|cagP,HP0537|cagM,HP0538|cagN,HP0539|cagL,HP0540|cagI,HP0541,HP0542|cagG,HP0543|cagF,HP0544|cagE,HP0545|cagD,HP0546|cagC,HP0546|cagB,HP0547|cagA	empty	2	DEL;TRA	DEL:546687-587157;TRA:532473-635538	0	none
GCA_040862225.1	28	26	0.9285714285714286	complete	HP0535|cagQ,HP0547|cagA	complete_collinear	0	none	none	0	none
GCA_040862245.1	28	26	0.9285714285714286	complete	HP0521,HP0535|cagQ	complete_rearranged	1	INV	INV:541764-583869	0	none
GCA_040862265.1	28	26	0.9285714285714286	complete	HP0521,HP0535|cagQ	complete_rearranged	1	TRA	TRA:474832-1044689	0	none
GCA_040862285.1	28	27	0.9642857142857143	complete	HP0535|cagQ	complete_collinear	0	none	none	0	none
GCA_040862305.1	28	27	0.9642857142857143	complete	HP0535|cagQ	complete_collinear	0	none	none	0	none
GCA_040862325.1	28	27	0.9642857142857143	complete	HP0546|cagB	complete_collinear	0	none	none	0	none
GCA_040862365.1	28	27	0.9642857142857143	complete	HP0521	complete_collinear	0	none	none	0	none
GCA_040862385.1	28	0	0.0	empty	HP0520|cag1,HP0521,HP0522|cag3,HP0523|cag4,HP0524|cag5,HP0525|virB11,HP0526|cagZ,HP0527|cagY,HP0528|cagX,HP0529|cagW,HP0530|cagV,HP0531|cagU,HP0532|cagT,HP0534|cagS,HP0535|cagQ,HP0536|cagP,HP0537|cagM,HP0538|cagN,HP0539|cagL,HP0540|cagI,HP0541,HP0542|cagG,HP0543|cagF,HP0544|cagE,HP0545|cagD,HP0546|cagC,HP0546|cagB,HP0547|cagA	empty	2	DEL;INV	INV:516643-696535;DEL:546687-587380	0	none
GCA_040862445.1	28	28	1.0	complete		complete_collinear	0	none	none	0	none
GCA_040862485.1	28	0	0.0	empty	HP0520|cag1,HP0521,HP0522|cag3,HP0523|cag4,HP0524|cag5,HP0525|virB11,HP0526|cagZ,HP0527|cagY,HP0528|cagX,HP0529|cagW,HP0530|cagV,HP0531|cagU,HP0532|cagT,HP0534|cagS,HP0535|cagQ,HP0536|cagP,HP0537|cagM,HP0538|cagN,HP0539|cagL,HP0540|cagI,HP0541,HP0542|cagG,HP0543|cagF,HP0544|cagE,HP0545|cagD,HP0546|cagC,HP0546|cagB,HP0547|cagA	empty	1	DEL	DEL:536928-587157	0	none
GCA_040862505.1	28	2	0.07142857142857142	empty	HP0521,HP0522|cag3,HP0523|cag4,HP0524|cag5,HP0525|virB11,HP0526|cagZ,HP0527|cagY,HP0528|cagX,HP0529|cagW,HP0530|cagV,HP0531|cagU,HP0532|cagT,HP0534|cagS,HP0535|cagQ,HP0536|cagP,HP0537|cagM,HP0538|cagN,HP0539|cagL,HP0540|cagI,HP0541,HP0542|cagG,HP0543|cagF,HP0544|cagE,HP0545|cagD,HP0546|cagC,HP0546|cagB	empty	2	DEL;TRA	DEL:546687-580461;TRA:456998-1067641	0	none
GCA_040862525.1	28	27	0.9642857142857143	complete	HP0521	complete_collinear	0	none	none	0	none
GCA_040862565.1	28	28	1.0	complete		complete_collinear	0	none	none	0	none
GCA_040862585.1	28	27	0.9642857142857143	complete	HP0535|cagQ	complete_collinear	0	none	none	0	none
GCA_040862605.1	28	0	0.0	empty	HP0520|cag1,HP0521,HP0522|cag3,HP0523|cag4,HP0524|cag5,HP0525|virB11,HP0526|cagZ,HP0527|cagY,HP0528|cagX,HP0529|cagW,HP0530|cagV,HP0531|cagU,HP0532|cagT,HP0534|cagS,HP0535|cagQ,HP0536|cagP,HP0537|cagM,HP0538|cagN,HP0539|cagL,HP0540|cagI,HP0541,HP0542|cagG,HP0543|cagF,HP0544|cagE,HP0545|cagD,HP0546|cagC,HP0546|cagB,HP0547|cagA	empty	2	DEL;INV	DEL:546687-587157;INV:516718-547227	0	none
GCA_047532155.1	28	24	0.8571428571428571	complete	HP0521,HP0527|cagY,HP0535|cagQ,HP0546|cagB	complete_collinear	0	none	none	0	none
GCA_052426765.1	28	7	0.25	partial	HP0520|cag1,HP0527|cagY,HP0528|cagX,HP0529|cagW,HP0530|cagV,HP0531|cagU,HP0532|cagT,HP0534|cagS,HP0535|cagQ,HP0536|cagP,HP0537|cagM,HP0538|cagN,HP0539|cagL,HP0540|cagI,HP0541,HP0542|cagG,HP0543|cagF,HP0544|cagE,HP0545|cagD,HP0546|cagC,HP0546|cagB	partial	1	DEL	DEL:556150-580461	0	none
