GCA_000432135.1__GCA_902796245.1	560	459	232	0.178891	ok
GCA_000437315.1__GCA_002439555.1	204	167	101	0.177340	ok
GCA_001311545.1__GCA_002355995.1	852	591	425	0.305523	ok
GCA_001512485.1__GCA_012516065.1	385	331	177	0.138021	ok
GCA_001579015.1__GCA_905221035.1	202	143	121	0.288557	ok
GCA_001579035.1__GCA_905221545.1	142	104	79	0.262411	ok
GCA_001602925.1__GCA_013334655.1	281	213	165	0.239286	ok
GCA_001629235.1__GCA_902573085.1	114	96	52	0.150442	ok
GCA_001724985.1__GCA_017991675.1	280	209	144	0.250896	ok
GCA_001800975.1__GCA_010906935.1	418	343	210	0.177458	ok
GCA_001829005.1__GCA_017996795.1	257	245	150	0.042969	ok
GCA_001897425.1__GCA_017848755.1	341	300	174	0.117647	ok
GCA_001898485.1__GCA_017998385.1	515	475	261	0.075875	ok
GCA_002050295.1__GCA_013285425.1	297	203	155	0.314189	ok
GCA_002292365.1__GCA_905182375.1	83	64	50	0.219512	ok
GCA_002310235.1__GCA_902790405.1	328	287	161	0.122324	ok
GCA_002314055.1__GCA_002298545.1	385	317	185	0.174479	ok
GCA_002393575.1__GCA_902798705.1	321	265	148	0.171875	ok
GCA_002423895.1__GCA_002399565.1	152	125	87	0.172185	ok
GCA_002440665.1__GCA_013363835.1	171	126	96	0.258824	ok
GCA_002457735.1__GCA_902602415.1	46	37	26	0.177778	ok
GCA_002479075.1__GCA_002405565.1	252	206	132	0.179283	ok
GCA_002483145.1__GCA_903858205.1	567	474	295	0.162544	ok
GCA_002498985.1__GCA_002495525.1	120	99	60	0.168067	ok
GCA_002685315.1__GCA_002497245.1	104	85	40	0.174757	ok
GCA_002700095.1__GCF_017353515.1	529	399	272	0.244318	ok
GCA_002702985.1__GCA_002502625.1	139	124	60	0.101449	ok
GCA_002708015.1__GCA_002702985.1	99	91	42	0.071429	ok
GCA_002710085.1__GCA_014239355.1	81	71	35	0.112500	ok
GCA_002722135.1__GCA_002694585.1	106	100	59	0.047619	ok
GCA_002723045.1__GCA_002457155.1	44	37	22	0.139535	ok
GCA_002728335.1__GCA_902609025.1	59	47	32	0.189655	ok
GCA_002729755.1__GCA_902586435.1	63	47	38	0.241935	ok
GCA_002730445.1__GCA_002723045.1	41	35	20	0.125000	ok
GCA_002730675.1__GCA_902589475.1	149	119	65	0.195946	ok
GCA_002737445.1__GCA_013140415.1	216	192	119	0.106977	ok
GCA_002786355.1__GCA_002281875.1	136	112	77	0.170370	ok
GCA_002796985.1__GCF_000955805.1	129	90	81	0.296875	ok
GCA_002842695.1__GCA_002842655.1	212	189	101	0.104265	ok
GCA_002862705.1__GCA_002862645.1	77	61	50	0.197368	ok
GCA_002863145.1__GCA_002683345.1	223	185	98	0.166667	ok
GCA_002869885.2__GCA_016200355.1	523	404	282	0.226054	ok
GCA_003133405.1__GCA_003131665.1	230	188	121	0.179039	ok
GCA_003141615.1__GCA_003139775.1	918	718	453	0.217012	ok
GCA_003151115.1__GCA_013036105.1	61	47	38	0.216667	ok
GCA_003209375.1__GCA_902572915.1	98	86	49	0.113402	ok
GCA_003209475.1__GCA_902550485.1	54	48	31	0.094340	ok
GCA_003209565.1__GCA_902621675.1	78	68	44	0.116883	ok
GCA_003210155.1__GCA_902574405.1	90	75	50	0.157303	ok
GCA_003210775.1__GCA_002687115.1	186	153	81	0.172973	ok
GCA_003210775.1__GCF_014279975.1	230	174	107	0.240175	ok
GCA_003210825.1__GCA_003282425.1	62	49	35	0.196721	ok
GCA_003211315.1__GCA_003209055.1	101	86	48	0.140000	ok
GCA_003211835.1__GCA_902524795.1	47	41	23	0.108696	ok
GCA_003212055.1__GCA_902572915.1	87	70	42	0.186047	ok
GCA_003212375.1__GCA_902594875.1	56	46	28	0.163636	ok
GCA_003213275.1__GCF_017695975.1	80	55	47	0.303797	ok
GCA_003213355.1__GCA_003277985.1	117	97	51	0.163793	ok
GCA_003213955.1__GCA_003281455.1	51	45	30	0.100000	ok
GCA_003214695.1__GCA_003279445.1	85	74	51	0.119048	ok
GCA_003216175.1__GCA_003284445.1	105	78	54	0.250000	ok
GCA_003216235.1__GCA_902601235.1	63	54	30	0.129032	ok
GCA_003216535.1__GCA_902583265.1	46	37	31	0.177778	ok
GCA_003216725.1__GCA_000634515.1	135	73	58	0.455224	ok
GCA_003216725.1__GCA_902572075.1	69	56	36	0.176471	ok
GCA_003216815.1__GCA_003284445.1	115	93	64	0.184211	ok
GCA_003216835.1__GCF_000759955.1	66	50	40	0.230769	ok
GCA_003222055.1__GCA_003220855.1	488	425	231	0.127310	ok
GCA_003241385.1__GCA_002483055.1	427	386	210	0.093897	ok
GCA_003243515.1__GCF_016889405.1	93	71	49	0.228261	ok
GCA_003248755.1__GCA_002345565.1	363	269	185	0.256906	ok
GCA_003249105.1__GCF_014695775.1	662	496	318	0.249622	ok
GCA_003252055.1__GCF_004319545.1	664	485	317	0.268477	ok
GCA_003278065.1__GCA_902594235.1	54	38	31	0.283019	ok
GCA_003278875.1__GCA_003281625.1	77	60	46	0.210526	ok
GCA_003279455.1__GCA_003284445.1	95	70	54	0.255319	ok
GCA_003279585.1__GCA_003280265.1	81	70	44	0.125000	ok
GCA_003279605.1__GCA_902561325.1	30	29	24	0.000000	ok
GCA_003279635.1__GCA_003284445.1	103	90	50	0.117647	ok
GCA_003279775.1__GCA_902533445.1	88	63	54	0.275862	ok
GCA_003279845.1__GCF_001180305.1	74	46	38	0.369863	ok
GCA_003280515.1__GCA_003280935.1	92	80	48	0.120879	ok
GCA_003280885.1__GCA_003279115.1	73	62	43	0.138889	ok
GCA_003281405.1__GCF_000760115.1	47	36	22	0.217391	ok
GCA_003281605.1__GCA_902536555.1	45	39	31	0.113636	ok
GCA_003282975.1__GCA_902515485.1	57	49	36	0.125000	ok
GCA_003283025.1__GCA_003284275.1	64	49	34	0.222222	ok
GCA_003283875.1__GCA_902514865.1	96	81	49	0.147368	ok
GCA_003284215.1__GCA_902513515.1	71	54	44	0.228571	ok
GCA_003343845.1__GCA_900761025.1	300	268	134	0.103679	ok
GCA_003485955.1__GCA_903929325.1	305	258	147	0.151316	ok
GCA_003522945.1__GCA_002404605.1	306	242	147	0.206557	ok
GCA_003611875.1__GCA_910586205.1	330	258	167	0.215805	ok
GCA_003702495.1__GCF_006740685.1	121	84	68	0.300000	ok
GCA_003963005.1__GCF_001425165.1	561	409	278	0.269643	ok
GCA_004017275.1__GCF_000185905.1	223	155	127	0.301802	ok
GCA_004020315.1__GCF_003952365.1	269	195	139	0.272388	ok
GCA_004020645.1__GCF_000359125.1	528	403	271	0.235294	ok
GCA_004116725.1__GCA_004116495.1	146	114	73	0.213793	ok
GCA_004173515.1__GCF_014930455.1	1484	1088	768	0.266352	ok
GCA_004212735.1__GCA_902547925.1	93	77	46	0.163043	ok
GCA_004283175.1__GCF_001467695.1	252	179	156	0.286853	ok
GCA_004296955.1__GCA_013912005.1	274	220	138	0.194139	ok
GCA_004296955.1__GCF_900116065.1	259	194	125	0.248062	ok
GCA_004297665.1__GCA_016234975.1	437	360	169	0.174312	ok
GCA_004297725.1__GCA_016704445.1	773	593	392	0.231865	ok
GCA_004298295.1__GCA_001771975.1	401	318	166	0.205000	ok
GCA_004525465.1__GCA_018897435.1	356	284	159	0.200000	ok
GCA_004557075.1__GCA_900760205.1	242	213	109	0.116183	ok
GCA_004791255.1__GCA_004020645.1	500	368	279	0.262525	ok
GCA_004963905.1__GCF_900199455.1	885	656	455	0.257919	ok
GCA_005116895.1__GCA_015903995.1	172	122	105	0.286550	ok
GCA_005502875.1__GCA_001770725.1	166	126	91	0.236364	ok
GCA_005503055.1__GCF_016613475.2	168	109	120	0.347305	ok
GCA_005503065.1__GCF_901875635.1	354	291	167	0.175637	ok
GCA_005786775.1__GCA_002304435.1	288	227	143	0.209059	ok
GCA_005800655.1__GCA_009693715.1	195	179	87	0.077320	ok
GCA_005801025.1__GCA_009694465.1	256	206	121	0.192157	ok
GCA_005843825.1__GCA_903851385.1	187	148	87	0.204301	ok
GCA_005862225.1__GCA_903843305.1	209	154	123	0.259615	ok
GCA_007116915.1__GCA_003557905.1	134	117	58	0.120301	ok
GCA_007130455.1__GCF_018132105.1	230	170	105	0.257642	ok
GCA_007280515.1__GCA_013205585.1	281	262	146	0.064286	ok
GCA_007280515.1__GCA_903854725.1	170	147	85	0.130178	ok
GCA_007692495.1__GCA_003560495.1	593	461	253	0.221284	ok
GCA_007845165.1__GCA_013332955.2	103	85	52	0.166667	ok
GCA_008868125.1__GCF_000956525.1	146	81	119	0.441379	ok
GCA_008932955.1__GCA_008932935.1	563	433	253	0.229537	ok
GCA_008933825.1__GCA_017347485.1	194	145	112	0.248705	ok
GCA_009360345.1__GCF_004216695.1	356	249	211	0.298592	ok
GCA_009379865.1__GCF_000802205.1	456	333	247	0.268132	ok
GCA_009392275.1__GCA_002699485.1	64	58	30	0.079365	ok
GCA_009691525.1__GCA_016187725.1	530	421	274	0.204159	ok
GCA_009691685.1__GCA_903840235.1	263	248	115	0.053435	ok
GCA_009702045.1__GCA_903919215.1	581	543	277	0.063793	ok
GCA_009712635.1__GCA_015057705.1	85	63	56	0.250000	ok
GCA_009774215.1__GCA_910579505.1	330	250	169	0.240122	ok
GCA_009838385.1__GCA_009839725.1	426	340	204	0.200000	ok
GCA_009917805.1__GCA_002293125.1	518	397	245	0.232108	ok
GCA_009923995.1__GCF_001865675.1	204	154	99	0.241379	ok
GCA_009924455.1__GCA_903861575.1	508	420	223	0.171598	ok
GCA_009927565.1__GCA_014190055.1	516	429	198	0.166990	ok
GCA_010029775.1__GCA_903885195.1	480	374	247	0.219207	ok
GCA_011064875.1__GCA_011065045.1	326	268	141	0.175385	ok
GCA_011330945.1__GCA_004323595.1	75	49	46	0.337838	ok
GCA_011362275.1__GCA_011364155.1	175	162	83	0.068966	ok
GCA_011390335.1__GCA_011390695.1	497	423	219	0.147177	ok
GCA_011523835.1__GCF_000153285.1	205	158	98	0.225490	ok
GCA_011620045.1__GCF_003228205.1	374	295	163	0.209115	ok
GCA_011620825.1__GCA_002498365.1	152	117	59	0.225166	ok
GCA_012396115.1__GCA_000258595.1	855	675	404	0.209602	ok
GCA_012519355.1__GCA_012728125.1	352	305	148	0.131054	ok
GCA_012522075.1__GCA_012841735.1	518	423	209	0.181818	ok
GCA_012960505.1__GCA_902591645.1	213	180	112	0.150943	ok
GCA_013202495.1__GCA_018673925.1	286	225	141	0.210526	ok
GCA_013333515.2__GCA_905372225.1	253	184	110	0.269841	ok
GCA_013334395.1__GCA_903843705.1	638	530	297	0.167975	ok
GCA_013334395.1__GCA_903937385.1	410	305	198	0.254279	ok
GCA_013390765.1__GCA_000402075.1	95	76	52	0.191489	ok
GCA_013824685.1__GCF_003570995.1	141	110	77	0.214286	ok
GCA_014240365.1__GCA_012961035.1	335	277	159	0.170659	ok
GCA_014338005.1__GCA_013388735.1	673	555	314	0.174107	ok
GCA_014381795.1__GCA_018645085.1	523	424	226	0.187739	ok
GCA_014804355.1__GCA_014804365.1	246	200	115	0.183673	ok
GCA_014804565.1__GCA_014804615.1	189	137	101	0.271277	ok
GCA_015056565.1__GCA_015056625.1	131	106	72	0.184615	ok
GCA_015057705.1__GCA_015057715.1	340	304	156	0.103245	ok
GCA_015059805.1__GCA_017938765.1	267	182	140	0.315789	ok
GCA_015060115.1__GCA_017628735.1	338	272	143	0.192878	ok
GCA_015062935.1__GCA_902764455.1	230	179	108	0.218341	ok
GCA_015064185.1__GCA_017505785.1	110	87	45	0.201835	ok
GCA_015067885.1__GCA_017416685.1	142	116	61	0.177305	ok
GCA_015071005.1__GCA_017462825.1	49	44	27	0.083333	ok
GCA_015523135.1__GCF_000025665.1	210	147	109	0.296651	ok
GCA_015657395.1__GCA_002425765.1	122	86	75	0.289256	ok
GCA_016125555.1__GCA_903934325.1	86	71	42	0.164706	ok
GCA_016291085.1__GCA_902764705.1	310	231	161	0.252427	ok
GCA_016649795.1__GCA_012727735.1	490	392	226	0.198364	ok
GCA_016714815.1__GCA_016719485.1	360	258	227	0.281337	ok
GCA_016717005.1__GCA_016707895.1	957	686	524	0.282427	ok
GCA_016720745.1__GCA_016702745.1	53	34	36	0.346154	ok
GCA_016782225.1__GCA_016782315.1	511	427	202	0.162745	ok
GCA_016783995.1__GCA_013202875.1	178	141	75	0.203390	ok
GCA_016787925.1__GCA_016788215.1	833	636	335	0.235577	ok
GCA_016870155.1__GCA_018969105.1	222	194	133	0.122172	ok
GCA_016870175.1__GCA_009693705.1	96	74	50	0.221053	ok
GCA_016882315.1__GCA_000708525.1	187	141	94	0.241935	ok
GCA_016936695.1__GCA_002428385.1	299	224	144	0.248322	ok
GCA_017114985.1__GCA_017115165.1	1286	969	605	0.245914	ok
GCA_017379895.1__GCA_900769405.1	142	105	73	0.255319	ok
GCA_017394445.1__GCA_016293845.1	419	307	222	0.265550	ok
GCA_017399535.1__GCA_017381395.1	211	189	107	0.100000	ok
GCA_017408885.1__GCA_017399555.1	251	194	127	0.224000	ok
GCA_017412585.1__GCA_902765025.1	312	239	148	0.231511	ok
GCA_017428805.1__GCA_902776545.1	417	318	214	0.235577	ok
GCA_017429835.1__GCA_905233385.1	166	123	90	0.254545	ok
GCA_017431685.1__GCA_902779185.1	229	168	114	0.263158	ok
GCA_017453685.1__GCA_902796535.1	481	407	187	0.152083	ok
GCA_017455665.1__GCA_902762495.1	454	357	210	0.211921	ok
GCA_017463585.1__GCA_900770585.1	482	419	234	0.128898	ok
GCA_017475045.1__GCA_002391195.1	308	238	148	0.224756	ok
GCA_017504805.1__GCA_017435365.1	569	439	279	0.227113	ok
GCA_017517465.1__GCA_017437265.1	588	459	267	0.218058	ok
GCA_017521345.1__GCA_017502545.1	542	451	237	0.166359	ok
GCA_017530965.1__GCA_902756345.1	319	249	159	0.216981	ok
GCA_017531065.1__GCA_016287465.1	227	179	104	0.207965	ok
GCA_017532725.1__GCA_017481745.1	218	154	107	0.290323	ok
GCA_017535325.1__GCA_016287995.1	753	648	336	0.138298	ok
GCA_017548505.1__GCA_902789435.1	199	161	97	0.186869	ok
GCA_017560855.1__GCA_017547425.1	365	298	144	0.181319	ok
GCA_017621295.1__GCA_905215935.1	197	133	114	0.321429	ok
GCA_017623055.1__GCA_017457085.1	177	150	79	0.147727	ok
GCA_017623315.1__GCA_017416285.1	177	144	77	0.181818	ok
GCA_017626655.1__GCA_017483125.1	1386	1078	617	0.221661	ok
GCA_017642425.1__GCA_905234745.1	286	220	148	0.228070	ok
GCA_017649635.1__GCA_017527905.1	457	362	220	0.206140	ok
GCA_017853415.1__GCA_903928615.1	460	409	211	0.108932	ok
GCA_017860255.1__GCA_002399025.1	218	162	106	0.253456	ok
GCA_017936385.1__GCA_017464745.1	283	232	131	0.177305	ok
GCA_017938765.1__GCA_904502005.1	248	194	117	0.214575	ok
GCA_017999215.1__GCA_016716705.1	691	517	345	0.250725	ok
GCA_018053845.1__GCA_013177795.1	213	158	113	0.254717	ok
GCA_018056425.1__GCA_902794095.1	115	92	65	0.192982	ok
GCA_018333455.1__GCA_018335695.1	483	359	240	0.255187	ok
GCA_018366035.1__GCA_018366195.1	120	92	50	0.226891	ok
GCA_018664115.1__GCA_018670095.1	175	136	82	0.218391	ok
GCA_018673215.1__GCA_018608765.1	136	120	64	0.111111	ok
GCA_018711305.1__GCA_018712545.1	235	187	104	0.200855	ok
GCA_018715295.1__GCA_002314265.1	257	210	118	0.179688	ok
GCA_018819005.1__GCA_011391695.1	803	627	368	0.218204	ok
GCA_018828125.1__GCA_016783915.1	416	345	210	0.168675	ok
GCA_019113345.1__GCA_019116585.1	365	276	186	0.241758	ok
GCA_019113675.1__GCA_002358975.1	305	270	139	0.111842	ok
GCA_019118885.1__GCA_019119265.1	345	285	169	0.171512	ok
GCA_019119675.1__GCA_019119995.1	281	222	125	0.207143	ok
GCA_900105215.1__GCA_001312405.1	174	99	127	0.427746	ok
GCA_900313105.1__GCA_905233975.1	117	90	60	0.224138	ok
GCA_900315105.1__GCA_902798615.1	927	714	413	0.228942	ok
GCA_900315935.1__GCA_902782185.1	405	317	198	0.215347	ok
GCA_900317035.1__GCA_002368805.1	381	314	173	0.173684	ok
GCA_900317795.1__GCA_002309275.1	496	400	228	0.191919	ok
GCA_900317845.1__GCA_002354005.1	275	244	125	0.109489	ok
GCA_900319975.1__GCA_902768985.1	228	177	116	0.220264	ok
GCA_900320285.1__GCA_902779185.1	171	134	90	0.211765	ok
GCA_900322135.1__GCA_900320245.1	318	239	164	0.246057	ok
GCA_900468805.1__GCF_014195325.1	295	227	143	0.227891	ok
GCA_900471605.1__GCF_003425685.1	293	223	168	0.236301	ok
GCA_900473915.1__GCA_012103035.1	90	61	58	0.314607	ok
GCA_900540685.1__GCF_004168205.1	448	343	188	0.232662	ok
GCA_900541185.1__GCA_900756725.1	283	247	130	0.124113	ok
GCA_900541855.1__GCA_905215835.1	308	282	141	0.081433	ok
GCA_900542935.1__GCA_900767195.1	241	196	130	0.183333	ok
GCA_900543275.1__GCA_900759335.1	253	196	117	0.222222	ok
GCA_900543615.1__GCA_018368345.1	227	168	118	0.256637	ok
GCA_900543845.1__GCA_900764415.1	560	493	242	0.118068	ok
GCA_900544425.1__GCA_900754385.1	428	369	182	0.135831	ok
GCA_900544645.1__GCF_019041915.1	119	86	70	0.271186	ok
GCA_900544875.1__GCA_014846205.1	184	166	86	0.092896	ok
GCA_900544995.1__GCA_900541795.1	145	119	67	0.173611	ok
GCA_900545165.1__GCA_900540095.1	285	243	129	0.144366	ok
GCA_900546295.1__GCF_000765235.1	269	214	127	0.201493	ok
GCA_900546335.1__GCF_001171885.1	253	191	119	0.242063	ok
GCA_900548515.1__GCA_900761155.1	347	287	153	0.170520	ok
GCA_900548775.1__GCA_905214175.1	364	329	156	0.093664	ok
GCA_900549215.1__GCA_900752475.1	387	336	164	0.129534	ok
GCA_900549215.1__GCA_905210085.1	341	277	160	0.185294	ok
GCA_900549345.1__GCA_900546825.1	237	190	115	0.194915	ok
GCA_900549715.1__GCA_905216045.1	253	221	126	0.123016	ok
GCA_900549755.1__GCA_905193585.1	504	400	212	0.204771	ok
GCA_900549895.1__GCA_900543445.1	332	246	166	0.256798	ok
GCA_900550055.1__GCF_000236865.1	118	87	55	0.256410	ok
GCA_900550185.1__GCA_900540945.1	361	283	173	0.213889	ok
GCA_900550295.1__GCA_003258725.1	167	125	88	0.246988	ok
GCA_900550465.1__GCA_018712545.1	190	156	90	0.174603	ok
GCA_900550745.1__GCA_902373525.1	411	320	194	0.219512	ok
GCA_900550765.1__GCA_905214315.1	397	319	168	0.194444	ok
GCA_900551185.1__GCA_900752425.1	477	388	208	0.184874	ok
GCA_900551365.1__GCA_900548815.1	291	232	143	0.200000	ok
GCA_900551385.1__GCA_905204225.1	391	313	189	0.197436	ok
GCA_900551535.1__GCA_905371865.1	301	247	113	0.176667	ok
GCA_900551625.1__GCA_900757465.1	404	312	179	0.225806	ok
GCA_900552935.1__GCA_900544655.1	235	210	115	0.102564	ok
GCA_900553215.1__GCA_900541145.1	360	279	172	0.222841	ok
GCA_900553935.1__GCA_900547125.1	348	281	156	0.190202	ok
GCA_900554275.1__GCA_900551355.1	336	269	165	0.197015	ok
GCA_900554645.1__GCA_905213725.1	174	158	89	0.086705	ok
GCA_900555515.1__GCA_900751755.1	408	315	202	0.226044	ok
GCA_900555985.1__GCF_000701685.1	81	61	41	0.237500	ok
GCA_900556145.1__GCA_900763705.1	325	258	151	0.203704	ok
GCA_900556145.1__GCF_000765235.1	442	342	205	0.224490	ok
GCA_900556255.1__GCA_004552305.1	511	376	269	0.262745	ok
GCA_900762015.1__GCA_900752275.1	353	310	137	0.119318	ok
GCA_900765235.1__GCA_900757715.1	421	331	189	0.211905	ok
GCA_902524805.1__GCA_902522825.1	60	48	28	0.186441	ok
GCA_902525585.1__GCA_902521995.1	78	63	37	0.181818	ok
GCA_902527545.1__GCA_902518505.1	55	46	29	0.148148	ok
GCA_902538745.1__GCA_902525625.1	59	46	32	0.206897	ok
GCA_902543575.1__GCA_902519255.1	51	43	25	0.140000	ok
GCA_902547535.1__GCA_902537555.1	39	32	31	0.157895	ok
GCA_902552755.1__GCA_902535275.1	70	55	42	0.202899	ok
GCA_902553005.1__GCA_902522015.1	64	56	28	0.111111	ok
GCA_902555435.1__GCA_902537905.1	58	50	29	0.122807	ok
GCA_902563075.1__GCA_902523495.1	55	43	31	0.203704	ok
GCA_902564025.1__GCA_902533965.1	58	52	29	0.087719	ok
GCA_902565325.1__GCA_902532645.1	76	65	32	0.133333	ok
GCA_902568235.1__GCA_902550805.1	51	38	25	0.240000	ok
GCA_902571015.1__GCA_902563075.1	55	47	37	0.129630	ok
GCA_902572915.1__GCA_902527105.1	87	72	43	0.162791	ok
GCA_902574685.1__GCA_902543485.1	46	36	23	0.200000	ok
GCA_902576375.1__GCA_902523495.1	54	41	40	0.226415	ok
GCA_902577575.1__GCA_902552345.1	39	29	22	0.236842	ok
GCA_902577625.1__GCA_902560815.1	78	61	39	0.207792	ok
GCA_902577945.1__GCA_902577905.1	72	57	44	0.197183	ok
GCA_902578115.1__GCA_902573065.1	48	44	30	0.063830	ok
GCA_902581005.1__GCA_902556405.1	107	86	61	0.188679	ok
GCA_902581585.1__GCA_902536975.1	64	55	38	0.126984	ok
GCA_902586885.1__GCA_902567635.1	122	98	66	0.190083	ok
GCA_902587515.1__GCA_902582165.1	46	36	28	0.200000	ok
GCA_902587545.1__GCA_902540995.1	36	35	22	0.000000	ok
GCA_902588925.1__GCA_902537905.1	59	51	36	0.120690	ok
GCA_902588975.1__GCA_902519325.1	37	31	22	0.138889	ok
GCA_902591415.1__GCA_902575095.1	56	43	26	0.218182	ok
GCA_902591845.1__GCA_902558545.1	83	67	44	0.182927	ok
GCA_902592545.1__GCA_902522115.1	66	53	39	0.184615	ok
GCA_902592675.1__GCA_902540275.1	58	43	32	0.245614	ok
GCA_902592715.1__GCA_902536975.1	64	58	35	0.079365	ok
GCA_902593125.1__GCA_902582755.1	69	57	34	0.161765	ok
GCA_902593235.1__GCA_902559935.1	71	59	48	0.157143	ok
GCA_902593285.1__GCA_902592935.1	62	52	39	0.147541	ok
GCA_902594485.1__GCA_902519955.1	65	54	34	0.156250	ok
GCA_902594675.1__GCA_902547535.1	38	22	23	0.405405	ok
GCA_902595805.1__GCA_902530685.1	76	59	36	0.213333	ok
GCA_902596355.1__GCA_902565325.1	78	65	41	0.155844	ok
GCA_902596355.1__GCA_902587755.1	73	57	41	0.208333	ok
GCA_902596675.1__GCA_902561765.1	70	60	32	0.130435	ok
GCA_902596925.1__GCA_902587155.1	49	42	22	0.125000	ok
GCA_902599625.1__GCA_902599605.1	43	40	19	0.047619	ok
GCA_902601785.1__GCA_902578255.1	51	38	30	0.240000	ok
GCA_902601895.1__GCA_902580505.1	55	42	34	0.222222	ok
GCA_902602595.1__GCA_902513515.1	72	55	44	0.225352	ok
GCA_902604565.1__GCA_902569245.1	59	48	28	0.172414	ok
GCA_902605135.1__GCA_902519435.1	79	67	42	0.141026	ok
GCA_902605865.1__GCA_902579465.1	43	36	25	0.142857	ok
GCA_902605865.1__GCA_902594675.1	59	47	40	0.189655	ok
GCA_902606075.1__GCA_902599575.1	44	31	25	0.279070	ok
GCA_902606105.1__GCA_902520645.1	86	68	48	0.200000	ok
GCA_902609235.1__GCA_902595595.1	74	57	39	0.219178	ok
GCA_902609535.1__GCA_902577285.1	51	41	27	0.180000	ok
GCA_902609915.1__GCA_902523495.1	61	57	24	0.050000	ok
GCA_902610415.1__GCA_902594145.1	62	50	30	0.180328	ok
GCA_902610675.1__GCA_902541825.1	43	39	21	0.071429	ok
GCA_902610845.1__GCA_902575375.1	71	60	33	0.142857	ok
GCA_902613275.1__GCA_902537325.1	51	41	24	0.180000	ok
GCA_902615435.1__GCA_902589305.1	56	45	34	0.181818	ok
GCA_902615715.1__GCA_902557935.1	42	36	26	0.121951	ok
GCA_902615745.1__GCA_902613275.1	40	31	21	0.205128	ok
GCA_902616145.1__GCA_902583585.1	31	24	21	0.200000	ok
GCA_902616855.1__GCA_902595525.1	55	50	34	0.074074	ok
GCA_902617805.1__GCA_902553675.1	75	66	37	0.108108	ok
GCA_902618245.1__GCA_902561795.1	67	56	30	0.151515	ok
GCA_902618695.1__GCA_902545555.1	62	49	34	0.196721	ok
GCA_902619375.1__GCA_902575725.1	45	35	31	0.204545	ok
GCA_902620455.1__GCA_902523665.1	76	65	39	0.133333	ok
GCA_902620465.1__GCA_902539145.1	41	35	26	0.125000	ok
GCA_902620465.1__GCA_902544135.1	31	27	19	0.100000	ok
GCA_902620895.1__GCA_902537445.1	97	87	42	0.093750	ok
GCA_902622475.1__GCA_902560675.1	60	49	27	0.169492	ok
GCA_902622665.1__GCA_902610815.1	45	31	29	0.295455	ok
GCA_902622985.1__GCA_902614655.1	39	30	25	0.210526	ok
GCA_902625035.1__GCA_902580335.1	48	39	22	0.170213	ok
GCA_902628635.1__GCA_902626575.1	34	29	12	0.121212	ok
GCA_902631535.1__GCA_902545945.1	39	30	22	0.210526	ok
GCA_902631595.1__GCA_902629075.1	57	39	31	0.303571	ok
GCA_902632545.1__GCA_902591535.1	82	62	41	0.234568	ok
GCA_902632545.1__GCA_902594405.1	66	46	34	0.292308	ok
GCA_902632575.1__GCA_902530745.1	52	42	22	0.176471	ok
GCA_902634305.1__GCA_902560685.1	75	64	36	0.135135	ok
GCA_902634775.1__GCA_902591755.1	31	23	21	0.233333	ok
GCA_902635225.1__GCA_902632145.1	40	30	22	0.230769	ok
GCA_902636075.1__GCA_902608845.1	61	51	39	0.150000	ok
GCA_902636075.1__GCA_902611265.1	60	47	39	0.203390	ok
GCA_902785065.1__GCA_902781705.1	214	166	102	0.220657	ok
GCA_902785885.1__GCA_902781305.1	457	351	209	0.230263	ok
GCA_902786615.1__GCA_902761635.1	485	371	241	0.233471	ok
GCA_903843705.1__GCA_903840385.1	628	504	281	0.196172	ok
GCA_903868795.1__GCA_903831635.1	489	427	218	0.125000	ok
GCA_903872505.1__GCA_903839035.1	341	272	159	0.200000	ok
GCA_903882665.1__GCA_903851535.1	419	362	183	0.133971	ok
GCA_903935095.1__GCA_903860985.1	197	182	100	0.071429	ok
GCA_905193685.1__GCA_900764925.1	298	230	140	0.225589	ok
GCA_905210085.1__GCA_900768265.1	182	141	91	0.220994	ok
GCA_905214525.1__GCA_900764955.1	114	85	62	0.247788	ok
GCA_905215815.1__GCA_900760905.1	266	216	124	0.184906	ok
GCA_905478975.1__GCA_905478725.1	358	319	145	0.106443	ok
GCA_905616455.1__GCA_905612335.1	27	20	22	0.230769	ok
GCA_905620495.1__GCA_905612335.1	60	49	32	0.169492	ok
GCA_910587895.1__GCA_910578825.1	302	232	143	0.229236	ok
GCF_000016085.1__GCA_013203905.1	132	111	93	0.152672	ok
GCF_000019705.1__GCF_000012085.2	18	13	14	0.235294	ok
GCF_000020665.1__GCA_002363385.1	84	35	75	0.578313	ok
GCF_000023225.1__GCA_002412965.1	191	96	160	0.494737	ok
GCF_000024945.1__GCA_902834965.1	237	206	196	0.127119	ok
GCF_000146505.1__GCA_902791475.1	178	121	136	0.316384	ok
GCF_000158035.1__GCF_000172175.1	164	87	122	0.466258	ok
GCF_000159035.1__GCF_013184985.2	63	35	41	0.435484	ok
GCF_000159695.1__GCA_910589545.1	68	51	48	0.238806	ok
GCF_000161795.2__GCF_000737595.1	24	7	19	0.695652	ok
GCF_000185385.1__GCA_000209465.1	251	122	212	0.512000	ok
GCF_000224085.1__GCA_013911645.1	42	23	38	0.439024	ok
GCF_000225525.1__GCA_002027195.1	760	570	377	0.249012	ok
GCF_000235485.1__GCA_905221435.1	162	121	74	0.248447	ok
GCF_000238395.3__GCA_000814675.1	61	50	31	0.166667	ok
GCF_000245335.1__GCF_000227465.1	62	31	57	0.491803	ok
GCF_000253155.1__GCA_001579015.1	37	28	22	0.222222	ok
GCF_000278725.1__GCA_902373435.1	327	264	147	0.190184	ok
GCF_000308295.2__GCA_017308595.1	100	63	75	0.363636	ok
GCF_000313615.1__GCA_905372745.1	186	143	101	0.227027	ok
GCF_000314795.2__GCF_000164675.2	9	5	7	0.375000	ok
GCF_000317225.1__GCF_000317205.1	869	651	459	0.250000	ok
GCF_000337555.1__GCF_000337595.1	141	111	74	0.207143	ok
GCF_000341065.1__GCA_002529455.1	668	504	331	0.244378	ok
GCF_000344295.2__GCA_905372745.1	346	251	192	0.272464	ok
GCF_000355905.1__GCF_000153485.2	280	184	170	0.340502	ok
GCF_000369645.1__GCF_000369525.1	66	49	41	0.246154	ok
GCF_000373145.1__GCF_000423905.1	263	183	141	0.301527	ok
GCF_000373985.1__GCF_000233695.2	646	487	315	0.244961	ok
GCF_000374025.1__GCF_002056795.1	195	118	122	0.391753	ok
GCF_000374285.1__GCF_000188255.1	140	99	77	0.287770	ok
GCF_000383575.1__GCF_000484695.1	281	190	200	0.321429	ok
GCF_000385375.1__GCA_018824085.1	225	126	190	0.437500	ok
GCF_000411415.1__GCA_018382595.1	243	214	143	0.115702	ok
GCF_000413935.1__GCF_000400715.1	70	47	44	0.318841	ok
GCF_000424685.1__GCF_016106025.1	142	106	82	0.248227	ok
GCF_000425445.1__GCF_015351595.1	172	100	113	0.415205	ok
GCF_000426325.1__GCA_000497405.1	317	221	169	0.300633	ok
GCF_000427685.1__GCF_003342675.1	138	80	108	0.416058	ok
GCF_000429485.1__GCF_000429505.1	223	180	115	0.189189	ok
GCF_000495435.3__GCA_002428415.1	246	203	115	0.171429	ok
GCF_000513215.1__GCF_003812745.1	2	1	1	0.000000	ok
GCF_000513895.1__GCF_000018545.1	402	292	204	0.271820	ok
GCF_000518185.1__GCF_002022665.1	21	14	12	0.300000	ok
GCF_000518925.1__GCF_900156255.1	289	201	142	0.302083	ok
GCF_000519005.1__GCF_014873635.1	274	205	127	0.249084	ok
GCF_000519185.1__GCF_000685015.1	549	412	291	0.248175	ok
GCF_000520815.1__GCF_000237325.1	498	357	266	0.281690	ok
GCF_000521565.1__GCF_000225445.1	2	1	1	0.000000	ok
GCF_000564995.1__GCA_015258715.1	168	123	91	0.263473	ok
GCF_000621225.1__GCF_001320525.1	357	254	185	0.286517	ok
GCF_000621745.1__GCF_018223745.1	218	164	120	0.244240	ok
GCF_000687995.1__GCA_902785885.1	503	387	339	0.229084	ok
GCF_000690905.1__GCF_016651105.1	503	366	259	0.270916	ok
GCF_000701385.1__GCF_007833635.1	25	6	23	0.750000	ok
GCF_000702585.1__GCF_000416965.1	107	66	57	0.377358	ok
GCF_000708595.2__GCF_900182645.1	86	48	63	0.435294	ok
GCF_000710615.1__GCF_900156425.1	56	39	36	0.290909	ok
GCF_000714435.1__GCF_018618475.1	102	78	57	0.227723	ok
GCF_000717745.1__GCF_000720485.1	283	194	125	0.312057	ok
GCF_000717915.1__GCF_008704935.1	194	130	112	0.326425	ok
GCF_000718135.1__GCF_002082585.1	191	146	101	0.231579	ok
GCF_000718305.1__GCA_000720555.1	345	247	182	0.281977	ok
GCF_000720765.1__GCF_000349325.1	584	420	337	0.279588	ok
GCF_000721605.1__GCF_000718785.1	253	184	131	0.269841	ok
GCF_000737595.1__GCA_016779825.1	138	104	120	0.240876	ok
GCF_000746095.1__GCF_000974685.2	181	132	112	0.266667	ok
GCF_000746825.1__GCF_900102725.1	37	26	27	0.277778	ok
GCF_000756615.1__GCF_000520715.1	920	617	628	0.328618	ok
GCF_000757845.1__GCA_902571795.1	86	77	74	0.094118	ok
GCF_000758665.1__GCF_000758605.1	1	0	0	1.000000	ok
GCF_000759955.1__GCA_902573565.1	68	59	40	0.119403	ok
GCF_000761215.1__GCA_002128465.1	821	699	440	0.147561	ok
GCF_000763575.1__GCA_000445185.1	346	233	253	0.324638	ok
GCF_000764665.1__GCF_000819865.1	376	276	181	0.264000	ok
GCF_000768555.3__GCF_002080415.1	71	45	47	0.357143	ok
GCF_000801955.1__GCA_002298975.1	279	204	174	0.266187	ok
GCF_000802155.2__GCF_009601685.2	209	139	135	0.331731	ok
GCF_000805335.1__GCF_000935125.1	371	219	332	0.408108	ok
GCF_000807775.2__GCF_902459655.1	132	57	115	0.564885	ok
GCF_000816305.1__GCF_000816185.1	32	16	26	0.483871	ok
GCF_000817895.1__GCF_006094435.1	249	176	144	0.290323	ok
GCF_000820185.1__GCF_000820045.1	302	223	166	0.259136	ok
GCF_000828635.1__GCA_001828935.1	308	178	269	0.420195	ok
GCF_000833605.1__GCA_002243705.1	269	178	181	0.335821	ok
GCF_000833605.1__GCF_001187595.1	273	182	164	0.330882	ok
GCF_000943545.1__GCF_000520815.1	612	472	289	0.227496	ok
GCF_000948285.1__GCF_000496575.1	239	125	179	0.474790	ok
GCF_000955725.1__GCF_000166775.1	44	18	36	0.581395	ok
GCF_000955745.1__GCF_000955725.1	299	185	238	0.379195	ok
GCF_000956545.1__GCA_018268515.1	327	259	153	0.205521	ok
GCF_000959945.1__GCA_905221295.1	85	60	53	0.285714	ok
GCF_000962805.1__GCF_000022025.1	61	43	34	0.283333	ok
GCF_000964525.1__GCF_000013385.1	409	318	190	0.220588	ok
GCF_000968015.1__GCF_004136015.1	257	194	136	0.242188	ok
GCF_000968015.1__GCF_900105115.1	319	236	166	0.257862	ok
GCF_000982825.1__GCA_000027065.2	18	8	15	0.529412	ok
GCF_000986795.1__GCA_019113295.1	89	65	54	0.261364	ok
GCF_001006325.2__GCF_014203115.1	28	21	21	0.222222	ok
GCF_001013905.1__GCF_001906585.1	490	248	424	0.492843	ok
GCF_001028135.1__GCF_000968195.1	458	326	247	0.286652	ok
GCF_001042475.2__GCF_000011645.1	196	140	111	0.282051	ok
GCF_001043115.1__GCF_014199795.1	123	96	61	0.213115	ok
GCF_001061665.1__GCF_000175615.1	68	46	32	0.313433	ok
GCF_001070715.1__GCA_905221365.1	252	189	123	0.247012	ok
GCF_001072375.1__GCA_905221215.1	334	246	175	0.261261	ok
GCF_001155565.1__GCF_013282725.1	137	81	93	0.404412	ok
GCF_001186155.3__GCF_000785555.1	85	31	76	0.630952	ok
GCF_001189235.2__GCA_001238275.1	244	197	130	0.189300	ok
GCF_001189235.2__GCF_018130695.1	512	353	322	0.309198	ok
GCF_001190745.1__GCA_905373215.1	64	57	46	0.095238	ok
GCF_001269885.1__GCF_001269655.1	342	251	183	0.263930	ok
GCF_001269925.1__GCF_001186335.1	284	202	165	0.286219	ok
GCF_001280065.1__GCF_014651035.1	318	218	176	0.312303	ok
GCF_001280125.1__GCA_007858575.1	412	296	219	0.279805	ok
GCF_001280305.1__GCF_000801315.1	2	1	1	0.000000	ok
GCF_001280425.1__GCA_000336895.1	103	72	66	0.294118	ok
GCF_001281025.1__GCA_905221245.1	21	18	11	0.100000	ok
GCF_001281525.1__GCF_001308875.1	282	180	194	0.359431	ok
GCF_001305515.1__GCA_018729455.1	85	68	50	0.190476	ok
GCF_001308195.1__GCF_001308205.1	50	28	41	0.428571	ok
GCF_001310975.1__GCF_000147695.2	330	246	159	0.252280	ok
GCF_001347015.1__GCA_905221255.1	253	173	138	0.313492	ok
GCF_001418475.1__GCF_000317595.1	1639	1276	769	0.221001	ok
GCF_001418565.1__GCF_000331005.1	1482	1188	689	0.197839	ok
GCF_001419705.1__GCA_014650015.1	1159	862	588	0.255613	ok
GCF_001420695.1__GCF_016811915.1	162	72	135	0.552795	ok
GCF_001421415.1__GCF_900115295.1	296	216	144	0.267797	ok
GCF_001421745.1__GCF_004795835.1	62	49	33	0.196721	ok
GCF_001423885.1__GCF_009834225.1	35	27	19	0.205882	ok
GCF_001425205.1__GCF_016806145.1	234	144	158	0.381974	ok
GCF_001426525.1__GCF_001941825.1	143	99	96	0.302817	ok
GCF_001426865.1__GCF_003268635.1	56	34	30	0.381818	ok
GCF_001427825.1__GCF_014202075.1	152	81	104	0.463576	ok
GCF_001429165.1__GCF_013410355.1	13	6	10	0.500000	ok
GCF_001431425.1__GCA_002329155.1	271	209	137	0.225926	ok
GCF_001431595.1__GCF_001431415.1	332	230	184	0.305136	ok
GCF_001438805.1__GCF_001434275.1	206	157	112	0.234146	ok
GCF_001439735.1__GCF_904063055.1	228	166	122	0.268722	ok
GCF_001439785.1__GCF_019139815.1	327	221	206	0.322086	ok
GCF_001439815.1__GCF_013385965.1	304	219	173	0.277228	ok
GCF_001458735.1__GCA_016788465.1	377	296	236	0.212766	ok
GCF_001469895.1__GCF_001306915.1	277	171	113	0.380435	ok
GCF_001484625.1__GCA_012396115.1	811	670	360	0.172840	ok
GCF_001485575.1__GCF_000223905.1	80	50	53	0.367089	ok
GCF_001509835.1__GCA_017308075.1	173	128	106	0.255814	ok
GCF_001514265.1__GCA_016432725.1	364	247	246	0.319559	ok
GCF_001514305.1__GCF_001514235.1	523	386	292	0.260536	ok
GCF_001552375.1__GCA_015234515.1	422	322	197	0.235154	ok
GCF_001553035.1__GCA_900766305.1	250	191	120	0.232932	ok
GCF_001553685.1__GCF_000027165.1	278	157	231	0.433213	ok
GCF_001559775.1__GCF_001612575.1	146	110	72	0.241379	ok
GCF_001579045.1__GCA_905221295.1	208	153	124	0.260870	ok
GCF_001579045.1__GCF_016127915.1	218	158	125	0.271889	ok
GCF_001590835.1__GCA_018966865.1	378	248	249	0.342175	ok
GCF_001590925.1__GCF_000422085.1	156	102	93	0.341935	ok
GCF_001593385.1__GCF_003815975.1	209	134	129	0.355769	ok
GCF_001594015.1__GCF_006538365.1	153	101	92	0.335526	ok
GCF_001598055.1__GCF_000372525.1	164	126	112	0.226994	ok
GCF_001613445.1__GCA_013361595.1	964	859	426	0.107996	ok
GCF_001629705.1__GCA_016401345.1	50	43	24	0.122449	ok
GCF_001636945.1__GCA_014649295.1	478	349	258	0.268344	ok
GCF_001640115.1__GCF_009796785.1	371	238	214	0.356757	ok
GCF_001642695.1__GCF_008974245.1	436	319	235	0.266667	ok
GCF_001642805.2__GCA_012719855.1	251	98	213	0.608000	ok
GCF_001645105.1__GCF_014863585.1	367	258	197	0.295082	ok
GCF_001646745.1__GCF_001552595.1	190	141	101	0.253968	ok
GCF_001647635.1__GCA_001898805.1	219	98	198	0.550459	ok
GCF_001652275.1__GCA_905373325.1	375	348	262	0.069519	ok
GCF_001653475.1__GCF_000476275.1	52	43	29	0.156863	ok
GCF_001653515.1__GCF_014649795.1	394	278	253	0.292621	ok
GCF_001663775.1__GCF_006517235.1	162	70	150	0.565217	ok
GCF_001665295.1__GCF_001667185.1	373	289	201	0.223118	ok
GCF_001665535.1__GCF_001500065.1	350	264	184	0.243553	ok
GCF_001665875.1__GCF_001667145.1	264	198	153	0.247148	ok
GCF_001665875.1__GCF_002105755.1	190	114	102	0.396825	ok
GCF_001666835.1__GCF_001667075.1	312	257	133	0.173633	ok
GCF_001667945.1__GCF_002101775.1	357	276	183	0.224719	ok
GCF_001673535.1__GCF_001667035.1	449	331	215	0.261161	ok
GCF_001675165.1__GCF_001636845.1	427	318	212	0.253521	ok
GCF_001676785.2__GCA_910578695.1	559	320	433	0.426523	ok
GCF_001677335.1__GCF_900143235.1	106	79	62	0.247619	ok
GCF_001692445.1__GCF_014836755.1	195	140	104	0.278351	ok
GCF_001692445.1__GCF_015142735.1	257	204	127	0.203125	ok
GCF_001695835.1__GCF_013283665.1	220	156	121	0.287671	ok
GCF_001695835.1__GCF_013371465.1	254	189	136	0.252964	ok
GCF_001697145.1__GCF_902167705.1	81	56	63	0.300000	ok
GCF_001700965.1__GCA_002359895.1	225	111	166	0.504464	ok
GCF_001704155.1__GCF_001274595.1	64	20	60	0.682540	ok
GCF_001723605.1__GCF_000813345.1	48	14	42	0.702128	ok
GCF_001746295.1__GCF_000721105.1	709	509	399	0.281073	ok
GCF_001746295.1__GCF_900091315.1	695	503	413	0.275216	ok
GCF_001808705.1__GCF_002386345.1	317	237	173	0.250000	ok
GCF_001814775.1__GCF_015546995.1	146	109	81	0.248276	ok
GCF_001838165.1__GCA_902373545.1	305	256	140	0.157895	ok
GCF_001838165.1__GCF_009730335.1	101	76	55	0.240000	ok
GCF_001854695.1__GCF_000373365.1	671	513	307	0.234328	ok
GCF_001854785.1__GCF_003952485.1	292	213	164	0.268041	ok
GCF_001864835.1__GCF_001475545.1	334	266	186	0.201201	ok
GCF_001866135.1__GCF_002848265.1	24	15	13	0.347826	ok
GCF_001866645.1__GCF_001417775.1	425	317	215	0.252358	ok
GCF_001875725.1__GCF_001875665.1	129	105	49	0.179688	ok
GCF_001884185.1__GCF_018742245.1	412	303	227	0.262774	ok
GCF_001885235.1__GCF_001042525.2	61	20	57	0.666667	ok
GCF_001886715.1__GCF_001613085.1	341	198	291	0.417647	ok
GCF_001894805.1__GCF_001552595.1	271	176	174	0.348148	ok
GCF_001896205.1__GCF_000474215.1	174	81	129	0.531792	ok
GCF_001905145.1__GCF_012396365.1	358	256	194	0.282913	ok
GCF_001905385.1__GCF_000717995.1	195	145	103	0.252577	ok
GCF_001905595.1__GCA_003268675.1	89	69	53	0.215909	ok
GCF_001905665.1__GCF_000725545.1	292	210	182	0.278351	ok
GCF_001908025.1__GCF_001277805.1	531	395	233	0.254717	ok
GCF_001942045.1__GCF_002102345.1	249	184	139	0.258065	ok
GCF_001953885.1__GCF_001735805.1	427	308	261	0.276995	ok
GCF_001953985.1__GCF_010730575.1	348	235	195	0.322767	ok
GCF_001955855.1__GCF_018614975.1	263	201	134	0.232824	ok
GCF_001969855.1__GCF_001592005.1	263	195	139	0.255725	ok
GCF_001983175.1__GCF_012844475.1	753	582	344	0.226064	ok
GCF_001999285.1__GCF_001998825.1	268	223	128	0.164794	ok
GCF_002001045.1__GCF_001428385.1	182	117	117	0.353591	ok
GCF_002008225.1__GCF_900102105.1	124	95	71	0.227642	ok
GCF_002013465.1__GCA_000069185.1	122	81	79	0.330579	ok
GCF_002022445.1__GCF_000518185.1	35	24	27	0.294118	ok
GCF_002068095.1__GCF_000482425.1	292	209	162	0.281787	ok
GCF_002086115.1__GCF_001428895.1	310	237	158	0.233010	ok
GCF_002086635.1__GCF_001667585.1	422	317	218	0.247031	ok
GCF_002086675.1__GCF_002102175.1	455	351	211	0.226872	ok
GCF_002090135.1__GCF_002090055.1	46	29	36	0.355556	ok
GCF_002095435.2__GCF_002095395.1	337	225	123	0.330357	ok
GCF_002096335.1__GCF_016127915.1	57	35	35	0.375000	ok
GCF_002096355.1__GCF_012843315.1	42	23	27	0.439024	ok
GCF_002096435.1__GCA_018364455.1	236	174	155	0.259574	ok
GCF_002096445.1__GCF_000148525.1	170	119	113	0.295858	ok
GCF_002096675.1__GCA_905221105.1	103	71	69	0.303922	ok
GCF_002096835.1__GCF_000259505.1	163	124	85	0.234568	ok
GCF_002096855.1__GCF_900104285.1	195	133	96	0.314433	ok
GCF_002097715.1__GCA_018375725.1	812	607	535	0.251541	ok
GCF_002101775.1__GCF_002101585.1	214	163	97	0.234742	ok
GCF_002104795.1__GCF_001668625.1	270	205	151	0.237918	ok
GCF_002105755.1__GCF_010731675.1	9	4	7	0.500000	ok
GCF_002109325.1__GCF_002101375.1	20	7	17	0.631579	ok
GCF_002111585.1__GCF_000688695.1	206	153	116	0.253659	ok
GCF_002112385.1__GCF_900111895.1	334	245	188	0.264264	ok
GCF_002113125.1__GCF_014268595.2	199	146	109	0.262626	ok
GCF_002113375.1__GCF_016651305.1	276	200	141	0.272727	ok
GCF_002140155.1__GCF_900089585.1	178	115	124	0.350282	ok
GCF_002141365.1__GCF_001465345.1	131	37	107	0.715385	ok
GCF_002141365.1__GCF_001730295.1	193	103	150	0.463542	ok
GCF_002153395.1__GCF_000507145.1	151	113	77	0.246667	ok
GCF_002156965.1__GCA_014384445.1	186	159	150	0.140541	ok
GCF_002156965.1__GCA_905616385.1	72	48	60	0.323944	ok
GCF_002160145.1__GCF_002161595.1	204	142	84	0.300493	ok
GCF_002179965.1__GCF_902459615.1	135	88	94	0.343284	ok
GCF_002198095.1__GCF_001485435.1	1025	765	507	0.252930	ok
GCF_002204185.1__GCF_017357245.1	164	119	77	0.269939	ok
GCF_002211285.1__GCF_002531755.2	244	175	160	0.279835	ok
GCF_002217475.1__GCF_903469665.1	316	260	145	0.174603	ok
GCF_002217655.1__GCA_001610955.1	61	41	40	0.316667	ok
GCF_002217795.2__GCA_019232735.1	399	326	325	0.180905	ok
GCF_002237655.1__GCF_019049245.1	490	381	248	0.220859	ok
GCF_002250505.1__GCF_003667705.1	156	78	121	0.496774	ok
GCF_002272075.1__GCF_002272135.1	128	95	59	0.251969	ok
GCF_002272075.1__GCF_002272745.1	97	69	48	0.281250	ok
GCF_002272245.1__GCF_000759675.1	747	532	377	0.286863	ok
GCF_002284575.1__GCF_000009625.1	423	323	200	0.234597	ok
GCF_002287825.1__GCF_002007785.1	311	144	282	0.535484	ok
GCF_002288185.1__GCA_002284895.1	10	4	7	0.555556	ok
GCF_002288185.1__GCA_003569265.1	4	2	3	0.333333	ok
GCF_002288225.1__GCA_002284855.1	3	1	2	0.500000	ok
GCF_002288635.1__GCA_001898335.1	40	31	25	0.205128	ok
GCF_002443155.1__GCF_003076515.1	7	6	3	0.000000	ok
GCF_002531955.1__GCF_017357225.1	190	130	116	0.312169	ok
GCF_002532045.1__GCF_000938305.1	320	233	198	0.269592	ok
GCF_002550035.1__GCF_002550015.1	547	393	330	0.280220	ok
GCF_002564465.1__GCF_002156865.1	426	324	239	0.237647	ok
GCF_002571225.1__GCF_002578045.1	471	368	220	0.217021	ok
GCF_002573625.1__GCF_000160475.1	885	650	487	0.264706	ok
GCF_002573715.1__GCF_004000945.1	170	120	101	0.289941	ok
GCF_002574955.1__GCF_001884065.1	387	293	172	0.240933	ok
GCF_002608075.1__GCF_014698115.1	1354	1047	601	0.226164	ok
GCF_002632585.1__GCF_900113945.1	405	282	253	0.301980	ok
GCF_002699985.1__GCF_014357575.1	738	584	360	0.207598	ok
GCF_002741105.1__GCF_900115475.1	60	49	36	0.169492	ok
GCF_002742625.1__GCF_014207215.1	235	154	193	0.341880	ok
GCF_002754375.1__GCF_016405905.1	229	137	183	0.399123	ok
GCF_002760245.1__GCF_000294495.1	328	244	164	0.253823	ok
GCF_002795245.1__GCF_015291645.1	390	293	200	0.246787	ok
GCF_002813165.1__GCF_000717185.1	518	342	318	0.338491	ok
GCF_002813165.1__GCF_013364235.1	135	93	103	0.305970	ok
GCF_002813575.1__GCA_015206945.1	1953	1412	1322	0.276639	ok
GCF_002814235.1__GCF_900109755.1	363	253	223	0.301105	ok
GCF_002817655.1__GCF_000007205.1	11	4	9	0.600000	ok
GCF_002835675.1__GCF_017355165.1	342	239	159	0.299120	ok
GCF_002843585.1__GCF_902498185.1	240	121	202	0.493724	ok
GCF_002846275.1__GCF_003030345.1	126	81	93	0.352000	ok
GCF_002847525.1__GCF_900128465.1	262	172	162	0.340996	ok
GCF_002849735.1__GCF_000342005.1	215	146	158	0.317757	ok
GCF_002860865.1__GCF_002096685.1	186	136	98	0.264865	ok
GCF_002861385.1__GCF_000805675.1	139	92	81	0.333333	ok
GCF_002872075.1__GCF_017355365.1	233	158	152	0.318966	ok
GCF_002878485.1__GCF_002843605.1	456	344	217	0.243956	ok
GCF_002878485.1__GCF_003612935.1	592	439	300	0.257191	ok
GCF_002879535.1__GCF_000688075.1	491	362	241	0.261224	ok
GCF_002895085.1__GCF_000007605.1	1	0	0	1.000000	ok
GCF_002902405.1__GCF_001027105.1	175	128	74	0.264368	ok
GCF_002903145.1__GCF_000443995.1	43	25	30	0.404762	ok
GCF_002913745.1__GCF_003048615.2	168	127	96	0.239521	ok
GCF_002913945.1__GCF_003048835.2	125	90	66	0.274194	ok
GCF_002913945.1__GCF_902460415.1	63	46	37	0.258065	ok
GCF_002917095.1__GCF_009789675.1	340	242	197	0.286136	ok
GCF_002920575.1__GCF_000718305.1	500	366	268	0.266533	ok
GCF_002920615.1__GCF_003074055.1	471	346	260	0.263830	ok
GCF_002926165.1__GCF_009908295.1	490	361	265	0.261759	ok
GCF_002928115.1__GCF_000368085.1	47	29	34	0.369565	ok
GCF_002929275.1__GCF_001428005.1	221	152	128	0.309091	ok
GCF_002929505.1__GCF_002929495.1	203	152	112	0.247525	ok
GCF_002930105.1__GCF_013697085.1	264	194	152	0.262357	ok
GCF_002931175.1__GCA_002150995.1	93	61	55	0.336957	ok
GCF_002940685.1__GCF_000583045.1	324	232	197	0.281734	ok
GCF_002940685.1__GCF_001695855.1	316	229	174	0.273016	ok
GCF_002949795.1__GCA_015206945.1	914	659	596	0.278204	ok
GCF_002953715.1__GCF_000371905.1	105	70	88	0.326923	ok
GCF_002954225.1__GCF_002929355.1	112	82	71	0.261261	ok
GCF_002975275.1__GCF_902859735.1	334	242	177	0.273273	ok
GCF_003001815.1__GCF_900113015.1	708	526	347	0.256011	ok
GCF_003002915.1__GCF_900115505.1	102	78	62	0.227723	ok
GCF_003003925.1__GCA_000708525.1	163	116	103	0.283951	ok
GCF_003011965.1__GCF_001445655.1	774	549	449	0.289780	ok
GCF_003011965.1__GCF_003391135.1	818	599	454	0.266830	ok
GCF_003024385.1__GCF_000425805.1	217	141	121	0.347222	ok
GCF_003026365.1__GCF_000153325.1	154	101	81	0.339869	ok
GCF_003027925.1__GCF_902825405.1	1259	1078	506	0.143084	ok
GCF_003034915.1__GCF_014189455.1	506	387	252	0.233663	ok
GCF_003044565.1__GCF_017753665.1	1040	767	541	0.261790	ok
GCF_003046405.1__GCF_900142705.1	95	70	52	0.255319	ok
GCF_003051005.1__GCF_004328705.1	257	175	161	0.316406	ok
GCF_003053665.1__GCF_001425045.1	136	91	69	0.325926	ok
GCF_003053685.1__GCF_000282635.1	466	370	258	0.204301	ok
GCF_003058055.1__GCF_000204195.1	137	65	104	0.522059	ok
GCF_003096755.1__GCF_900114605.1	135	93	86	0.305970	ok
GCF_003097355.1__GCF_000374925.1	181	133	109	0.261111	ok
GCF_003112595.1__GCA_002154585.1	994	772	462	0.222558	ok
GCF_003122385.1__GCA_017744675.1	98	42	88	0.567010	ok
GCF_003148495.1__GCF_016756495.1	167	114	110	0.313253	ok
GCF_003201815.1__GCA_016200895.1	426	319	236	0.249412	ok
GCF_003205205.1__GCF_015354575.1	381	289	200	0.239474	ok
GCF_003205575.1__GCF_002846355.1	635	474	312	0.252366	ok
GCF_003231305.1__GCF_000019445.1	373	271	179	0.271505	ok
GCF_003234855.1__GCF_003224335.1	40	27	23	0.307692	ok
GCF_003236315.1__GCF_016863535.1	698	519	347	0.255380	ok
GCF_003254585.1__GCF_013388355.1	153	84	93	0.447368	ok
GCF_003258945.1__GCF_013112485.1	266	202	135	0.237736	ok
GCF_003265345.1__GCF_001701025.1	561	402	319	0.282143	ok
GCF_003265355.1__GCF_900101745.1	644	454	356	0.293935	ok
GCF_003269035.1__GCF_900116445.1	439	313	236	0.285388	ok
GCF_003284965.1__GCF_001668575.1	294	219	157	0.252560	ok
GCF_003287355.1__GCF_002252985.1	409	316	193	0.225490	ok
GCF_003287495.1__GCA_900758465.1	254	201	156	0.205534	ok
GCF_003287975.1__GCF_019084045.1	217	154	123	0.287037	ok
GCF_003325375.1__GCF_014650695.1	414	238	364	0.423729	ok
GCF_003339645.1__GCF_002245215.1	17	12	9	0.250000	ok
GCF_003344345.1__GCA_018224395.1	843	547	445	0.350356	ok
GCF_003347605.1__GCF_900182655.1	146	100	78	0.310345	ok
GCF_003349955.1__GCF_003119115.1	344	246	193	0.282799	ok
GCF_003351025.1__GCF_900100945.1	387	263	230	0.318653	ok
GCF_003368325.1__GCF_000172415.1	377	209	323	0.444149	ok
GCF_003368325.1__GCF_902859805.1	214	135	147	0.366197	ok
GCF_003382285.1__GCF_016613475.2	180	121	102	0.324022	ok
GCF_003382285.1__GCF_016735495.2	214	152	120	0.286385	ok
GCF_003385215.1__GCF_000473265.1	389	290	210	0.252577	ok
GCF_003385235.1__GCF_014174495.1	1021	803	483	0.212745	ok
GCF_003385235.1__GCF_900115345.1	668	475	375	0.287856	ok
GCF_003386675.1__GCF_001984105.1	177	66	146	0.625000	ok
GCF_003386735.1__GCF_000380605.1	164	71	145	0.564417	ok
GCF_003386735.1__GCF_015278355.1	134	39	130	0.706767	ok
GCF_003387165.1__GCA_003513765.1	64	32	51	0.492063	ok
GCF_003417065.2__GCF_000382225.1	248	195	90	0.210526	ok
GCF_003417065.2__GCF_900107135.1	227	153	128	0.323009	ok
GCF_003438495.1__GCF_003462685.1	135	108	66	0.194030	ok
GCF_003467445.1__GCF_018616375.1	97	74	39	0.229167	ok
GCF_003471585.1__GCA_900764955.1	124	93	74	0.243902	ok
GCF_003480915.1__GCF_000969835.1	414	277	245	0.329298	ok
GCF_003545875.1__GCF_016918785.1	110	82	68	0.247706	ok
GCF_003573915.1__GCF_000471965.1	2	1	1	0.000000	ok
GCF_003591655.1__GCA_016463275.1	519	487	267	0.059846	ok
GCF_003591655.1__GCF_000382885.1	322	276	155	0.140187	ok
GCF_003606265.1__GCF_002327185.1	144	68	109	0.524476	ok
GCF_003610555.1__GCF_003202155.1	62	46	41	0.245902	ok
GCF_003611635.1__GCF_014930455.1	1171	867	593	0.258974	ok
GCF_003611695.1__GCF_017309135.1	859	657	422	0.234266	ok
GCF_003612165.1__GCF_003611695.1	1146	946	541	0.173799	ok
GCF_003614925.1__GCF_900099975.1	162	130	81	0.192547	ok
GCF_003626655.1__GCF_000718555.1	321	224	232	0.300000	ok
GCF_003628475.1__GCF_016756775.1	209	158	113	0.240385	ok
GCF_003634315.1__GCA_002423035.1	473	343	347	0.273305	ok
GCF_003636935.1__GCF_000448485.1	296	255	119	0.135593	ok
GCF_003660395.1__GCF_900197685.1	229	174	101	0.236842	ok
GCF_003664255.1__GCF_900091625.1	193	128	163	0.333333	ok
GCF_003664995.1__GCF_002752635.1	308	213	176	0.306189	ok
GCF_003667505.1__GCF_900091585.1	495	359	258	0.273279	ok
GCF_003668635.1__GCF_003289955.1	79	58	46	0.256410	ok
GCF_003668875.1__GCF_017309135.1	437	327	219	0.250000	ok
GCF_003675385.1__GCF_003208075.1	395	245	217	0.378173	ok
GCF_003688935.1__GCF_000478175.1	529	372	277	0.295455	ok
GCF_003700275.1__GCF_000452705.1	380	279	210	0.263852	ok
GCF_003719335.1__GCF_900102085.1	177	124	82	0.295455	ok
GCF_003722075.1__GCF_001889405.1	30	18	26	0.379310	ok
GCF_003725545.1__GCF_012034245.1	387	296	198	0.233161	ok
GCF_003732425.1__GCF_004011755.1	38	28	19	0.243243	ok
GCF_003732425.1__GCF_014236655.1	267	189	167	0.289474	ok
GCF_003751445.1__GCA_000720535.1	481	278	382	0.420833	ok
GCF_003751785.1__GCF_017833035.1	118	74	93	0.367521	ok
GCF_003781945.1__GCF_000336995.1	343	262	179	0.233918	ok
GCF_003797125.1__GCF_014164505.1	766	650	343	0.150327	ok
GCF_003814875.1__GCF_001005085.2	555	372	428	0.328520	ok
GCF_003838195.1__GCA_010672585.1	4805	3598	2325	0.251041	ok
GCF_003853415.1__GCF_001718315.1	217	159	121	0.263889	ok
GCF_003853705.1__GCA_018375725.1	819	675	370	0.174817	ok
GCF_003857035.1__GCF_003172955.1	848	689	421	0.186541	ok
GCF_003857035.1__GCF_900090295.1	632	455	318	0.278922	ok
GCF_003863365.1__GCF_008520305.1	513	390	261	0.238281	ok
GCF_003935375.1__GCF_000935215.1	344	305	154	0.110787	ok
GCF_003942585.1__GCA_000430305.1	129	87	76	0.320312	ok
GCF_003942765.1__GCF_002096335.1	116	76	82	0.339130	ok
GCF_003942795.1__GCF_002096615.1	108	75	62	0.299065	ok
GCF_003942865.1__GCF_002096845.1	195	134	103	0.309278	ok
GCF_003943935.1__GCA_905221505.1	260	184	128	0.289575	ok
GCF_003946345.1__GCF_003946265.1	213	157	108	0.259434	ok
GCF_003952425.1__GCF_000427725.1	246	175	180	0.285714	ok
GCF_003992005.1__GCF_003999875.1	152	103	73	0.317881	ok
GCF_003996995.1__GCF_000425965.1	1030	776	500	0.245870	ok
GCF_003999415.1__GCF_000217955.3	373	266	211	0.284946	ok
GCF_004005495.1__GCF_014621695.1	451	326	265	0.275556	ok
GCF_004006335.1__GCF_018326005.1	94	63	73	0.322581	ok
GCF_004011865.1__GCF_005484805.1	135	81	93	0.395522	ok
GCF_004016445.2__GCF_003952425.1	148	103	88	0.299320	ok
GCF_004022425.1__GCF_003075375.1	307	233	174	0.238562	ok
GCF_004114425.1__GCF_015291725.1	328	243	171	0.256881	ok
GCF_004114425.1__GCF_900114915.1	369	293	177	0.203804	ok
GCF_004122735.1__GCF_014646275.1	543	406	283	0.250923	ok
GCF_004124315.1__GCF_001517105.1	134	89	60	0.330827	ok
GCF_004137245.1__GCF_017086465.1	154	83	117	0.457516	ok
GCF_004197395.1__GCF_013366925.1	794	596	410	0.248424	ok
GCF_004211955.1__GCF_003697165.2	82	56	46	0.308642	ok
GCF_004216715.1__GCF_003014575.1	275	135	175	0.507299	ok
GCF_004331465.1__GCF_004331435.1	417	293	253	0.295673	ok
GCF_004331735.1__GCF_003387415.1	291	206	162	0.289655	ok
GCF_004331835.1__GCA_002339675.1	237	140	164	0.406780	ok
GCF_004336985.1__GCF_018618475.1	107	55	73	0.481132	ok
GCF_004340665.1__GCF_002197755.1	159	112	101	0.291139	ok
GCF_004342115.1__GCF_000521605.1	285	174	124	0.387324	ok
GCF_004342125.1__GCF_018613605.1	339	251	175	0.257396	ok
GCF_004346265.1__GCF_900129205.1	184	148	96	0.191257	ok
GCF_004348325.1__GCF_018070575.1	619	464	286	0.249191	ok
GCF_004348345.1__GCF_014207985.1	1048	806	517	0.230181	ok
GCF_004348545.1__GCF_001270745.1	469	347	257	0.258547	ok
GCF_004353825.1__GCF_009708215.1	79	48	56	0.384615	ok
GCF_004361695.1__GCF_018885305.1	158	107	97	0.318471	ok
GCF_004362045.1__GCF_003053565.1	388	295	193	0.237726	ok
GCF_004362055.1__GCF_003254625.1	248	166	144	0.327935	ok
GCF_004362445.1__GCF_000745735.1	234	156	176	0.330472	ok
GCF_004363865.1__GCA_017745275.1	253	178	139	0.293651	ok
GCF_004364245.1__GCF_001905845.1	396	263	250	0.334177	ok
GCF_004364335.1__GCF_003605735.1	475	357	240	0.246835	ok
GCF_004364435.1__GCF_900110765.1	299	202	186	0.322148	ok
GCF_004365655.1__GCF_001643375.1	238	144	168	0.392405	ok
GCF_004365875.1__GCF_004342025.1	328	180	270	0.449541	ok
GCF_004365875.1__GCF_014205295.1	150	60	135	0.597315	ok
GCF_004402535.1__GCF_002929825.1	161	112	102	0.300000	ok
GCF_004403985.1__GCF_002929505.1	219	155	114	0.288991	ok
GCF_004404055.1__GCF_004402535.1	78	49	49	0.363636	ok
GCF_004519305.1__GCF_001642705.1	337	252	155	0.250000	ok
GCF_004519405.1__GCF_004682045.1	366	268	208	0.265753	ok
GCF_004570325.1__GCF_001500125.1	344	253	173	0.262391	ok
GCF_004614235.1__GCA_002434505.1	72	48	46	0.323944	ok
GCF_004614235.1__GCF_016654005.1	184	118	124	0.355191	ok
GCF_004634245.1__GCF_001429295.1	178	121	104	0.316384	ok
GCF_004684245.1__GCF_001880325.1	142	75	107	0.468085	ok
GCF_004745075.1__GCF_012844365.1	157	100	97	0.358974	ok
GCF_004762045.1__GCF_001954135.1	351	144	313	0.588571	ok
GCF_004768785.1__GCA_012516295.1	417	397	214	0.045673	ok
GCF_004769235.1__GCF_016918735.1	173	116	90	0.325581	ok
GCF_004769525.1__GCA_016742255.1	94	77	59	0.172043	ok
GCF_004769525.1__GCF_002812085.1	60	33	38	0.440678	ok
GCF_004769555.1__GCF_002811765.1	133	79	100	0.401515	ok
GCF_004769615.1__GCF_003112675.1	127	84	80	0.333333	ok
GCF_004770265.1__GCF_002811945.1	87	50	66	0.418605	ok
GCF_004784465.1__GCF_019104725.1	362	260	220	0.279778	ok
GCF_004785795.1__GCF_004137255.1	127	49	121	0.611111	ok
GCF_004786035.1__GCF_004011755.1	249	107	230	0.568548	ok
GCF_004795035.1__GCF_014649875.1	415	303	229	0.268116	ok
GCF_004795895.1__GCF_001598815.1	327	183	283	0.438650	ok
GCF_004916905.1__GCF_001593385.1	120	87	56	0.268908	ok
GCF_004916905.1__GCF_003815775.1	260	164	135	0.366795	ok
GCF_005061465.1__GCF_000183385.1	61	39	32	0.350000	ok
GCF_005082365.1__GCF_000521565.1	2	1	0	0.000000	ok
GCF_005082365.1__GCF_005082825.1	4	3	2	0.000000	ok
GCF_005222695.1__GCF_018119405.1	503	386	250	0.231076	ok
GCF_005222785.1__GCA_017303485.1	365	284	227	0.219780	ok
GCF_005237295.1__GCF_001700895.1	1	0	0	1.000000	ok
GCF_005406125.1__GCF_000336635.1	163	127	84	0.216049	ok
GCF_005502465.1__GCA_018823905.1	468	380	228	0.186296	ok
GCF_005502935.1__GCF_003596405.1	199	142	114	0.282828	ok
GCF_005774735.1__GCF_001619615.1	336	266	158	0.205970	ok
GCF_005844005.1__GCF_000495915.1	344	207	261	0.396501	ok
GCF_005844325.1__GCA_905215755.1	194	150	104	0.222798	ok
GCF_005869935.1__GCF_001971725.1	205	117	163	0.426471	ok
GCF_005889735.1__GCF_004348995.1	1290	1002	627	0.222653	ok
GCF_006175905.1__GCA_905221365.1	51	36	29	0.280000	ok
GCF_006265165.1__GCA_013334855.1	410	336	211	0.178484	ok
GCF_006438875.1__GCF_003217415.1	339	257	171	0.239645	ok
GCF_006438925.1__GCF_900105495.1	199	150	104	0.242424	ok
GCF_006439055.1__GCF_014653575.1	148	109	99	0.258503	ok
GCF_006442205.1__GCF_019091085.1	468	330	278	0.293362	ok
GCF_006442965.1__GCF_000185905.1	303	215	179	0.288079	ok
GCF_006483445.1__GCF_900094575.1	923	684	459	0.258134	ok
GCF_006540305.1__GCA_014204745.1	346	181	310	0.475362	ok
GCF_006546825.1__GCF_001937445.1	140	108	71	0.223022	ok
GCF_006658505.1__GCF_002294995.1	388	278	222	0.281654	ok
GCF_006715005.1__GCF_017299535.1	16	12	15	0.200000	ok
GCF_006715165.1__GCF_006517815.1	16	4	14	0.733333	ok
GCF_006715725.1__GCF_013409625.1	11	4	9	0.600000	ok
GCF_006716065.1__GCF_000379065.1	131	73	85	0.438462	ok
GCF_006716365.1__GCF_900107175.1	517	323	366	0.374031	ok
GCF_007050945.1__GCF_016598615.1	217	161	127	0.254630	ok
GCF_007096635.1__GCF_010729305.1	266	177	151	0.332075	ok
GCF_007341385.1__GCF_015351595.1	184	115	99	0.371585	ok
GCF_007667425.1__GCF_017876435.1	104	19	101	0.815534	ok
GCF_007671725.1__GCF_002727125.1	304	211	185	0.303630	ok
GCF_007671725.1__GCF_003990725.2	239	149	169	0.373950	ok
GCF_007673525.1__GCF_001619875.1	144	71	109	0.503497	ok
GCF_007679345.1__GCF_003696205.1	469	380	254	0.188034	ok
GCF_007679425.1__GCF_000718775.1	534	403	279	0.243902	ok
GCF_007829885.1__GCA_000470535.1	695	546	442	0.213256	ok
GCF_007830205.1__GCF_011602485.1	141	96	84	0.314286	ok
GCF_007830495.1__GCF_004209755.1	251	166	161	0.336000	ok
GCF_007833635.1__GCA_902623075.1	34	28	30	0.151515	ok
GCF_007856155.1__GCF_003932715.1	169	121	115	0.279762	ok
GCF_007858795.1__GCF_002156525.1	301	250	135	0.166667	ok
GCF_007896895.1__GCF_001280015.1	815	627	389	0.229730	ok
GCF_007896895.1__GCF_900104815.1	497	364	253	0.266129	ok
GCF_007993935.1__GCF_002831585.1	119	75	86	0.364407	ok
GCF_007994035.1__GCF_014190745.1	191	117	135	0.384211	ok
GCF_007994075.1__GCF_006717045.1	172	106	143	0.380117	ok
GCF_008042075.1__GCF_002813405.1	413	288	247	0.300971	ok
GCF_008042115.1__GCF_002300165.1	480	345	251	0.279749	ok
GCF_008080435.1__GCF_001750725.1	86	67	42	0.211765	ok
GCF_008180725.1__GCF_002157855.1	108	83	47	0.224299	ok
GCF_008298015.1__GCF_003206045.1	66	52	39	0.200000	ok
GCF_008329525.1__GCF_001618955.1	153	109	89	0.282895	ok
GCF_008370045.1__GCF_017114825.1	402	265	202	0.339152	ok
GCF_008386495.1__GCF_000317595.1	1192	978	561	0.178841	ok
GCF_008386635.1__GCF_002742265.1	152	98	104	0.350993	ok
GCF_008630065.1__GCF_001402875.1	612	459	297	0.248773	ok
GCF_008633215.1__GCF_000493815.1	275	210	115	0.233577	ok
GCF_008638365.1__GCA_002529455.1	363	239	179	0.339779	ok
GCF_008638365.1__GCF_001905145.1	142	110	82	0.219858	ok
GCF_008642335.1__GCF_002556545.1	225	135	185	0.397321	ok
GCF_008692195.1__GCF_902499555.1	218	150	120	0.308756	ok
GCF_008704205.1__GCF_007990755.1	530	422	285	0.202268	ok
GCF_008868175.1__GCF_900090275.1	714	549	355	0.230014	ok
GCF_008868175.1__GCF_900156065.1	712	540	354	0.240506	ok
GCF_008905045.1__GCF_001418655.1	1334	1066	640	0.200300	ok
GCF_008973465.1__GCF_000718785.1	451	223	371	0.504444	ok
GCF_009363175.1__GCF_000981805.1	43	26	32	0.380952	ok
GCF_009377195.2__GCF_001422665.1	45	36	24	0.181818	ok
GCF_009469585.1__GCA_017983615.1	233	173	118	0.254310	ok
GCF_009496205.1__GCF_000259505.1	267	188	133	0.293233	ok
GCF_009569385.1__GCF_001625365.1	341	211	267	0.379412	ok
GCF_009604455.1__GCF_007679425.1	399	264	284	0.336683	ok
GCF_009617755.1__GCF_000235625.1	103	62	77	0.392157	ok
GCF_009659625.1__GCF_900580675.1	422	318	239	0.244656	ok
GCF_009674495.1__GCF_900109645.1	285	198	166	0.302817	ok
GCF_009674665.1__GCF_001620055.1	260	178	165	0.312741	ok
GCF_009674685.1__GCF_000425145.1	265	183	171	0.306818	ok
GCF_009695585.1__GCA_016302095.1	626	516	265	0.174400	ok
GCF_009696325.1__GCA_902363875.1	151	124	69	0.173333	ok
GCF_009696675.1__GCF_900095825.1	335	245	179	0.266467	ok
GCF_009707955.1__GCF_001422725.1	198	138	127	0.299492	ok
GCF_009709555.1__GCF_002754715.1	625	454	317	0.272436	ok
GCF_009711135.1__GCF_001429765.1	133	84	85	0.363636	ok
GCF_009720255.1__GCF_004216665.1	794	590	398	0.255990	ok
GCF_009749465.1__GCF_009749385.1	157	91	110	0.416667	ok
GCF_009758125.1__GCF_900110995.1	168	115	110	0.311377	ok
GCF_009795715.1__GCF_002356295.1	233	140	130	0.396552	ok
GCF_009807095.1__GCF_002932875.1	212	148	135	0.298578	ok
GCF_009829085.1__GCF_011043515.1	429	307	190	0.282710	ok
GCF_009832925.1__GCF_014651015.1	271	166	198	0.385185	ok
GCF_009849585.1__GCF_001956215.1	293	198	146	0.321918	ok
GCF_009858275.1__GCF_010634855.1	206	88	182	0.570732	ok
GCF_009861525.1__GCF_009380155.1	160	69	136	0.566038	ok
GCF_009862265.1__GCF_014651155.1	479	332	247	0.305439	ok
GCF_009863025.1__GCF_019104725.1	899	674	470	0.249443	ok
GCF_009876115.1__GCF_003438495.1	147	123	72	0.157534	ok
GCF_009882945.1__GCF_000756665.1	223	103	102	0.536036	ok
GCF_009901565.1__GCF_001570545.1	325	224	192	0.308642	ok
GCF_009908295.1__GCF_900091435.1	298	198	211	0.333333	ok
GCF_009928425.1__GCF_900102895.1	225	100	205	0.553571	ok
GCF_010091925.1__GCF_015206995.1	1081	832	509	0.229630	ok
GCF_010726765.1__GCF_000230895.2	96	32	89	0.663158	ok
GCF_010894405.1__GCF_010894435.1	1046	766	565	0.266986	ok
GCF_010894435.1__GCF_010894455.1	1285	946	670	0.263240	ok
GCF_011045115.1__GCF_003590645.1	99	73	59	0.255102	ok
GCF_011290365.1__GCA_901472455.1	3	1	2	0.500000	ok
GCF_011516885.1__GCF_000964225.1	113	91	43	0.187500	ok
GCF_011516925.1__GCF_002153655.1	104	76	50	0.262136	ok
GCF_011601315.1__GCA_013334485.1	203	152	127	0.247525	ok
GCF_011603975.1__GCF_016862755.1	561	436	284	0.221429	ok
GCF_011927845.1__GCF_014647335.1	172	124	99	0.274854	ok
GCF_012113595.1__GCF_903181435.1	33	20	21	0.375000	ok
GCF_012184385.1__GCF_003265345.1	1020	759	493	0.255152	ok
GCF_012223425.1__GCF_001644575.1	102	51	85	0.495050	ok
GCF_012317185.1__GCA_017161075.1	233	66	218	0.715517	ok
GCF_012396365.1__GCF_000092985.1	166	120	80	0.272727	ok
GCF_012516395.1__GCF_001277295.1	972	668	628	0.312049	ok
GCF_012568645.1__GCF_012567955.1	2	1	1	0.000000	ok
GCF_012910805.1__GCF_900156155.1	333	261	151	0.213855	ok
GCF_012911005.1__GCF_012910955.1	465	368	206	0.206897	ok
GCF_012927165.1__GCA_018241685.1	510	382	278	0.249509	ok
GCF_012927325.1__GCF_900156575.1	165	119	86	0.274390	ok
GCF_012932745.1__GCA_000017645.1	426	305	270	0.282353	ok
GCF_013033355.1__GCF_013031355.1	123	86	81	0.295082	ok
GCF_013141715.1__GCF_900103825.1	571	420	267	0.263158	ok
GCF_013141915.1__GCF_900094595.1	145	108	81	0.250000	ok
GCF_013170805.1__GCF_000009625.1	108	73	93	0.317757	ok
GCF_013204795.1__GCF_000523515.1	110	77	90	0.293578	ok
GCF_013266735.1__GCF_000523515.1	266	190	159	0.283019	ok
GCF_013277415.1__GCA_905221235.1	287	216	129	0.244755	ok
GCF_013277515.1__GCF_002096855.1	252	182	129	0.274900	ok
GCF_013302895.1__GCF_017676365.1	665	460	530	0.307229	ok
GCF_013304735.1__GCA_900764225.1	443	366	204	0.171946	ok
GCF_013315795.1__GCF_001612985.1	624	473	331	0.240770	ok
GCF_013337765.1__GCF_008329905.1	160	100	101	0.371069	ok
GCF_013359815.1__GCF_014646995.1	201	154	121	0.230000	ok
GCF_013372105.1__GCF_000816245.1	9	8	4	0.000000	ok
GCF_013372185.1__GCF_001017575.1	2	0	1	1.000000	ok
GCF_013372585.1__GCF_900106535.1	398	304	188	0.234257	ok
GCF_013372625.1__GCF_001552195.1	962	746	461	0.223725	ok
GCF_013372625.1__GCF_013364275.1	1100	819	547	0.254777	ok
GCF_013376875.1__GCA_019218755.1	78	43	62	0.441558	ok
GCF_013385175.1__GCF_018409545.1	348	255	171	0.265130	ok
GCF_013386825.1__GCF_003851685.1	591	429	294	0.272881	ok
GCF_013388355.1__GCF_003312915.1	84	8	26	0.903614	ok
GCF_013401555.1__GCF_001570725.1	290	112	232	0.612457	ok
GCF_013407145.1__GCF_000956175.1	51	11	49	0.780000	ok
GCF_013408555.1__GCF_007992115.1	110	50	101	0.541284	ok
GCF_013410355.1__GCF_000421565.1	197	82	178	0.581633	ok
GCF_013433315.1__GCF_002236105.1	378	286	193	0.241379	ok
GCF_013449725.1__GCF_001456355.1	49	27	38	0.437500	ok
GCF_013607945.1__GCF_900103345.1	447	330	235	0.260090	ok
GCF_013623835.1__GCF_900169265.1	187	131	113	0.295699	ok
GCF_013623905.1__GCA_019117545.1	372	306	199	0.175202	ok
GCF_013761005.1__GCA_018224315.1	521	448	257	0.138462	ok
GCF_013978595.1__GCA_014490595.1	26	13	20	0.480000	ok
GCF_014170305.1__GCF_002902905.1	370	239	259	0.352304	ok
GCF_014190775.1__GCA_001898805.1	66	43	47	0.338462	ok
GCF_014197135.1__GCF_000739895.2	227	173	118	0.234513	ok
GCF_014201315.1__GCF_013410115.1	109	79	67	0.268519	ok
GCF_014201515.1__GCA_002243705.1	144	106	84	0.258741	ok
GCF_014201775.1__GCF_014205885.1	248	201	83	0.186235	ok
GCF_014201875.1__GCF_014647055.1	277	196	160	0.289855	ok
GCF_014204815.1__GCF_000023205.1	37	21	30	0.416667	ok
GCF_014204855.1__GCF_014645895.1	243	129	207	0.466942	ok
GCF_014205255.1__GCF_003369795.1	277	131	261	0.525362	ok
GCF_014207905.1__GCF_017352115.1	235	112	113	0.521368	ok
GCF_014211915.1__GCF_000012365.1	402	247	337	0.384040	ok
GCF_014217875.1__GCF_000179255.1	130	93	115	0.279070	ok
GCF_014224155.1__GCA_000183865.1	23	16	9	0.272727	ok
GCF_014251655.1__GCF_014251715.1	1	0	0	1.000000	ok
GCF_014251695.1__GCF_000471965.1	2	1	1	0.000000	ok
GCF_014252075.1__GCF_000471965.1	2	1	1	0.000000	ok
GCF_014252115.1__GCF_000348805.1	1	0	0	1.000000	ok
GCF_014252415.1__GCF_014252375.1	1	0	0	1.000000	ok
GCF_014253065.1__GCF_004803815.1	41	31	27	0.225000	ok
GCF_014268445.2__GCF_003033885.1	363	191	313	0.472376	ok
GCF_014269185.2__GCF_002741075.1	267	144	224	0.458647	ok
GCF_014279835.1__GCF_000014585.1	5	2	4	0.500000	ok
GCF_014284235.1__GCF_010078235.1	76	55	37	0.266667	ok
GCF_014352935.1__GCF_004299785.2	239	124	204	0.478992	ok
GCF_014451325.1__GCA_000716465.1	238	172	153	0.274262	ok
GCF_014489535.1__GCF_011305535.1	234	70	212	0.699571	ok
GCF_014529935.1__GCF_012516355.1	221	123	168	0.440909	ok
GCF_014530035.1__GCF_014529985.1	51	34	27	0.320000	ok
GCF_014596525.1__GCA_000716465.1	438	317	240	0.274600	ok
GCF_014596525.1__GCF_001905665.1	289	229	136	0.204861	ok
GCF_014647415.1__GCF_000011085.1	125	87	79	0.298387	ok
GCF_014648255.1__GCA_014360585.1	306	258	152	0.154098	ok
GCF_014650435.1__GCA_000696115.1	538	383	344	0.286778	ok
GCF_014650695.1__GCF_014648795.1	491	378	283	0.228571	ok
GCF_014650815.1__GCF_000414115.1	920	740	443	0.194777	ok
GCF_014695175.1__GCF_000317475.1	850	607	459	0.285041	ok
GCF_014697075.1__GCF_002368195.1	1384	1011	673	0.268980	ok
GCF_014697105.1__GCF_009856605.1	982	737	492	0.248726	ok
GCF_014698475.1__GCF_014697615.1	819	621	380	0.240831	ok
GCF_014698795.1__GCF_002813575.1	1583	1188	787	0.249052	ok
GCF_014773485.1__GCF_009738185.1	240	148	138	0.380753	ok
GCF_014779605.1__GCF_900143185.1	176	114	95	0.348571	ok
GCF_014842025.1__GCA_003484545.1	736	633	307	0.138776	ok
GCF_014845115.1__GCF_003111705.1	638	476	335	0.252747	ok
GCF_014904705.1__GCA_017640745.1	113	100	61	0.107143	ok
GCF_014905555.1__GCF_014650035.1	480	334	299	0.302714	ok
GCF_014931215.1__GCF_013372185.1	5	3	3	0.250000	ok
GCF_015350995.1__GCF_000333375.1	730	623	325	0.145405	ok
GCF_015354345.1__GCF_001183865.1	113	74	73	0.339286	ok
GCF_015354575.1__GCF_900187455.1	453	337	231	0.254425	ok
GCF_015461845.1__GCF_012935695.1	308	205	217	0.332248	ok
GCF_015553985.1__GCA_001941065.1	186	119	117	0.356757	ok
GCF_015553985.1__GCF_000210575.1	103	60	69	0.411765	ok
GCF_015679325.1__GCF_900156725.1	121	52	104	0.566667	ok
GCF_015680705.1__GCF_000730665.1	332	247	182	0.253776	ok
GCF_015689195.1__GCF_019056595.1	24	9	21	0.608696	ok
GCF_015709225.1__GCF_000018785.1	39	28	21	0.263158	ok
GCF_015767435.1__GCA_001873065.1	234	182	123	0.218884	ok
GCF_016027715.1__GCF_018403745.1	102	50	83	0.504950	ok
GCF_016031625.1__GCF_000617845.2	235	161	139	0.311966	ok
GCF_016236915.1__GCF_900168265.1	316	212	94	0.326984	ok
GCF_016461705.1__GCF_900101445.1	26	19	10	0.240000	ok
GCF_016615955.1__GCF_016615815.1	63	36	41	0.419355	ok
GCF_016616425.1__GCF_015624505.1	141	75	114	0.464286	ok
GCF_016650695.1__GCF_001307155.1	458	341	251	0.253829	ok
GCF_016724785.1__GCF_008633215.1	149	103	62	0.304054	ok
GCF_016743335.1__GCA_000440235.1	344	260	176	0.241983	ok
GCF_016743775.1__GCF_014191055.1	276	212	153	0.229091	ok
GCF_016775705.1__GCF_003815975.1	193	65	163	0.661458	ok
GCF_016803395.1__GCF_015751765.1	723	566	338	0.216066	ok
GCF_016892625.1__GCF_900169365.1	116	65	75	0.434783	ok
GCF_016894265.1__GCF_016127015.1	20	15	11	0.210526	ok
GCF_016900095.1__GCA_905214345.1	255	207	120	0.185039	ok
GCF_016905445.1__GCF_008642315.1	823	607	406	0.261557	ok
GCF_016909445.1__GCF_000292795.1	329	230	203	0.298780	ok
GCF_016918785.1__GCF_001729245.1	228	156	122	0.312775	ok
GCF_016919385.1__GCF_000344135.1	101	70	67	0.300000	ok
GCF_017301635.1__GCF_000331735.1	2	1	1	0.000000	ok
GCF_017303275.1__GCF_000565285.1	236	167	111	0.289362	ok
GCF_017347095.1__GCF_014282005.1	372	273	186	0.264151	ok
GCF_017349075.1__GCF_003391135.1	399	263	304	0.339196	ok
GCF_017357425.1__GCF_014648735.1	167	66	137	0.602410	ok
GCF_017569185.1__GCF_014784055.1	183	68	141	0.626374	ok
GCF_017569925.1__GCF_002291445.1	10	3	9	0.666667	ok
GCF_017599305.1__GCF_014205165.1	552	382	340	0.306715	ok
GCF_017814945.1__GCF_900108945.1	1247	919	644	0.262440	ok
GCF_017874195.1__GCA_016841385.1	344	285	187	0.169096	ok
GCF_017874595.1__GCF_002288525.1	334	239	199	0.282282	ok
GCF_017874765.1__GCF_017874735.1	226	169	111	0.248889	ok
GCF_017876315.1__GCF_900115005.1	544	383	404	0.294659	ok
GCF_017968885.1__GCF_004786035.1	15	5	14	0.642857	ok
GCF_018070575.1__GCF_900143515.1	353	211	186	0.400568	ok
GCF_018127965.1__GCF_003609775.1	98	69	60	0.288660	ok
GCF_018128905.1__GCF_003443735.1	151	100	132	0.333333	ok
GCF_018129965.1__GCF_015291725.1	240	170	138	0.288703	ok
GCF_018130505.1__GCF_011516645.2	214	151	118	0.291080	ok
GCF_018130955.1__GCF_008932115.1	581	433	292	0.253448	ok
GCF_018131105.1__GCF_015291705.1	119	64	83	0.457627	ok
GCF_018207095.1__GCF_014651695.1	523	390	262	0.252874	ok
GCF_018343695.1__GCF_018343625.1	229	105	200	0.539474	ok
GCF_018417635.1__GCF_000319305.2	226	115	204	0.488889	ok
GCF_018448885.1__GCF_003634575.1	848	612	430	0.277450	ok
GCF_018501225.1__GCF_017338855.1	155	103	98	0.331169	ok
GCF_018596315.1__GCF_005937885.2	573	415	314	0.274476	ok
GCF_018596315.1__GCF_018398875.1	738	546	350	0.259159	ok
GCF_018613195.1__GCF_018613235.1	200	152	118	0.236181	ok
GCF_018614075.1__GCF_014650695.1	417	302	222	0.274038	ok
GCF_018614525.1__GCF_014650335.1	602	445	291	0.259567	ok
GCF_018688155.1__GCF_018687675.1	14	8	10	0.384615	ok
GCF_018688255.1__GCF_000973625.1	7	3	4	0.500000	ok
GCF_018742245.1__GCF_001595725.1	125	65	102	0.475806	ok
GCF_018861005.1__GCF_001975665.1	202	140	104	0.303483	ok
GCF_018881505.1__GCF_018687755.1	46	11	42	0.755556	ok
GCF_018881505.1__GCF_018881835.1	41	7	38	0.825000	ok
GCF_018881595.1__GCF_018881815.1	61	33	46	0.450000	ok
GCF_018882415.1__GCF_018688315.1	13	1	12	0.916667	ok
GCF_018986935.1__GCF_014193585.1	70	45	50	0.347826	ok
GCF_019038615.1__GCF_018215265.1	198	145	107	0.263959	ok
GCF_019104725.1__GCF_019090105.1	401	305	212	0.237500	ok
GCF_900009135.1__GCA_001873365.1	1003	766	493	0.235529	ok
GCF_900012615.1__GCF_005221385.1	28	17	22	0.370370	ok
GCF_900044055.2__GCF_001544695.2	1054	792	512	0.247863	ok
GCF_900044055.2__GCF_001544875.2	570	440	283	0.226714	ok
GCF_900078675.2__GCF_000164135.1	229	90	199	0.605263	ok
GCF_900078685.2__GCF_000455125.1	237	153	173	0.351695	ok
GCF_900083545.1__GCF_000312145.1	34	18	25	0.454545	ok
GCF_900088125.1__GCA_902363535.1	154	110	107	0.281046	ok
GCF_900089605.1__GCF_900091565.1	263	141	232	0.461832	ok
GCF_900090295.1__GCF_000718555.1	311	157	274	0.493548	ok
GCF_900091315.1__GCF_018128905.1	615	440	332	0.283388	ok
GCF_900095205.1__GCF_018687815.1	32	1	31	0.967742	ok
GCF_900098745.1__GCF_004102025.1	239	145	139	0.390756	ok
GCF_900101175.1__GCF_009832905.1	108	66	73	0.383178	ok
GCF_900101585.1__GCF_000829695.1	173	129	95	0.250000	ok
GCF_900103455.1__GCF_003122365.1	226	153	134	0.320000	ok
GCF_900105805.1__GCF_001623525.1	269	141	217	0.473881	ok
GCF_900106555.1__GCA_015709615.1	993	745	473	0.248992	ok
GCF_900106585.1__GCA_905215645.1	231	166	170	0.278261	ok
GCF_900106755.1__GCF_000011065.1	178	115	102	0.350282	ok
GCF_900106855.1__GCA_905332515.2	5	3	3	0.250000	ok
GCF_900108565.1__GCF_001499905.1	234	64	220	0.725322	ok
GCF_900108565.1__GCF_001500025.1	201	59	190	0.705000	ok
GCF_900109045.1__GCA_017744695.1	166	115	108	0.303030	ok
GCF_900109465.1__GCF_000787855.1	727	544	391	0.250689	ok
GCF_900110755.1__GCF_003112535.1	488	368	237	0.244353	ok
GCF_900110755.1__GCF_016860545.1	387	273	221	0.292746	ok
GCF_900110955.1__GCF_001701025.1	510	369	279	0.275049	ok
GCF_900112425.1__GCF_000184745.1	352	253	196	0.279202	ok
GCF_900114445.1__GCF_000330705.1	103	76	66	0.254902	ok
GCF_900115075.1__GCF_001598475.1	64	49	29	0.222222	ok
GCF_900116385.1__GCF_900104255.1	30	14	23	0.517241	ok
GCF_900142235.1__GCF_900129915.1	460	322	243	0.298475	ok
GCF_900155685.1__GCF_001403875.1	314	111	266	0.645367	ok
GCF_900156545.1__GCF_000467105.1	111	86	63	0.218182	ok
GCF_900156755.1__GCF_000024285.1	126	78	85	0.376000	ok
GCF_900157365.1__GCF_002356315.1	108	35	102	0.672897	ok
GCF_900157385.1__GCF_009741445.1	224	124	174	0.443946	ok
GCF_900167405.1__GCF_001552295.1	354	296	148	0.161473	ok
GCF_900176205.1__GCF_000239795.1	1150	896	681	0.220191	ok
GCF_900176515.1__GCA_000720375.1	499	375	270	0.246988	ok
GCF_900177745.1__GCF_009734405.1	85	43	58	0.488095	ok
GCF_900188225.1__GCA_016218665.1	321	191	164	0.403125	ok
GCF_900188375.1__GCF_900115505.1	306	221	184	0.275410	ok
GCF_900215245.1__GCF_013359595.1	379	206	327	0.455026	ok
GCF_900215625.1__GCF_019056395.1	30	23	16	0.206897	ok
GCF_900220995.1__GCF_900142805.1	93	60	62	0.347826	ok
GCF_900236475.1__GCF_001514125.1	397	184	352	0.535354	ok
GCF_900239345.1__GCF_900239185.1	283	203	105	0.280142	ok
GCF_900243075.1__GCF_001299635.1	594	398	246	0.328836	ok
GCF_900258035.1__GCA_001184405.1	588	416	326	0.291312	ok
GCF_900258035.1__GCA_001580565.1	864	648	364	0.249131	ok
GCF_900269665.1__GCF_000250675.2	256	144	240	0.435294	ok
GCF_900312745.1__GCF_000520995.1	196	121	114	0.379487	ok
GCF_900411395.1__GCA_905221435.1	346	252	176	0.269565	ok
GCF_900445235.1__GCF_014138625.1	150	113	92	0.241611	ok
GCF_900458435.1__GCF_003718735.1	20	8	15	0.578947	ok
GCF_900460065.1__GCF_016901035.1	770	659	352	0.143043	ok
GCF_900474295.1__GCF_900473935.1	100	75	59	0.242424	ok
GCF_900496975.1__GCF_902859585.1	378	281	209	0.254642	ok
GCF_900624995.1__GCF_014207255.1	545	386	316	0.290441	ok
GCF_900637725.1__GCF_900607225.1	38	24	30	0.351351	ok
GCF_902196125.1__GCF_000187625.1	212	158	87	0.251185	ok
GCF_902460415.1__GCA_018375265.1	483	417	227	0.134855	ok
GCF_902506065.1__GCA_001313365.1	326	219	245	0.326154	ok
GCF_902506375.1__GCA_018268435.1	435	284	342	0.345622	ok
GCF_902506575.1__GCF_014534645.1	809	491	630	0.392327	ok
GCF_902859735.1__GCF_902859745.1	419	297	268	0.289474	ok
