query	reference	sv_type	q_contig	q_start	q_end	r_contig	r_start	r_end	size	support_left	support_right
FHaNCM24GMM6_ctg_contig1	FSHHK16M1_ctg_contig1	Inversion	FHaNCM24GMM6_ctg_contig1	795	192343	FSHHK16M1_ctg_contig4	5899	201963	191548	0	23
FHaNCM24GMM6_ctg_contig1	FSHHK16M1_ctg_contig1	Insertion	FHaNCM24GMM6_ctg_contig1	33798	36907	FSHHK16M1_ctg_contig4	167268	168974	1403	76	319
FHaNCM24GMM6_ctg_contig1	FSHHK16M1_ctg_contig1	Deletion	FHaNCM24GMM6_ctg_contig1	100316	100919	FSHHK16M1_ctg_contig4	103030	104740	1107	210	185
FHaNCM24GMM6_ctg_contig1	FSHHK16M1_ctg_contig1	Deletion	FHaNCM24GMM6_ctg_contig1	153054	154949	FSHHK16M1_ctg_contig4	43324	50886	5667	330	65
FHaNCM24GMM6_ctg_contig1	FSHHK16M1_ctg_contig1	Translocation	FHaNCM24GMM6_ctg_contig1	192171	213649	FSHHK16M1_ctg_contig9	39473	39473	21478	395	23
FHaNCM24GMM6_ctg_contig1	FSHHK16M1_ctg_contig1	Inversion	FHaNCM24GMM6_ctg_contig1	213480	223555	FSHHK16M1_ctg_contig9	29569	39640	10075	395	14
FHaNCM24GMM6_ctg_contig1	FSHHK16M1_ctg_contig1	Deletion	FHaNCM24GMM6_ctg_contig1	223386	229880	FSHHK16M1_ctg_contig9	16738	29736	6504	23	14
FHaNCM24GMM6_ctg_contig1	FSHHK16M1_ctg_contig1	Inversion	FHaNCM24GMM6_ctg_contig1	229760	235255	FSHHK16M1_ctg_contig9	11377	16858	5495	23	138
FHaNCM24GMM6_ctg_contig1	FSHHK16M1_ctg_contig1	Translocation	FHaNCM24GMM6_ctg_contig1	235135	246637	FSHHK16M1_ctg_contig8	72101	72101	11502	14	138
FHaNCM24GMM6_ctg_contig1	FSHHK16M1_ctg_contig1	Inversion	FHaNCM24GMM6_ctg_contig1	246506	313771	FSHHK16M1_ctg_contig8	962	72232	67265	14	91
FHaNCM24GMM6_ctg_contig1	FSHHK16M1_ctg_contig1	Deletion	FHaNCM24GMM6_ctg_contig1	280490	285300	FSHHK16M1_ctg_contig8	29433	37451	3208	79	59
FHaNCM24GMM6_ctg_contig1	FSHHK16M1_ctg_contig1	Translocation	FHaNCM24GMM6_ctg_contig1	313640	315085	FSHHK16M1_ctg_contig6	185329	185329	1445	138	91
FHaNCM24GMM6_ctg_contig1	FSHHK16M1_ctg_contig1	Inversion	FHaNCM24GMM6_ctg_contig1	314908	358386	FSHHK16M1_ctg_contig6	142022	185505	43478	138	304
FHaNCM24GMM6_ctg_contig1	FSHHK16M1_ctg_contig1	Insertion	FHaNCM24GMM6_ctg_contig1	358209	388942	FSHHK16M1_ctg_contig6	141153	142198	29688	91	304
FHaNCM24GMM6_ctg_contig1	FSHHK16M1_ctg_contig1	Inversion	FHaNCM24GMM6_ctg_contig1	388780	530194	FSHHK16M1_ctg_contig6	0	141315	141414	91	67
FHaNCM24GMM6_ctg_contig1	FSHHK16M1_ctg_contig1	Translocation	FHaNCM24GMM6_ctg_contig1	530032	531465	FSHHK16M1_ctg_contig13	1463	1463	1433	304	67
FHaNCM24GMM6_ctg_contig1	FSHHK16M1_ctg_contig1	Deletion	FHaNCM24GMM6_ctg_contig1	538661	539146	FSHHK16M1_ctg_contig13	8659	11105	1961	16	51
FHaNCM24GMM6_ctg_contig1	FSHHK16M1_ctg_contig1	Translocation	FHaNCM24GMM6_ctg_contig1	559856	566534	FSHHK16M1_ctg_contig12	469	469	6678	67	173
FHaNCM24GMM6_ctg_contig1	FSHHK16M1_ctg_contig1	Deletion	FHaNCM24GMM6_ctg_contig1	600368	601110	FSHHK16M1_ctg_contig12	34292	36572	1538	68	105
FHaNCM24GMM6_ctg_contig1	FSHHK16M1_ctg_contig1	Deletion	FHaNCM24GMM6_ctg_contig2	44586	47641	FSHHK16M1_ctg_contig1	44662	68728	21011	91	72
FHaNCM24GMM6_ctg_contig1	FSHHK16M1_ctg_contig1	Insertion	FHaNCM24GMM6_ctg_contig3	95596	98481	FSHHK16M1_ctg_contig1	195742	197147	1480	169	45
FHaNCM24GMM6_ctg_contig1	FSHHK16M1_ctg_contig1	Insertion	FHaNCM24GMM6_ctg_contig3	116439	166724	FSHHK16M1_ctg_contig1	215105	217135	48255	214	214
FHaNCM24GMM6_ctg_contig1	FSHHK16M1_ctg_contig1	Deletion	FHaNCM24GMM6_ctg_contig3	266515	277844	FSHHK16M1_ctg_contig1	317258	340843	12256	214	101
FHaNCM24GMM6_ctg_contig1	FSHHK16M1_ctg_contig1	Insertion	FHaNCM24GMM6_ctg_contig3	280205	282447	FSHHK16M1_ctg_contig1	343204	343822	1624	6	95
FHaNCM24GMM6_ctg_contig1	FSHHK16M1_ctg_contig1	Insertion	FHaNCM24GMM6_ctg_contig3	282771	286322	FSHHK16M1_ctg_contig1	344146	345271	2426	8	93
FHaNCM24GMM6_ctg_contig1	FSHHK16M1_ctg_contig1	Deletion	FHaNCM24GMM6_ctg_contig3	329250	329592	FSHHK16M1_ctg_contig1	389250	393507	3915	9	247
FHaNCM24GMM6_ctg_contig1	FSHHK16M1_ctg_contig1	Deletion	FHaNCM24GMM6_ctg_contig3	437913	438267	FSHHK16M1_ctg_contig1	501752	504971	2865	249	7
FHaNCM24GMM6_ctg_contig1	FSHHK16M1_ctg_contig1	Insertion	FHaNCM24GMM6_ctg_contig3	440970	444672	FSHHK16M1_ctg_contig1	507674	508418	2958	256	107
FHaNCM24GMM6_ctg_contig1	FSHHK16M1_ctg_contig1	Inversion	FHaNCM24GMM6_ctg_contig4	22743	35483	FSHHK16M1_ctg_contig3	52364	65261	12740	0	95
FHaNCM24GMM6_ctg_contig1	FSHHK16M1_ctg_contig1	Insertion	FHaNCM24GMM6_ctg_contig4	35363	45477	FSHHK16M1_ctg_contig3	51207	52484	8837	34	95
FHaNCM24GMM6_ctg_contig1	FSHHK16M1_ctg_contig1	Inversion	FHaNCM24GMM6_ctg_contig4	45305	94862	FSHHK16M1_ctg_contig3	265	51378	49557	34	0
FHaNCM24GMM6_ctg_contig1	FSHHK16M1_ctg_contig1	Deletion	FHaNCM24GMM6_ctg_contig4	62571	64482	FSHHK16M1_ctg_contig3	30678	34107	1518	36	59
FHaNCM24GMM6_ctg_contig1	FSHHK16M1_ctg_contig1	Inversion	FHaNCM24GMM6_ctg_contig5	1108	124035	FSHHK16M1_ctg_contig2	75760	231803	122927	0	0
FHaNCM24GMM6_ctg_contig1	FSHHK16M1_ctg_contig1	Deletion	FHaNCM24GMM6_ctg_contig5	30047	32896	FSHHK16M1_ctg_contig2	182455	202852	17548	65	188
FHaNCM24GMM6_ctg_contig1	FSHHK16M1_ctg_contig1	Insertion	FHaNCM24GMM6_ctg_contig5	71191	73582	FSHHK16M1_ctg_contig2	143264	144369	1286	146	107
FHaNCM24GMM6_ctg_contig1	FSHHK16M1_ctg_contig1	Deletion	FHaNCM24GMM6_ctg_contig5	73669	74999	FSHHK16M1_ctg_contig2	124385	143177	17462	148	105
FHaNCM24GMM6_ctg_contig1	FSHHK16M1_ctg_contig1	Inversion	FHaNCM24GMM6_ctg_contig6	16842	81309	FSHHK16M1_ctg_contig1	916758	981200	64467	0	0
FHaNCM24GMM6_ctg_contig1	FSHHK16M1_ctg_contig1	Inversion	FHaNCM24GMM6_ctg_contig7	271	43995	FSHHK16M1_ctg_contig1	872617	916376	43724	0	130
FHaNCM24GMM6_ctg_contig1	FSHHK16M1_ctg_contig1	Insertion	FHaNCM24GMM6_ctg_contig7	43802	50475	FSHHK16M1_ctg_contig1	867815	872809	1679	93	130
FHaNCM24GMM6_ctg_contig1	FSHHK16M1_ctg_contig1	Inversion	FHaNCM24GMM6_ctg_contig7	50288	122476	FSHHK16M1_ctg_contig1	796218	868002	72188	93	0
FHaNCM24GMM6_ctg_contig1	FSHHK16M1_ctg_contig1	Inversion	FHaNCM24GMM6_ctg_contig8	3689	104937	FSHHK16M1_ctg_contig1	678306	779558	101248	0	56
FHaNCM24GMM6_ctg_contig1	FSHHK16M1_ctg_contig1	Deletion	FHaNCM24GMM6_ctg_contig8	104756	107404	FSHHK16M1_ctg_contig1	586722	678487	89117	193	56
FHaNCM24GMM6_ctg_contig1	FSHHK16M1_ctg_contig1	Inversion	FHaNCM24GMM6_ctg_contig8	107249	134349	FSHHK16M1_ctg_contig1	560170	586877	27100	193	0
FHaNCM24GMM6_ctg_contig1	FSHHK16M1_ctg_contig1	Deletion	FHaNCM24GMM6_ctg_contig9	9390	10177	FSHHK16M1_ctg_contig11	66041	69391	2563	19	35
FHaNCM24GMM6_ctg_contig1	FSHHK16M1_ctg_contig1	Deletion	FHaNCM24GMM6_ctg_contig9	16922	17228	FSHHK16M1_ctg_contig11	76113	77754	1335	30	24
FHaNCM24GMM6_ctg_contig1	FSHHK16M1_ctg_contig1	Translocation	FHaNCM24GMM6_ctg_contig9	27076	33139	FSHHK16M1_ctg_contig2	362	362	6063	54	148
FHaNCM24GMM6_ctg_contig1	FSHHK16M1_ctg_contig1	Deletion	FHaNCM24GMM6_ctg_contig10	16104	22357	FSHHK16M1_ctg_contig10	16307	39795	17235	37	107
FHaNCM24GMM6_ctg_contig1	FSHHK16M1_ctg_contig1	Insertion	FHaNCM24GMM6_ctg_contig10	79821	87339	FSHHK16M1_ctg_contig10	96801	98497	5822	107	36
FHaNCM24GMM6_ctg_contig1	FSHHK16M1_ctg_contig1	Inversion	FHaNCM24GMM6_ctg_contig11	358	71736	FSHHK16M1_ctg_contig7	16909	99485	71378	0	0
FHaNCM24GMM6_ctg_contig1	FSHHK16M1_ctg_contig1	Deletion	FHaNCM24GMM6_ctg_contig11	17269	17757	FSHHK16M1_ctg_contig7	71292	82568	10788	26	101
FHaNCM24GMM6_ctg_contig1	FSHHK16M1_ctg_contig1	Inversion	FHaNCM24GMM6_ctg_contig12	508	21332	FSHHK16M1_ctg_contig11	35563	56181	20824	0	80
FHaNCM24GMM6_ctg_contig1	FSHHK16M1_ctg_contig1	Insertion	FHaNCM24GMM6_ctg_contig12	21210	26472	FSHHK16M1_ctg_contig11	35065	35684	4643	42	80
FHaNCM24GMM6_ctg_contig1	FSHHK16M1_ctg_contig1	Inversion	FHaNCM24GMM6_ctg_contig12	26341	60280	FSHHK16M1_ctg_contig11	1549	35196	33939	42	0
FHaNCM24GMM6_ctg_contig1	FSHHK16M1_ctg_contig1	Inversion	FHaNCM24GMM6_ctg_contig13	757	26586	FSHHK16M1_ctg_contig3	69838	95645	25829	0	0
FHaNCM24GMM6_ctg_contig1	FSHHK16M1_ctg_contig1	Deletion	FHaNCM24GMM6_ctg_contig14	9941	10967	FSHHK16M1_ctg_contig7	109772	117921	7123	21	36
FHaNCM24GMM6_ctg_contig1	FSHHK16M1_ctg_contig1	Inversion	FHaNCM24GMM6_ctg_contig15	277	10819	FSHHK16M1_ctg_contig7	6243	16782	10542	0	8
FHaNCM24GMM6_ctg_contig1	FSHHK16M1_ctg_contig1	Insertion	FHaNCM24GMM6_ctg_contig15	10575	24794	FSHHK16M1_ctg_contig7	3018	6487	10750	19	8
FHaNCM24GMM6_ctg_contig1	FSHHK16M1_ctg_contig1	Inversion	FHaNCM24GMM6_ctg_contig15	24698	26992	FSHHK16M1_ctg_contig7	817	3117	2294	19	0
FHaNCM24GMM6_ctg_contig1	FSHHK16M1_ctg_contig1	Inversion	FHaNCM24GMM6_ctg_contig16	0	9920	FSHHK16M1_ctg_contig1	782708	792798	9920	0	0
FHaNCM24GMM6_ctg_contig1	FSHHK16M1_ctg_contig1	Inversion	FHaNCM24GMM6_ctg_contig18	535	3103	FSHHK16M1_ctg_contig1	792653	795226	2568	0	0
