query	reference	ani	ani_uniform	af_query	af_reference	std_err	synteny_blocks	anchor_adjacency	breakpoint_count	ani_gated	gate	flag
DFDY01000113.1	ONIP01000060.1	93.5947	93.5947	0.0010	0.0009	1.65711	1	1.0000	0	93.5947	uniform	ok
DFDY01000113.1	DGIA01000010.1	99.5364	99.5364	0.0053	0.0067	0.26823	3	1.0000	0	99.5364	uniform	ok
DHNI01000101.1	JAAZLQ010000358.1	99.9999	99.9999	0.0013	0.0011	8.30454	1	1.0000	0	99.9999	uniform	ok
NZ_CP043641.1	WHST01000131.1	87.9578	87.9578	0.0022	0.0017	1.70515	1	1.0000	0	87.9578	uniform	BELOW_DETECTION
NZ_CP043641.1	JADJVX010000001.1	88.0315	88.0315	0.0016	0.0021	1.81513	1	1.0000	0	88.0315	uniform_fallback	INCONSISTENT
NZ_CP043641.1	JAFKIW010000006.1	86.8357	86.8357	0.0313	0.0369	0.59572	6	0.8750	5	86.8357	uniform	BELOW_DETECTION
DGTJ01000008.1	DEJF01000056.1	88.2287	88.2287	0.0054	0.0050	1.84729	1	1.0000	0	88.2287	uniform	ok
DGTJ01000008.1	DFGF01000135.1	94.5313	94.5313	0.0002	0.0002	2.00968	1	1.0000	0	94.5313	uniform_fallback	INCONSISTENT
DGTJ01000008.1	DFJI01000040.1	88.3638	88.3638	0.0027	0.0040	2.01375	1	1.0000	0	88.3638	uniform_fallback	INCONSISTENT
DGTJ01000008.1	DFKL01000147.1	98.7500	98.7500	0.0003	0.0005	0.87834	1	1.0000	0	98.7500	uniform	ok
DGTJ01000008.1	DFTH01000014.1	92.9695	92.9695	0.0051	0.0076	1.38806	2	1.0000	0	92.9695	uniform	ok
DJZY01000045.1	DRHY01000001.1	97.7115	97.7115	0.0029	0.0050	0.92598	1	1.0000	0	97.7115	uniform	ok
NZ_BMXS01000001.1	DRFS01000001.1	67.8508	86.7934	0.0059	0.0061	1.32444	1	1.0000	0	86.7934	uniform_fallback	BELOW_DETECTION
DKVF01000063.1	QUKC01000001.1	96.2963	96.2963	0.0009	0.0006	1.81723	1	1.0000	0	96.2963	uniform_fallback	INCONSISTENT
NZ_JACZZA010000010.1	NZ_JAGJRS010000001.1	85.9356	87.8374	0.0774	0.1050	0.31259	19	0.9463	8	85.9356	gamma	BELOW_DETECTION
NZ_JACZZA010000010.1	SCQU01000006.1	89.9959	89.9959	0.0019	0.0032	1.58397	1	1.0000	0	89.9959	uniform	INCONSISTENT
NZ_JACZZA010000010.1	CP050452.1	91.6882	91.6882	0.0010	0.0012	1.84582	1	1.0000	0	91.6882	uniform	INCONSISTENT
NZ_JACZZA010000010.1	JAACZU010000001.1	90.9857	90.9857	0.0035	0.0046	1.02898	3	1.0000	0	90.9857	uniform	INCONSISTENT
NZ_JACZZA010000010.1	DEVL01000003.1	89.4808	89.4808	0.0037	0.0050	1.21189	2	1.0000	0	89.4808	uniform	INCONSISTENT
NZ_JADMSO010000010.1	RAYB01000109.1	99.0317	99.0317	0.0012	0.0009	0.68753	1	1.0000	0	99.0317	uniform	ok
DKVK01000083.1	DERZ01000008.1	99.9999	99.9999	0.0021	0.0033	6.44156	1	1.0000	0	99.9999	uniform	ok
PABG01000001.1	DSBO01000006.1	92.0147	92.0147	0.0006	0.0008	2.06684	1	1.0000	0	92.0147	uniform_fallback	INCONSISTENT
PABG01000001.1	RFTM01000001.1	89.7882	89.7882	0.0020	0.0021	1.87174	1	1.0000	0	89.7882	uniform	ok
PABG01000001.1	DROT01000001.1	91.4062	91.4062	0.0038	0.0038	1.20225	3	0.9333	1	91.4062	uniform	ok
NZ_NRRU01000001.1	NZ_JAGGNW010000009.1	90.2693	90.2693	0.0076	0.0072	0.66053	6	1.0000	0	90.2693	uniform	INCONSISTENT
NZ_NRRU01000001.1	NZ_CADFEN010000001.1	85.6392	85.6392	0.0088	0.0067	0.98965	2	1.0000	0	85.6392	uniform	BELOW_DETECTION
NZ_NRRU01000001.1	SBFS01000297.1	88.4205	88.4205	0.0021	0.0042	1.80527	1	1.0000	0	88.4205	uniform	INCONSISTENT
NZ_NRRU01000001.1	JAAYCV010000073.1	94.5313	94.5313	0.0001	0.0002	2.00968	1	1.0000	0	94.5313	uniform_fallback	INCONSISTENT
NZ_NRRU01000001.1	JACMKJ010000435.1	88.4476	88.4476	0.0044	0.0047	1.22205	2	1.0000	0	88.4476	uniform_fallback	INCONSISTENT
NZ_NRRU01000001.1	SCMQ01000010.1	91.2005	91.2005	0.0084	0.0098	0.60460	7	0.9744	1	91.2005	uniform	INCONSISTENT
NZ_NRRU01000001.1	JACRPA010000007.1	93.6678	93.6678	0.0006	0.0010	1.36420	2	1.0000	0	93.6678	uniform_fallback	INCONSISTENT
NZ_NRRU01000001.1	DSNY01000034.1	87.6159	87.6159	0.0037	0.0047	1.24384	2	1.0000	0	87.6159	uniform	BELOW_DETECTION
NZ_NRRU01000001.1	WNDQ01000001.1	89.3724	89.3724	0.0065	0.0086	0.80643	4	1.0000	0	89.3724	uniform	INCONSISTENT
NZ_NRRU01000001.1	WNDX01000001.1	96.0496	96.0496	0.0001	0.0001	1.71817	1	1.0000	0	96.0496	uniform	INCONSISTENT
NZ_NRRU01000001.1	RFMI01000136.1	93.0587	93.0587	0.0007	0.0020	1.82385	1	1.0000	0	93.0587	uniform	ok
NYTE01000025.1	VMDC01000001.1	95.5542	95.5542	0.0020	0.0016	1.61098	1	1.0000	0	95.5542	uniform	ok
PAUU01000059.1	WTHR01000248.1	92.9807	92.9807	0.5718	0.3661	0.14952	83	0.9595	28	92.9807	uniform	ok
NZ_BOOA01000001.1	NZ_FOLJ01000034.1	87.8581	87.8581	0.0042	0.0050	1.12988	1	1.0000	0	87.8581	uniform	BELOW_DETECTION
NZ_BOOA01000001.1	JODX01000001.1	88.3040	88.3040	0.0013	0.0017	1.88941	1	1.0000	0	88.3040	uniform	ok
NZ_BOOA01000001.1	RHDP01000001.1	87.4588	87.4588	0.0038	0.0050	1.30719	1	1.0000	0	87.4588	uniform_fallback	BELOW_DETECTION
NZ_BOOA01000001.1	WHST01000131.1	88.0748	88.0748	0.0027	0.0036	1.21403	2	1.0000	0	88.0748	uniform	BELOW_DETECTION
NZ_BOOA01000001.1	WOTO01000001.1	87.0535	87.0535	0.0027	0.0027	1.46786	1	1.0000	0	87.0535	uniform_fallback	BELOW_DETECTION
PBRG01000029.1	DRFG01000001.1	99.8328	99.8328	0.0024	0.0013	0.16708	2	1.0000	0	99.8328	uniform	ok
NZ_JAFGZF010000010.1	JAAHBU010000001.1	88.4026	88.4026	0.0576	0.0595	0.32410	21	0.9444	8	88.4026	uniform	INCONSISTENT
NZ_JAGJRS010000001.1	SCQU01000006.1	90.5530	90.5530	0.0027	0.0033	1.73092	1	1.0000	0	90.5530	uniform	INCONSISTENT
NZ_JAGJRS010000001.1	CP050452.1	87.5856	87.5856	0.0078	0.0069	1.16199	2	1.0000	0	87.5856	uniform	BELOW_DETECTION
NZ_JAGJRS010000001.1	JACPFU010000025.1	94.7855	94.7855	0.0003	0.0003	1.95357	1	1.0000	0	94.7855	uniform	INCONSISTENT
NZ_JAGJRS010000001.1	SCMQ01000010.1	94.4385	94.4385	0.0005	0.0004	1.86314	1	1.0000	0	94.4385	uniform	INCONSISTENT
NZ_JAGJRS010000001.1	JAACZU010000001.1	89.7690	89.7690	0.0116	0.0118	0.71036	5	0.9333	2	89.7690	uniform	INCONSISTENT
NZ_JAGJRS010000001.1	DEOB01000002.1	85.4343	85.4343	0.0039	0.0039	1.74647	1	1.0000	0	85.4343	uniform	BELOW_DETECTION
NZ_JAGJRS010000001.1	DEVL01000003.1	87.5681	87.5681	0.0041	0.0040	1.45857	1	1.0000	0	87.5681	uniform_fallback	BELOW_DETECTION
NZ_JAGJRS010000001.1	DGLB01000079.1	87.9060	87.9060	0.0039	0.0035	1.36760	1	1.0000	0	87.9060	uniform	BELOW_DETECTION
PBPT01000022.1	DEBE01000165.1	99.9999	99.9999	0.0016	0.0018	7.51645	1	1.0000	0	99.9999	uniform	ok
NZ_JAGJTM010000001.1	JACESE010000001.1	92.9394	92.9394	0.0053	0.0028	1.14571	2	0.9091	1	92.9394	uniform	ok
NZ_JAGJTM010000001.1	DFMV01000059.1	88.1556	88.1556	0.0083	0.0048	1.46084	1	1.0000	0	88.1556	uniform_fallback	BELOW_DETECTION
NZ_JAGGNW010000009.1	NZ_CADFEN010000001.1	92.2600	92.2600	0.0026	0.0020	1.03583	5	0.8947	2	92.2600	uniform	INCONSISTENT
NZ_JAGGNW010000009.1	JAAVLQ010000001.1	96.2500	96.2500	0.0000	0.0000	1.50195	3	0.8182	2	96.2500	uniform_fallback	INCONSISTENT
NZ_JAGGNW010000009.1	JAAYCV010000073.1	87.2273	87.2273	0.0038	0.0090	1.24254	2	0.9000	1	87.2273	uniform	BELOW_DETECTION
NZ_JAGGNW010000009.1	JACMKJ010000435.1	93.2638	93.2638	0.0008	0.0010	1.25706	2	1.0000	0	93.2638	uniform	INCONSISTENT
NZ_JAGGNW010000009.1	CP050452.1	98.1250	98.1250	0.0000	0.0000	1.07233	4	0.8235	3	98.1250	uniform	INCONSISTENT
NZ_JAGGNW010000009.1	JACSRS010000125.1	90.2197	90.2197	0.0035	0.0050	0.99975	3	1.0000	0	90.2197	uniform	INCONSISTENT
NZ_JAGGNW010000009.1	SCMQ01000010.1	86.6536	88.1573	0.0705	0.0782	0.28353	25	0.9382	11	86.6536	gamma	BELOW_DETECTION
NZ_JAGGNW010000009.1	JADJDU010000001.1	98.1250	98.1250	0.0000	0.0000	1.07233	2	0.8571	1	98.1250	uniform	INCONSISTENT
NZ_JAGGNW010000009.1	DSNY01000034.1	85.2663	85.2663	0.0030	0.0041	1.87720	1	1.0000	0	85.2663	uniform_fallback	BELOW_DETECTION
NZ_JAGGNW010000009.1	JAGOEY010000063.1	87.7192	87.7192	0.0022	0.0059	1.54427	1	1.0000	0	87.7192	uniform	BELOW_DETECTION
NZ_JAGGNW010000009.1	JAFDWI010000100.1	98.1250	98.1250	0.0000	0.0000	1.07233	3	0.8182	2	98.1250	uniform	INCONSISTENT
NZ_JAGGNW010000009.1	WNDQ01000001.1	87.6253	89.3998	0.0195	0.0272	0.46435	9	0.9437	4	87.6253	gamma	INCONSISTENT
NZ_JAGGNW010000009.1	JAAFGZ010000050.1	85.0183	85.0183	0.0080	0.0101	1.09196	2	1.0000	0	85.0183	uniform_fallback	BELOW_DETECTION
NZ_JAGGNW010000009.1	DRLG01000001.1	98.1250	98.1250	0.0000	0.0000	1.07233	3	0.8333	2	98.1250	uniform	INCONSISTENT
NZ_JAGGNW010000009.1	JAABQC010000100.1	85.6549	85.6549	0.0054	0.0120	1.40205	1	1.0000	0	85.6549	uniform_fallback	BELOW_DETECTION
NZ_CP077604.1	SKKL01000235.1	88.1438	88.1438	0.0020	0.0032	1.92983	1	1.0000	0	88.1438	uniform_fallback	BELOW_DETECTION
NZ_CP077604.1	JADJDU010000001.1	90.3485	90.3485	0.0096	0.0108	0.75290	4	0.8966	3	90.3485	uniform	INCONSISTENT
PHSQ01000003.1	JAHRCV010000001.1	91.3670	91.3670	0.0022	0.0023	1.88291	1	1.0000	0	91.3670	uniform	INCONSISTENT
PHSQ01000003.1	DTIX01000081.1	91.9358	91.9358	0.0017	0.0014	1.63099	1	1.0000	0	91.9358	uniform	ok
NZ_FMIZ01000007.1	QUKC01000001.1	99.9999	99.9999	0.0009	0.0008	7.62492	1	1.0000	0	99.9999	uniform	INCONSISTENT
NZ_FMIZ01000007.1	JAHAYH010000108.1	99.9999	99.9999	0.0014	0.0022	8.03219	1	1.0000	0	99.9999	uniform	ok
NZ_FNUR01000023.1	SVFZ01000015.1	89.7261	89.7261	0.0071	0.0071	1.28812	2	1.0000	0	89.7261	uniform_fallback	INCONSISTENT
PMHU01000107.1	PMSW01000100.1	99.9999	99.9999	0.0011	0.0010	5.40738	1	1.0000	0	99.9999	uniform	ok
NZ_FOLJ01000034.1	JABFXA010000098.1	94.5313	94.5313	0.0002	0.0003	2.00968	1	1.0000	0	94.5313	uniform_fallback	INCONSISTENT
NZ_FOLJ01000034.1	WOTO01000001.1	87.7897	87.7897	0.0048	0.0040	1.26833	1	1.0000	0	87.7897	uniform	BELOW_DETECTION
NZ_FOZV01000019.1	NZ_FUIE01000088.1	90.1696	90.1696	0.0431	0.0393	0.50802	8	0.9516	3	90.1696	uniform	INCONSISTENT
NZ_FOZV01000019.1	JACESE010000001.1	89.2588	89.2588	0.0084	0.0063	1.03948	2	1.0000	0	89.2588	uniform	INCONSISTENT
NZ_FOZV01000019.1	JADFAJ010000001.1	88.6161	88.6161	0.0021	0.0020	1.90179	1	1.0000	0	88.6161	uniform_fallback	INCONSISTENT
NZ_FOZV01000019.1	DEWY01000007.1	87.5940	87.5940	0.0040	0.0032	1.63652	1	1.0000	0	87.5940	uniform_fallback	BELOW_DETECTION
NZ_FOZV01000019.1	DGLD01000006.1	89.0546	90.4750	0.0591	0.0540	0.43584	11	0.9398	5	89.0546	gamma	INCONSISTENT
NZ_FOZV01000019.1	DSIT01000125.1	92.3981	92.3981	0.0013	0.0008	1.55337	1	1.0000	0	92.3981	uniform_fallback	INCONSISTENT
QBZW01000001.1	JACWDM010000001.1	95.8243	95.8243	0.0038	0.0042	1.65533	1	1.0000	0	95.8243	uniform	ok
QBZW01000001.1	CABYFB010000001.1	97.6744	97.6744	0.0033	0.0035	1.14919	1	1.0000	0	97.6744	uniform	ok
QBZW01000001.1	CABYZU010000001.1	97.2083	97.2083	0.0038	0.0057	1.37737	1	1.0000	0	97.2083	uniform	ok
QBZW01000001.1	CACBYP010000001.1	97.0930	97.0930	0.0033	0.0033	1.28100	1	1.0000	0	97.0930	uniform	ok
QBZW01000001.1	CACDQB010000001.1	95.8243	95.8243	0.0038	0.0063	1.65533	1	1.0000	0	95.8243	uniform	ok
QBZW01000001.1	CACIHO010000001.1	96.5127	96.5127	0.0038	0.0046	1.52619	1	1.0000	0	96.5127	uniform	ok
QBZW01000001.1	CACDYR010000001.1	96.5127	96.5127	0.0038	0.0039	1.52619	1	1.0000	0	96.5127	uniform	ok
QBZW01000001.1	CACHPB010000001.1	90.0443	90.0443	0.2354	0.2453	0.54033	7	1.0000	0	90.0443	uniform	ok
QBZW01000001.1	CACOSU010000001.1	96.5127	96.5127	0.0038	0.0041	1.52619	1	1.0000	0	96.5127	uniform	ok
QBZW01000001.1	CACJWS010000001.1	93.6324	93.6324	0.0120	0.0128	1.71650	1	1.0000	0	93.6324	uniform	ok
NZ_FUIE01000088.1	RXJK01000136.1	96.0896	96.0896	0.0017	0.0009	1.07109	1	1.0000	0	96.0896	uniform	ok
NZ_FUIE01000088.1	PNJO01000001.1	94.5128	94.5128	0.0002	0.0002	1.98507	1	1.0000	0	94.5128	uniform_fallback	INCONSISTENT
NZ_FUIE01000088.1	JACESE010000001.1	91.6041	91.6041	0.0034	0.0029	1.20601	2	1.0000	0	91.6041	uniform_fallback	INCONSISTENT
NZ_FUIE01000088.1	JAGIBE010000001.1	98.0645	98.0645	0.0002	0.0002	1.10659	1	1.0000	0	98.0645	uniform	INCONSISTENT
NZ_FUIE01000088.1	DEWY01000007.1	92.3065	92.3065	0.0008	0.0007	1.88105	1	1.0000	0	92.3065	uniform_fallback	INCONSISTENT
NZ_FUIE01000088.1	DGLD01000006.1	89.9998	91.0015	0.3773	0.3713	0.16493	59	0.9675	19	89.9998	gamma	ok
NZ_FUIE01000088.1	DSIT01000125.1	94.8824	94.8824	0.0039	0.0024	1.00948	2	1.0000	0	94.8824	uniform	INCONSISTENT
NZ_FXTE01000001.1	NZ_UNRA01000001.1	86.9526	86.9526	0.0167	0.0146	1.01363	2	1.0000	0	86.9526	uniform	BELOW_DETECTION
NZ_FXTE01000001.1	WKFI01000009.1	90.6117	90.6117	0.0059	0.0051	1.25804	2	1.0000	0	90.6117	uniform	INCONSISTENT
NZ_LT962688.1	PNLY01000001.1	94.8718	94.8718	0.0002	0.0002	1.33497	2	0.8750	1	94.8718	uniform_fallback	INCONSISTENT
NZ_LT962688.1	UBZP01000050.1	91.7605	91.7605	0.0010	0.0011	1.79920	1	1.0000	0	91.7605	uniform_fallback	INCONSISTENT
NZ_LT962688.1	VWVY01000001.1	92.2139	92.2139	0.0008	0.0013	1.84200	1	1.0000	0	92.2139	uniform	INCONSISTENT
QUKC01000001.1	UQYT01000001.1	98.6667	98.6667	0.0005	0.0007	0.93650	1	1.0000	0	98.6667	uniform	ok
QUKC01000001.1	UQDA01000001.1	85.2084	90.8861	0.0130	0.0159	0.84531	2	1.0000	0	90.8861	uniform_fallback	INCONSISTENT
QUKC01000001.1	URUY01000001.1	89.8380	89.8380	0.0022	0.0024	2.26324	1	1.0000	0	89.8380	uniform_fallback	INCONSISTENT
QUKC01000001.1	CAAHET010000001.1	97.8355	97.8355	0.0011	0.0015	0.95746	2	1.0000	0	97.8355	uniform	ok
QUKC01000001.1	CAAFRM010000001.1	99.3103	99.3103	0.0004	0.0007	0.68727	1	1.0000	0	99.3103	uniform	ok
QUKC01000001.1	QZDX01000094.1	95.4739	95.4739	0.0009	0.0007	1.76359	1	1.0000	0	95.4739	uniform	ok
NZ_UNRA01000001.1	WKFI01000009.1	84.7707	84.7707	0.0190	0.0185	1.09896	2	1.0000	0	84.7707	uniform	BELOW_DETECTION
NZ_CADFEN010000001.1	FCOD02000120.1	87.1303	87.9232	0.1687	0.1679	0.15907	51	0.9446	33	87.1303	gamma	BELOW_DETECTION
NZ_CADFEN010000001.1	JAAVLQ010000001.1	96.0938	96.0938	0.0000	0.0000	1.71247	1	1.0000	0	96.0938	uniform_fallback	INCONSISTENT
NZ_CADFEN010000001.1	CP050452.1	97.3958	97.3958	0.0000	0.0000	1.14935	4	0.8235	3	97.3958	uniform	INCONSISTENT
NZ_CADFEN010000001.1	SCMQ01000010.1	89.8734	89.8734	0.0020	0.0033	1.42154	1	1.0000	0	89.8734	uniform	INCONSISTENT
NZ_CADFEN010000001.1	JADJDU010000001.1	99.2188	99.2188	0.0000	0.0000	0.77819	1	1.0000	0	99.2188	uniform	INCONSISTENT
NZ_CADFEN010000001.1	DSNY01000034.1	86.2043	86.2043	0.0027	0.0046	1.41850	1	1.0000	0	86.2043	uniform	BELOW_DETECTION
NZ_CADFEN010000001.1	JAFDWI010000100.1	98.1250	98.1250	0.0000	0.0000	1.07233	3	0.8333	2	98.1250	uniform	INCONSISTENT
NZ_CADFEN010000001.1	JAFANH010000059.1	88.4020	88.4020	0.0015	0.0037	1.65052	1	1.0000	0	88.4020	uniform	INCONSISTENT
NZ_CADFEN010000001.1	JADJQR010000001.1	95.5315	95.5315	0.0003	0.0005	1.59579	1	1.0000	0	95.5315	uniform	ok
NZ_CADFEN010000001.1	WNDX01000001.1	88.5753	88.5753	0.0023	0.0037	1.22376	2	0.9000	1	88.5753	uniform	INCONSISTENT
NZ_CADFEN010000001.1	RFSK01000001.1	86.5861	86.5861	0.0041	0.0050	1.16920	2	1.0000	0	86.5861	uniform	BELOW_DETECTION
NZ_CADFEN010000001.1	DRLG01000001.1	98.1250	98.1250	0.0000	0.0000	1.07233	3	0.8333	2	98.1250	uniform	ok
PWWL01000138.1	PXAU01000316.1	99.9999	99.9999	0.0009	0.0012	9.01669	1	1.0000	0	99.9999	uniform	ok
SCEJ01000099.1	SUXM01000016.1	96.5207	96.5207	0.0050	0.0034	0.77168	2	1.0000	0	96.5207	uniform	ok
SCEJ01000099.1	RZZX01000132.1	99.9999	99.9999	0.0015	0.0014	7.62492	1	1.0000	0	99.9999	uniform	ok
SCEJ01000099.1	HF985620.1	97.2511	97.2511	0.0014	0.0019	1.34787	1	1.0000	0	97.2511	uniform	ok
SCQU01000006.1	CP050452.1	89.5973	89.5973	0.0029	0.0019	1.85236	1	1.0000	0	89.5973	uniform	INCONSISTENT
SCQU01000006.1	DFWY01000161.1	91.8318	91.8318	0.0010	0.0007	1.97245	1	1.0000	0	91.8318	uniform_fallback	INCONSISTENT
JODX01000001.1	RHDP01000001.1	83.5983	87.6186	0.2642	0.2692	0.17757	34	0.9741	12	87.6186	uniform_fallback	BELOW_DETECTION
JODX01000001.1	JACRAB010000177.1	91.6474	91.6474	0.0010	0.0011	2.01987	1	1.0000	0	91.6474	uniform_fallback	INCONSISTENT
JODX01000001.1	JAFKIW010000006.1	90.7223	90.7223	0.0007	0.0013	2.05427	1	1.0000	0	90.7223	uniform_fallback	INCONSISTENT
JODX01000001.1	JABFXA010000098.1	97.9310	97.9310	0.0004	0.0006	1.18210	1	1.0000	0	97.9310	uniform	INCONSISTENT
AP014683.1	JAAXVP010000238.1	92.8466	92.8466	0.0004	0.0004	2.11338	1	1.0000	0	92.8466	uniform_fallback	INCONSISTENT
AP014683.1	RFPK01000001.1	92.1769	92.1769	0.0004	0.0006	2.19380	1	1.0000	0	92.1769	uniform_fallback	INCONSISTENT
RHDP01000001.1	JAFKIW010000006.1	92.3044	92.3044	0.0009	0.0017	1.59242	1	1.0000	0	92.3044	uniform	INCONSISTENT
SFMU01000087.1	JAEFAI010000009.1	87.1478	87.1478	0.0049	0.0048	1.94559	1	1.0000	0	87.1478	uniform_fallback	BELOW_DETECTION
SFMU01000087.1	HF985978.1	90.5948	90.5948	0.0050	0.0047	1.86423	1	1.0000	0	90.5948	uniform	ok
SFGJ01000026.1	SVKO01000002.1	94.4444	94.4444	0.0002	0.0002	2.20414	1	1.0000	0	94.4444	uniform_fallback	INCONSISTENT
SFGJ01000026.1	URZK01000001.1	90.8674	90.8674	0.0046	0.0057	1.83543	1	1.0000	0	90.8674	uniform	INCONSISTENT
SFGJ01000026.1	DGHJ01000067.1	90.5267	90.5267	0.0055	0.0062	1.59603	1	1.0000	0	90.5267	uniform	INCONSISTENT
LICG01000001.1	DFSS01000020.1	88.9521	88.9521	0.0288	0.0300	1.13923	2	1.0000	0	88.9521	uniform_fallback	INCONSISTENT
FCOD02000120.1	JAFANH010000059.1	87.9631	87.9631	0.0017	0.0042	1.68136	1	1.0000	0	87.9631	uniform	BELOW_DETECTION
FCOD02000120.1	WNDX01000001.1	86.5237	86.5237	0.0022	0.0036	1.78404	1	1.0000	0	86.5237	uniform	BELOW_DETECTION
FCOD02000120.1	JAAFGV010000044.1	87.1296	87.1296	0.0024	0.0047	1.60238	1	1.0000	0	87.1296	uniform	BELOW_DETECTION
VBFV01000122.1	VBGO01000248.1	96.1537	96.1537	0.0018	0.0013	0.98638	1	1.0000	0	96.1537	uniform	ok
VAZV01000046.1	VBMV01000074.1	99.2032	99.2032	0.0005	0.0008	0.56118	1	1.0000	0	99.2032	uniform	ok
VAZV01000046.1	JAFAUQ010000042.1	89.2724	89.2724	0.0016	0.0022	1.53037	1	1.0000	0	89.2724	uniform	ok
SFVJ01000102.1	URGA01000001.1	99.1870	99.1870	0.0002	0.0003	0.80970	1	1.0000	0	99.1870	uniform	ok
SPAX01000001.1	VFKF01000131.1	88.2631	88.2631	0.0184	0.0228	0.86658	3	1.0000	0	88.2631	uniform	INCONSISTENT
SPAX01000001.1	JAABQN010000012.1	91.4314	91.4314	0.0332	0.0567	0.43966	15	0.9737	2	91.4314	uniform	INCONSISTENT
SKOF01000344.1	SBFS01000297.1	94.2796	94.2796	0.0004	0.0005	1.95839	1	1.0000	0	94.2796	uniform	ok
SKOF01000344.1	JACPEG010000002.1	94.0034	94.0034	0.0004	0.0004	2.00830	1	1.0000	0	94.0034	uniform	ok
SKOF01000344.1	JAFGTZ010000309.1	92.5328	92.5328	0.0003	0.0004	2.25777	1	1.0000	0	92.5328	uniform_fallback	INCONSISTENT
SKOF01000344.1	DFBX01000118.1	92.7987	92.7987	0.0003	0.0003	2.18319	1	1.0000	0	92.7987	uniform_fallback	INCONSISTENT
SKOF01000344.1	JAABQT010000001.1	94.2729	94.2729	0.0002	0.0004	2.03949	1	1.0000	0	94.2729	uniform_fallback	INCONSISTENT
VBMV01000074.1	JAACZU010000001.1	96.7093	96.7093	0.0004	0.0004	1.41523	1	1.0000	0	96.7093	uniform	ok
VBMV01000074.1	DRKU01000001.1	93.7452	93.7452	0.0001	0.0002	2.07921	1	1.0000	0	93.7452	uniform_fallback	INCONSISTENT
VBMV01000074.1	RFTM01000001.1	91.4795	91.4795	0.0032	0.0054	1.05486	3	1.0000	0	91.4795	uniform	INCONSISTENT
SKWO01000078.1	SLBZ01000078.1	91.5115	91.5115	0.0015	0.0008	1.99781	1	1.0000	0	91.5115	uniform	ok
SKWO01000078.1	JACRPA010000007.1	85.6596	85.6596	0.0134	0.0068	1.55942	1	1.0000	0	85.6596	uniform_fallback	BELOW_DETECTION
SKWO01000078.1	JAACFL010000135.1	88.7635	88.7635	0.0047	0.0028	1.83011	1	1.0000	0	88.7635	uniform	ok
VBGO01000248.1	VBIS01000014.1	89.2219	89.2219	0.0213	0.0248	0.77126	5	1.0000	0	89.2219	uniform	ok
VBKF01000015.1	JAGWVP010000684.1	95.7627	95.7627	0.0000	0.0000	1.85439	1	1.0000	0	95.7627	uniform_fallback	INCONSISTENT
MGWS01000001.1	SCPW01000381.1	91.3029	91.3029	0.0196	0.0159	0.61638	7	0.9744	1	91.3029	uniform	INCONSISTENT
MGWS01000001.1	JAFLDT010000001.1	95.2344	95.2344	0.0006	0.0003	1.84988	1	1.0000	0	95.2344	uniform	INCONSISTENT
MGWS01000001.1	JAAXVP010000238.1	95.3125	95.3125	0.0003	0.0002	1.86827	1	1.0000	0	95.3125	uniform_fallback	INCONSISTENT
MGWS01000001.1	JACZJU010000241.1	95.2344	95.2344	0.0005	0.0002	1.84988	1	1.0000	0	95.2344	uniform	INCONSISTENT
MGWS01000001.1	DDKN01000118.1	95.9950	95.9950	0.0006	0.0005	1.71823	1	1.0000	0	95.9950	uniform	INCONSISTENT
MGWS01000001.1	DDYH01000063.1	94.2486	94.2486	0.0007	0.0005	1.65108	1	1.0000	0	94.2486	uniform_fallback	INCONSISTENT
SBFS01000297.1	JACSRS010000125.1	91.9069	91.9069	0.0019	0.0017	1.82541	1	1.0000	0	91.9069	uniform	ok
SBFS01000297.1	SCMQ01000010.1	89.9530	89.9530	0.0320	0.0186	0.53250	10	1.0000	0	89.9530	uniform	ok
SBFS01000297.1	DDWF01000162.1	94.5128	94.5128	0.0002	0.0001	1.98507	1	1.0000	0	94.5128	uniform_fallback	INCONSISTENT
SBFS01000297.1	WNDQ01000001.1	91.3391	91.3391	0.0013	0.0009	2.01116	1	1.0000	0	91.3391	uniform_fallback	INCONSISTENT
SKKL01000235.1	DEZT01000179.1	91.2153	91.2153	0.0018	0.0033	1.88734	1	1.0000	0	91.2153	uniform	ok
SLBZ01000078.1	DRKS01000001.1	94.1696	94.1696	0.0005	0.0005	1.84108	1	1.0000	0	94.1696	uniform_fallback	INCONSISTENT
WHTV01000100.1	QOZR01000001.1	83.5125	83.5125	0.0112	0.0098	1.38604	1	1.0000	0	83.5125	uniform_fallback	BELOW_DETECTION
SHWB01000024.1	QOZR01000001.1	91.7606	91.7606	0.0010	0.0003	1.91888	1	1.0000	0	91.7606	uniform_fallback	INCONSISTENT
SHWB01000024.1	DSSY01000002.1	94.4857	94.4857	0.0006	0.0003	1.96896	1	1.0000	0	94.4857	uniform_fallback	INCONSISTENT
VSNG01000001.1	QXWV01000394.1	97.5482	97.5482	0.0032	0.0026	0.99223	1	1.0000	0	97.5482	uniform	ok
VSNG01000001.1	QZDS01000100.1	96.2567	96.2567	0.0008	0.0004	1.38811	1	1.0000	0	96.2567	uniform_fallback	INCONSISTENT
VSNG01000001.1	VIQU02000001.1	96.9406	96.9406	0.0004	0.0004	1.49064	1	1.0000	0	96.9406	uniform	ok
SHVY01000050.1	JAACVI010000112.1	96.8750	96.8750	0.0001	0.0001	1.53789	1	1.0000	0	96.8750	uniform_fallback	INCONSISTENT
QXWV01000394.1	QXWO01000112.1	99.9999	99.9999	0.0029	0.0027	8.30454	1	1.0000	0	99.9999	uniform	INCONSISTENT
QXWV01000394.1	VIQU02000001.1	96.3353	96.3353	0.0014	0.0017	1.57763	1	1.0000	0	96.3353	uniform	ok
SAAU01000053.1	RZYK01000171.1	99.9999	99.9999	0.0007	0.0003	9.40720	1	1.0000	0	99.9999	uniform	ok
VXWP01000116.1	VXPH01000102.1	87.8663	87.8663	0.0037	0.0043	1.88513	1	1.0000	0	87.8663	uniform_fallback	BELOW_DETECTION
VXWP01000116.1	VXMB01000013.1	95.1917	95.9254	0.8751	0.8655	0.06008	104	0.9988	4	95.1917	gamma	ok
JAAHII010000001.1	JAAHFU020000001.1	92.5930	92.5930	0.0031	0.0031	0.96695	2	0.9375	1	92.5930	uniform	INCONSISTENT
VXMD01000066.1	ASZN01000001.1	88.7278	88.7278	0.0037	0.0038	1.68687	1	1.0000	0	88.7278	uniform	INCONSISTENT
RFQD01000001.1	RGVZ01000001.1	99.9999	99.9999	0.0010	0.0003	5.13665	3	1.0000	0	99.9999	uniform	ok
DFIN01000028.1	JAFUVS010000016.1	96.4334	96.4334	0.0019	0.0016	1.05264	2	1.0000	0	96.4334	uniform	ok
RGUW01000001.1	RFPK01000001.1	88.0081	88.0081	0.0089	0.0092	1.26788	2	1.0000	0	88.0081	uniform	BELOW_DETECTION
RGUW01000001.1	RGNC01000001.1	91.5295	91.5295	0.0023	0.0025	1.78814	1	1.0000	0	91.5295	uniform	INCONSISTENT
DSOZ01000180.1	PNJO01000001.1	94.2729	94.2729	0.0003	0.0002	2.03949	1	1.0000	0	94.2729	uniform_fallback	INCONSISTENT
DSOZ01000180.1	JAFKMA010000002.1	94.1562	94.1562	0.0028	0.0021	1.04151	3	1.0000	0	94.1562	uniform	ok
DSOZ01000180.1	DDNW01000011.1	96.0938	96.0938	0.0001	0.0001	1.71247	1	1.0000	0	96.0938	uniform_fallback	INCONSISTENT
DSOZ01000180.1	DSOG01000024.1	90.2576	90.2576	0.0054	0.0083	1.23087	2	1.0000	0	90.2576	uniform	ok
DSOZ01000180.1	DFBR01000055.1	90.4947	90.4947	0.0034	0.0036	1.53894	1	1.0000	0	90.4947	uniform	ok
DSOZ01000180.1	JAACTB010000007.1	84.7375	89.1241	0.0158	0.0127	0.82232	4	1.0000	0	89.1241	uniform_fallback	INCONSISTENT
DTFS01000068.1	DSUO01000087.1	91.9619	95.2613	0.1881	0.1738	0.21197	45	0.9811	5	91.9619	gamma	ok
JAABQH010000001.1	JACRMU010000057.1	91.7684	91.7684	0.0006	0.0005	2.37697	1	1.0000	0	91.7684	uniform_fallback	INCONSISTENT
NVVB01000012.1	NVTH01000102.1	97.2511	97.2511	0.0016	0.0025	1.34787	1	1.0000	0	97.2511	uniform	ok
WTGV01000016.1	VXNY01000021.1	86.7424	88.8223	0.5402	0.5275	0.20796	26	0.9918	3	86.7424	gamma	ok
WTGV01000016.1	VXLL01000029.1	87.0534	89.3669	0.4810	0.4681	0.21095	36	0.9637	13	87.0534	gamma	ok
WTGV01000016.1	VXYS01000007.1	97.5686	97.5686	0.0006	0.0005	1.38409	1	1.0000	0	97.5686	uniform	ok
DHMW01000059.1	URZK01000001.1	93.0412	93.0412	0.0296	0.0288	0.49422	11	1.0000	0	93.0412	uniform	ok
DHMW01000059.1	CAADSF010000001.1	93.7776	95.8867	0.0350	0.0227	0.43737	2	0.9839	1	93.7776	gamma	ok
DTGN01000154.1	DSVT01000041.1	95.6604	95.6604	0.0010	0.0010	1.36717	1	1.0000	0	95.6604	uniform	ok
DTGN01000154.1	DSUX01000269.1	97.3333	97.3333	0.0003	0.0002	1.31544	1	1.0000	0	97.3333	uniform	ok
WVZK01000188.1	DRHQ01000001.1	90.0483	90.0483	0.1027	0.0983	0.40336	16	0.9640	4	90.0483	uniform	INCONSISTENT
JAAXHE010000326.1	VXYS01000007.1	96.9826	96.9826	0.0013	0.0022	1.03557	1	1.0000	0	96.9826	uniform	ok
DJBY01000056.1	JAFMDL010000089.1	90.0386	90.0386	0.0084	0.0099	1.16943	2	1.0000	0	90.0386	uniform	ok
WTHH01000207.1	WTHR01000248.1	98.9011	98.9011	0.0012	0.0013	0.77276	1	1.0000	0	98.9011	uniform	ok
JAAYNV010000032.1	JAGANQ010000061.1	98.3607	98.3607	0.0010	0.0017	1.15975	1	1.0000	0	98.3607	uniform	ok
BLMJ01000001.1	RAYB01000109.1	96.2610	96.2610	0.0051	0.0024	1.49027	1	1.0000	0	96.2610	uniform	ok
BLMJ01000001.1	QXWO01000112.1	99.9999	99.9999	0.0004	0.0002	9.62249	1	1.0000	0	99.9999	uniform	INCONSISTENT
BLMJ01000001.1	QZDS01000100.1	99.9999	99.9999	0.0004	0.0002	9.62249	1	1.0000	0	99.9999	uniform	INCONSISTENT
BLMJ01000001.1	VIQU02000001.1	99.0741	99.0741	0.0004	0.0002	0.92163	1	1.0000	0	99.0741	uniform	INCONSISTENT
JAAVLQ010000001.1	CP050452.1	92.6685	92.6685	0.0000	0.0000	1.54440	5	0.8182	4	92.6685	uniform	INCONSISTENT
JAAVLQ010000001.1	JAATGD010000397.1	94.6668	94.6668	0.0009	0.0016	1.16877	2	1.0000	0	94.6668	uniform	INCONSISTENT
JAAVLQ010000001.1	JADJDU010000001.1	97.6563	97.6563	0.0000	0.0000	1.33721	1	1.0000	0	97.6563	uniform	INCONSISTENT
JAAVLQ010000001.1	JAFXXK010000018.1	93.1369	93.1369	0.0001	0.0001	0.97852	3	0.9000	2	93.1369	uniform_fallback	INCONSISTENT
JAAVLQ010000001.1	JAFDWI010000100.1	96.2500	96.2500	0.0000	0.0000	1.50195	2	0.8571	1	96.2500	uniform_fallback	INCONSISTENT
JAAVLQ010000001.1	UBJR01000048.1	90.1537	90.1537	0.0017	0.0015	1.58185	1	1.0000	0	90.1537	uniform	INCONSISTENT
JAAVLQ010000001.1	UBZP01000050.1	89.2446	89.2446	0.0017	0.0019	1.70722	1	1.0000	0	89.2446	uniform	INCONSISTENT
JAAVLQ010000001.1	VWVY01000001.1	85.2807	85.2807	0.0048	0.0085	1.56935	1	1.0000	0	85.2807	uniform_fallback	BELOW_DETECTION
JAAVLQ010000001.1	DRLG01000001.1	92.6685	92.6685	0.0000	0.0000	1.54440	4	0.8333	3	92.6685	uniform	INCONSISTENT
JAAYCV010000073.1	DULJ01000009.1	96.0938	96.0938	0.0004	0.0002	1.71247	1	1.0000	0	96.0938	uniform_fallback	INCONSISTENT
JAAYCV010000073.1	SCMQ01000010.1	88.2557	88.2557	0.0089	0.0042	1.27894	2	1.0000	0	88.2557	uniform	INCONSISTENT
JAAYCV010000073.1	JAFLDT010000001.1	96.0938	96.0938	0.0005	0.0002	1.71247	1	1.0000	0	96.0938	uniform_fallback	INCONSISTENT
JAAYCV010000073.1	WNDQ01000001.1	95.3125	95.3125	0.0002	0.0001	1.86827	1	1.0000	0	95.3125	uniform_fallback	INCONSISTENT
JAAZNF010000076.1	DSXA01000055.1	89.2190	90.2791	0.2459	0.3291	0.17567	62	0.9825	9	89.2190	gamma	ok
DLHO01000024.1	CABHOL010000001.1	81.7258	85.7717	0.1695	0.1866	0.40992	12	0.9885	1	85.7717	uniform_fallback	BELOW_DETECTION
DLRQ01000095.1	DEAL01000041.1	89.1554	89.1554	0.0088	0.0085	1.59472	1	1.0000	0	89.1554	uniform_fallback	INCONSISTENT
DLRQ01000095.1	DEZT01000179.1	91.0499	91.0499	0.2489	0.2346	0.24934	36	0.9713	7	91.0499	uniform	ok
JAADFY010000001.1	DRKK01000001.1	97.6120	97.6120	0.0012	0.0016	1.05441	1	1.0000	0	97.6120	uniform	ok
PANX01000001.1	JADFAJ010000001.1	85.8296	88.7171	0.0805	0.0669	0.41147	11	1.0000	0	85.8296	gamma	ok
PANX01000001.1	DSIT01000125.1	92.6747	92.6747	0.0014	0.0008	1.95990	1	1.0000	0	92.6747	uniform_fallback	INCONSISTENT
DUCN01000001.1	JAAZXC010000100.1	98.4375	98.4375	0.0005	0.0010	1.09619	1	1.0000	0	98.4375	uniform	ok
PARR01000042.1	CABZUQ010000001.1	95.5638	95.5638	0.0513	0.0693	0.65002	4	1.0000	0	95.5638	uniform	ok
PBNE01000001.1	DFMV01000059.1	83.2585	93.7818	0.0026	0.0023	1.45808	1	1.0000	0	83.2585	gamma	ok
JAAFJF010000001.1	PKWM01000029.1	95.7405	95.7405	0.0003	0.0003	1.77670	1	1.0000	0	95.7405	uniform	ok
JAAFJF010000001.1	SCMQ01000010.1	95.8355	95.8355	0.0001	0.0001	1.78134	1	1.0000	0	95.8355	uniform	ok
JABCOH020000001.1	CP047917.1	92.7877	93.6581	0.7320	0.5964	0.20667	24	0.9970	1	92.7877	gamma	ok
JABCOH020000001.1	CP047920.1	93.7673	94.7000	0.8079	0.7449	0.17618	26	0.9977	1	93.7673	gamma	ok
JABCOH020000001.1	CP047919.1	92.4967	93.4244	0.7229	0.6823	0.21068	24	0.9970	1	92.4967	gamma	ok
PNJO01000001.1	JAFKMA010000002.1	94.5678	94.5678	0.0006	0.0007	1.72646	1	1.0000	0	94.5678	uniform	ok
PNJO01000001.1	JAGIBE010000001.1	94.9242	94.9242	0.0002	0.0001	1.69200	1	1.0000	0	94.9242	uniform	ok
PNJO01000001.1	DSOG01000024.1	93.0770	93.0770	0.0002	0.0004	2.07026	1	1.0000	0	93.0770	uniform_fallback	INCONSISTENT
PNJO01000001.1	DELZ01000002.1	93.7470	93.7470	0.0002	0.0002	1.98992	1	1.0000	0	93.7470	uniform	ok
PNJO01000001.1	DGLD01000006.1	93.0770	93.0770	0.0002	0.0002	2.07026	1	1.0000	0	93.0770	uniform_fallback	INCONSISTENT
PHBS01000024.1	DGAG01000007.1	99.9999	99.9999	0.0000	0.0001	9.62249	1	1.0000	0	99.9999	uniform	ok
JACESE010000001.1	JAGIBE010000001.1	94.0678	94.0678	0.0001	0.0000	2.17464	1	1.0000	0	94.0678	uniform_fallback	INCONSISTENT
JACESE010000001.1	DEWY01000007.1	86.7842	88.7473	0.4897	0.5474	0.17006	38	0.9761	13	86.7842	gamma	ok
JACESE010000001.1	DGLD01000006.1	90.0447	90.0447	0.0016	0.0018	1.76384	1	1.0000	0	90.0447	uniform	INCONSISTENT
JACESE010000001.1	DSIT01000125.1	91.0900	91.0900	0.0057	0.0045	0.93834	4	1.0000	0	91.0900	uniform	INCONSISTENT
JACCET010000010.1	JAGOAJ010000016.1	93.5366	96.6922	0.0060	0.0067	0.56814	4	0.9333	2	93.5366	gamma	INCONSISTENT
JACMKJ010000435.1	JACSRS010000125.1	92.2478	92.2478	0.0006	0.0007	1.61737	1	1.0000	0	92.2478	uniform	ok
JACMKJ010000435.1	SCMQ01000010.1	92.6613	92.6613	0.0007	0.0006	1.29539	2	1.0000	0	92.6613	uniform	ok
PKWM01000029.1	DFWY01000161.1	94.5974	94.5974	0.0026	0.0018	1.00400	3	0.9231	1	94.5974	uniform	INCONSISTENT
PNLY01000001.1	UBZP01000050.1	93.5681	93.5681	0.0003	0.0002	1.79662	1	1.0000	0	93.5681	uniform	INCONSISTENT
PNLY01000001.1	JAABRB010000001.1	91.8603	91.8603	0.0002	0.0003	2.15029	1	1.0000	0	91.8603	uniform_fallback	INCONSISTENT
JACWDM010000001.1	JACWEO010000001.1	95.2001	95.2001	0.0293	0.0316	1.06868	2	1.0000	0	95.2001	uniform	ok
JACWDM010000001.1	CABYFB010000001.1	97.2083	97.2083	0.0042	0.0041	1.37737	1	1.0000	0	97.2083	uniform	ok
JACWDM010000001.1	CABYZU010000001.1	96.5784	96.5784	0.0039	0.0054	1.36888	1	1.0000	0	96.5784	uniform	ok
JACWDM010000001.1	CACAYM010000001.1	93.8382	93.8382	0.0140	0.0148	1.39965	1	1.0000	0	93.8382	uniform	ok
JACWDM010000001.1	CACBYP010000001.1	97.2083	97.2083	0.0042	0.0039	1.37737	1	1.0000	0	97.2083	uniform	ok
JACWDM010000001.1	CACDQB010000001.1	96.5784	96.5784	0.0039	0.0059	1.36888	1	1.0000	0	96.5784	uniform	ok
JACWDM010000001.1	CACIHO010000001.1	97.1474	97.1474	0.0039	0.0044	1.25782	1	1.0000	0	97.1474	uniform	ok
JACWDM010000001.1	CACDYR010000001.1	97.1474	97.1474	0.0039	0.0037	1.25782	1	1.0000	0	97.1474	uniform	ok
JACWDM010000001.1	CACFYN010000001.1	97.0588	97.0588	0.0039	0.0065	1.18294	1	1.0000	0	97.0588	uniform	ok
JACWDM010000001.1	CACHPB010000001.1	97.1474	97.1474	0.0039	0.0038	1.25782	1	1.0000	0	97.1474	uniform	ok
JACWDM010000001.1	CACOSU010000001.1	97.2083	97.2083	0.0042	0.0041	1.37737	1	1.0000	0	97.2083	uniform	ok
CP050452.1	JADJDU010000001.1	98.9583	98.9583	0.0000	0.0000	0.73272	3	0.8182	2	98.9583	uniform	INCONSISTENT
CP050452.1	JAFDWI010000100.1	98.9583	98.9583	0.0000	0.0000	0.73272	4	0.8235	3	98.9583	uniform	INCONSISTENT
CP050452.1	JAACZU010000001.1	94.5643	94.5643	0.0002	0.0002	1.97584	1	1.0000	0	94.5643	uniform_fallback	INCONSISTENT
CP050452.1	DDVW01000074.1	85.1349	88.3781	0.1977	0.2439	0.19096	43	0.8995	42	85.1349	gamma	INCONSISTENT
CP050452.1	DEOB01000002.1	82.6500	86.0418	0.3323	0.3838	0.18837	38	0.9093	37	86.0418	uniform_fallback	BELOW_DETECTION
CP050452.1	DEVL01000003.1	83.0817	87.2318	0.7828	0.8270	0.10730	13	0.9906	12	87.2318	uniform_fallback	BELOW_DETECTION
CP050452.1	DGLB01000079.1	84.7420	88.1438	0.5310	0.5238	0.12061	67	0.9385	66	84.7420	gamma	BELOW_DETECTION
CP050452.1	DRLG01000001.1	98.9583	98.9583	0.0000	0.0000	0.73272	4	0.8235	3	98.9583	uniform	INCONSISTENT
PMSW01000100.1	JABFXA010000098.1	89.5399	89.5399	0.0016	0.0016	1.63313	1	1.0000	0	89.5399	uniform	ok
QCQY01000001.1	QCBV01000001.1	94.2029	94.4864	0.6394	0.4738	0.20399	27	0.9895	4	94.2029	gamma	ok
SUXM01000016.1	DWYP01000005.1	88.8657	88.8657	0.0056	0.0056	1.95770	1	1.0000	0	88.8657	uniform_fallback	INCONSISTENT
JABURH010000009.1	QAZB01000031.1	92.7120	93.9646	0.7196	0.6915	0.08356	157	0.9844	32	92.7120	gamma	ok
JABURH010000009.1	DGNT01000159.1	99.3333	99.3333	0.0002	0.0002	0.66444	1	1.0000	0	99.3333	uniform	ok
JACSRS010000125.1	SCMQ01000010.1	88.7476	88.7476	0.0346	0.0271	0.49047	10	1.0000	0	88.7476	uniform	INCONSISTENT
JACSRS010000125.1	JAFLDT010000001.1	94.5185	94.5185	0.0005	0.0004	1.93721	1	1.0000	0	94.5185	uniform	ok
JACSRS010000125.1	DDKN01000118.1	93.5151	93.5151	0.0005	0.0008	2.08986	1	1.0000	0	93.5151	uniform_fallback	INCONSISTENT
JACSRS010000125.1	WNDQ01000001.1	91.7168	91.7168	0.0034	0.0033	0.94803	3	1.0000	0	91.7168	uniform	ok
JACSRS010000125.1	RFSK01000001.1	96.7480	96.7480	0.0003	0.0002	1.59936	1	1.0000	0	96.7480	uniform_fallback	INCONSISTENT
JACSRS010000125.1	JAAFGZ010000050.1	95.8355	95.8355	0.0002	0.0002	1.78134	1	1.0000	0	95.8355	uniform	INCONSISTENT
JACSRS010000125.1	DFWY01000161.1	89.6756	89.6756	0.0017	0.0017	1.88776	1	1.0000	0	89.6756	uniform	ok
QCBV01000001.1	QBZF01000001.1	99.9999	99.9999	0.0031	0.0057	8.03219	1	1.0000	0	99.9999	uniform	INCONSISTENT
SVIN01000040.1	JAFVRU010000189.1	93.2251	93.2251	0.0013	0.0013	1.87024	1	1.0000	0	93.2251	uniform	ok
JACPFU010000025.1	JAACZU010000001.1	93.2730	93.2730	0.0025	0.0025	0.88676	4	1.0000	0	93.2730	uniform	INCONSISTENT
WAMH01000001.1	DRGF01000088.1	93.5714	93.5714	0.0013	0.0016	2.07284	1	1.0000	0	93.5714	uniform_fallback	INCONSISTENT
QOZR01000001.1	JAFAUQ010000042.1	93.0103	93.0103	0.0002	0.0002	2.18287	1	1.0000	0	93.0103	uniform_fallback	INCONSISTENT
WGNF01000005.1	DSPG01000034.1	89.4861	89.4861	0.0051	0.0074	1.16248	2	1.0000	0	89.4861	uniform_fallback	INCONSISTENT
WGNF01000005.1	JADJAB010000001.1	90.1186	90.1186	0.0046	0.0051	1.02067	2	1.0000	0	90.1186	uniform	INCONSISTENT
WGNF01000005.1	DDEX01000037.1	87.1092	87.1092	0.0079	0.0083	1.19715	2	1.0000	0	87.1092	uniform_fallback	BELOW_DETECTION
WGNF01000005.1	JAAIVJ010000001.1	89.4369	89.4369	0.0060	0.0066	1.11815	2	1.0000	0	89.4369	uniform	INCONSISTENT
JACQAC010000228.1	DELZ01000002.1	94.4443	94.4443	0.0002	0.0002	1.92938	1	1.0000	0	94.4443	uniform	ok
JACOVA010000067.1	DSNY01000034.1	92.8953	92.8953	0.0029	0.0014	1.53883	1	1.0000	0	92.8953	uniform	ok
JACOVA010000067.1	JAABQT010000001.1	91.8705	91.8705	0.0034	0.0032	1.31455	2	1.0000	0	91.8705	uniform_fallback	INCONSISTENT
RAYB01000109.1	QXXE01000104.1	95.1247	95.1247	0.0020	0.0015	1.45575	1	1.0000	0	95.1247	uniform	INCONSISTENT
RAYB01000109.1	QZDS01000100.1	99.9999	99.9999	0.0015	0.0010	8.45153	1	1.0000	0	99.9999	uniform	INCONSISTENT
RAYB01000109.1	VIQU02000001.1	95.3705	95.3705	0.0020	0.0022	1.74364	1	1.0000	0	95.3705	uniform	ok
JACPEG010000002.1	SCMQ01000010.1	92.9715	92.9715	0.0011	0.0008	1.96541	1	1.0000	0	92.9715	uniform_fallback	INCONSISTENT
JACPEG010000002.1	JACRPA010000007.1	95.6934	95.6934	0.0009	0.0012	1.47933	1	1.0000	0	95.6934	uniform	INCONSISTENT
JACPEG010000002.1	DSNY01000034.1	90.0539	90.0539	0.0020	0.0016	1.91159	1	1.0000	0	90.0539	uniform_fallback	INCONSISTENT
QAZB01000031.1	CP026511.1	99.3715	99.3715	0.0004	0.0003	0.63327	1	1.0000	0	99.3715	uniform	ok
JACQYB010000001.1	JACRPA010000007.1	90.3713	90.3713	0.0214	0.0234	0.56047	8	1.0000	0	90.3713	uniform	INCONSISTENT
JACQYB010000001.1	JAFLDT010000001.1	94.2216	94.2216	0.0005	0.0004	1.87610	1	1.0000	0	94.2216	uniform_fallback	INCONSISTENT
JACQYB010000001.1	JACZJU010000241.1	93.7410	93.7410	0.0003	0.0002	2.02363	1	1.0000	0	93.7410	uniform_fallback	INCONSISTENT
JACQYB010000001.1	DDKN01000118.1	95.8147	95.8147	0.0005	0.0008	1.70288	1	1.0000	0	95.8147	uniform_fallback	INCONSISTENT
JACQYB010000001.1	DDYH01000063.1	94.1604	94.1604	0.0005	0.0006	1.74688	1	1.0000	0	94.1604	uniform	INCONSISTENT
JACQYB010000001.1	DSOT01000049.1	90.4730	90.4730	0.0012	0.0009	1.79994	1	1.0000	0	90.4730	uniform_fallback	INCONSISTENT
CP026511.1	JAAHBU010000001.1	87.1195	87.1195	0.0057	0.0051	1.37887	1	1.0000	0	87.1195	uniform	BELOW_DETECTION
CP026511.1	DRHT01000001.1	97.7192	97.7192	0.0021	0.0013	0.49206	2	0.9655	1	97.7192	uniform	INCONSISTENT
SFFP01000171.1	JAGCWY010000073.1	93.4538	93.4538	0.0020	0.0012	1.78440	1	1.0000	0	93.4538	uniform	ok
SFFP01000171.1	DEDQ01000081.1	91.9791	91.9791	0.0024	0.0026	1.89623	1	1.0000	0	91.9791	uniform	ok
SFFP01000171.1	DGRP01000152.1	94.7674	94.7674	0.0006	0.0005	1.69794	1	1.0000	0	94.7674	uniform_fallback	INCONSISTENT
SCMQ01000010.1	JACRPA010000007.1	90.0646	90.0646	0.0015	0.0020	1.94162	1	1.0000	0	90.0646	uniform_fallback	INCONSISTENT
SCMQ01000010.1	JAGOEY010000063.1	91.5490	91.5490	0.0040	0.0093	1.16121	3	1.0000	0	91.5490	uniform_fallback	INCONSISTENT
SCMQ01000010.1	WNDQ01000001.1	92.5011	92.5011	0.0111	0.0135	0.49628	12	0.9500	3	92.5011	uniform	INCONSISTENT
SCMQ01000010.1	WNDX01000001.1	92.9059	92.9059	0.0006	0.0006	1.87830	1	1.0000	0	92.9059	uniform	INCONSISTENT
SCMQ01000010.1	JAAFGZ010000050.1	87.2577	87.2577	0.0305	0.0333	0.58460	7	1.0000	0	87.2577	uniform	BELOW_DETECTION
JACRPA010000007.1	JAFLDT010000001.1	92.6561	92.6561	0.0008	0.0006	2.11028	1	1.0000	0	92.6561	uniform	INCONSISTENT
JACRPA010000007.1	JAAXVP010000238.1	94.4857	94.4857	0.0005	0.0005	1.96896	1	1.0000	0	94.4857	uniform_fallback	INCONSISTENT
JACRPA010000007.1	DDKG01000323.1	93.3023	93.3023	0.0009	0.0006	1.79126	1	1.0000	0	93.3023	uniform	INCONSISTENT
JACRPA010000007.1	DDYH01000063.1	88.4863	88.4863	0.0025	0.0021	1.76336	1	1.0000	0	88.4863	uniform_fallback	INCONSISTENT
JACRPA010000007.1	JAACFL010000135.1	92.7919	92.7919	0.0009	0.0011	1.84268	1	1.0000	0	92.7919	uniform	INCONSISTENT
JACRPA010000007.1	DGLB01000079.1	92.5798	92.5798	0.0010	0.0008	1.87344	1	1.0000	0	92.5798	uniform	INCONSISTENT
JAEDMP010000088.1	ONSV01000270.1	93.9328	93.9328	0.0013	0.0009	1.74661	1	1.0000	0	93.9328	uniform	ok
SYNW01000072.1	RFMT01000087.1	92.0544	92.0544	0.0025	0.0019	1.91265	1	1.0000	0	92.0544	uniform_fallback	INCONSISTENT
SYNW01000072.1	JAEMRY010000162.1	93.9147	93.9147	0.0028	0.0023	1.64358	1	1.0000	0	93.9147	uniform	ok
JADJLB010000001.1	JAAFGV010000044.1	92.6483	92.6483	0.0008	0.0008	1.83993	1	1.0000	0	92.6483	uniform	ok
JADJLB010000001.1	JAABQV010000010.1	96.8750	96.8750	0.0004	0.0004	1.37553	1	1.0000	0	96.8750	uniform_fallback	INCONSISTENT
JAEESZ010000011.1	JAGARY010000127.1	88.6606	88.6606	0.0046	0.0046	2.12314	1	1.0000	0	88.6606	uniform_fallback	INCONSISTENT
JAEESZ010000011.1	DGTW01000270.1	98.1481	98.1481	0.0005	0.0004	1.29728	1	1.0000	0	98.1481	uniform	ok
JAEESZ010000011.1	DGWD01000006.1	88.5623	88.5623	0.0064	0.0065	1.83410	1	1.0000	0	88.5623	uniform	INCONSISTENT
JAEDJD010000039.1	DGSY01000060.1	95.3484	95.3484	0.0014	0.0010	1.64649	1	1.0000	0	95.3484	uniform	INCONSISTENT
JAEDJD010000039.1	DGVV01000121.1	90.9686	90.9686	0.0086	0.0061	1.14885	2	1.0000	0	90.9686	uniform	INCONSISTENT
JAERRP010000540.1	DEIP01000175.1	96.1879	96.1879	0.0003	0.0005	1.22905	2	1.0000	0	96.1879	uniform	ok
JADJDU010000001.1	JAFDWI010000100.1	98.4375	98.4375	0.0000	0.0000	1.09619	1	1.0000	0	98.4375	uniform	INCONSISTENT
JADJDU010000001.1	DEAL01000041.1	87.0102	87.0102	0.0110	0.0202	1.15348	2	0.9091	1	87.0102	uniform	BELOW_DETECTION
SWJS01000001.1	DDVW01000074.1	82.7137	91.1349	0.0148	0.0089	0.88545	1	1.0000	0	91.1349	uniform_fallback	INCONSISTENT
WFMB01000127.1	JAGHTY010000103.1	91.4489	91.4489	0.0004	0.0004	2.46297	1	1.0000	0	91.4489	uniform_fallback	INCONSISTENT
WFMB01000127.1	DGSP01000032.1	90.3592	90.3592	0.0225	0.0186	0.76716	4	1.0000	0	90.3592	uniform	INCONSISTENT
JAESSQ010000060.1	NVSH01000042.1	98.7374	98.7374	0.0007	0.0009	0.72956	1	1.0000	0	98.7374	uniform	ok
JAEUUG010000002.1	DDTK01000012.1	90.1514	99.0081	0.0019	0.0018	0.70856	1	1.0000	0	90.1514	gamma	ok
VGAI01000001.1	RGOY01000001.1	93.7421	93.7421	0.0183	0.0152	0.78914	3	0.9583	1	93.7421	uniform	INCONSISTENT
JAEUPW010000135.1	DEHY01000178.1	89.5214	89.5214	0.0042	0.0035	1.90357	1	1.0000	0	89.5214	uniform_fallback	INCONSISTENT
JAFGNX010000190.1	DSBM01000141.1	91.5181	91.5181	0.1194	0.0918	0.39051	20	0.9897	1	91.5181	uniform	ok
VXPQ01000020.1	VXOC01000211.1	97.6563	97.6563	0.0003	0.0002	1.33721	1	1.0000	0	97.6563	uniform	ok
VXPQ01000020.1	VXNL01000068.1	98.4375	98.4375	0.0003	0.0003	1.09619	1	1.0000	0	98.4375	uniform	ok
VGQX01000001.1	RFPK01000001.1	91.5478	91.5478	0.0022	0.0036	1.33633	2	1.0000	0	91.5478	uniform_fallback	INCONSISTENT
RFMT01000087.1	RGCG01000001.1	99.9999	99.9999	0.0008	0.0006	6.31194	1	1.0000	0	99.9999	uniform	ok
JAFKMA010000002.1	UBZP01000050.1	89.6345	89.6345	0.0021	0.0013	1.73666	1	1.0000	0	89.6345	uniform	INCONSISTENT
JAFKMA010000002.1	VWVY01000001.1	91.1428	91.1428	0.0015	0.0013	1.98506	1	1.0000	0	91.1428	uniform_fallback	INCONSISTENT
JAFKMA010000002.1	DSOG01000024.1	87.2297	87.2297	0.0060	0.0118	1.39728	1	1.0000	0	87.2297	uniform	BELOW_DETECTION
DSPG01000034.1	JADJAB010000001.1	90.7264	90.7264	0.0036	0.0022	1.50161	1	1.0000	0	90.7264	uniform	INCONSISTENT
DSPG01000034.1	JAAIVJ010000001.1	87.7912	87.7912	0.0035	0.0028	1.78672	1	1.0000	0	87.7912	uniform	BELOW_DETECTION
DSPG01000034.1	CP046620.1	88.3218	88.3218	0.0044	0.0032	1.68387	1	1.0000	0	88.3218	uniform	ok
DSNY01000034.1	JAFANH010000059.1	85.9954	85.9954	0.0049	0.0071	1.61175	1	1.0000	0	85.9954	uniform	BELOW_DETECTION
DSNY01000034.1	JAACZU010000001.1	94.3443	94.3443	0.0004	0.0004	1.78926	1	1.0000	0	94.3443	uniform_fallback	INCONSISTENT
DSNY01000034.1	WNDX01000001.1	86.9623	86.9623	0.0037	0.0034	1.67653	1	1.0000	0	86.9623	uniform	BELOW_DETECTION
DSNY01000034.1	DSWB01000427.1	99.0038	99.0038	0.0012	0.0011	0.44659	1	1.0000	0	99.0038	uniform	ok
DSNY01000034.1	JAABRB010000001.1	93.2655	93.2655	0.0011	0.0011	1.71088	1	1.0000	0	93.2655	uniform	INCONSISTENT
DSNY01000034.1	JAABQT010000001.1	90.1508	90.1508	0.0016	0.0031	1.77729	1	1.0000	0	90.1508	uniform	INCONSISTENT
JAFLDT010000001.1	DDKN01000118.1	94.3405	94.3405	0.0004	0.0008	1.81892	1	1.0000	0	94.3405	uniform_fallback	INCONSISTENT
JAFLDT010000001.1	DDUE01000078.1	87.6519	87.6519	0.0032	0.0075	1.70138	1	1.0000	0	87.6519	uniform_fallback	BELOW_DETECTION
JAFLDT010000001.1	DDWF01000162.1	93.5064	93.5064	0.0012	0.0011	1.29524	2	1.0000	0	93.5064	uniform_fallback	INCONSISTENT
JAFLDT010000001.1	DDYH01000063.1	93.5720	93.5720	0.0004	0.0006	1.75951	1	1.0000	0	93.5720	uniform	ok
DTLB01000002.1	DSLA01000101.1	99.5175	99.5175	0.0057	0.0073	0.24067	3	1.0000	0	99.5175	uniform	ok
JAFKIW010000006.1	DGBP01000040.1	86.8316	86.8316	0.0038	0.0041	1.60846	1	1.0000	0	86.8316	uniform_fallback	BELOW_DETECTION
JAFPVW010000056.1	JAEDEY010000094.1	92.5328	92.5328	0.0001	0.0002	2.25777	1	1.0000	0	92.5328	uniform_fallback	INCONSISTENT
JAFPVW010000056.1	DEJF01000056.1	93.7887	93.7887	0.0006	0.0007	2.13214	1	1.0000	0	93.7887	uniform	ok
JAFPVW010000056.1	DEJO01000005.1	94.8199	94.8199	0.0002	0.0003	1.96860	1	1.0000	0	94.8199	uniform	ok
JAFPVW010000056.1	DFGF01000135.1	89.0786	89.0786	0.0055	0.0066	1.33824	1	1.0000	0	89.0786	uniform	INCONSISTENT
JAFSFT010000006.1	JAGBFE010000276.1	96.8178	96.8178	0.0085	0.0080	0.63195	5	1.0000	0	96.8178	uniform	INCONSISTENT
JAFRBD010000005.1	JAFSRK010000117.1	94.6794	97.3496	0.0183	0.0227	0.42254	5	1.0000	0	94.6794	gamma	ok
JAFUAO010000026.1	JAGCWY010000073.1	92.6569	92.6569	0.0016	0.0012	1.99258	1	1.0000	0	92.6569	uniform_fallback	INCONSISTENT
JAFUAO010000026.1	DEDQ01000081.1	88.0099	88.0099	0.0120	0.0173	1.14677	1	1.0000	0	88.0099	uniform_fallback	INCONSISTENT
JAFSMR010000015.1	DGVK01000164.1	94.0794	94.0794	0.0072	0.0066	1.01431	1	1.0000	0	94.0794	uniform	ok
JAAYAO010000092.1	WRGV01000001.1	92.5464	92.5464	0.0016	0.0023	1.87527	1	1.0000	0	92.5464	uniform	ok
JAFUVT010000004.1	JAGBQJ010000016.1	89.6445	89.6445	0.0960	0.0999	0.33107	22	0.9726	4	89.6445	uniform	INCONSISTENT
JAAYDT010000033.1	DFZC01000040.1	89.3416	89.3416	0.0850	0.0774	0.55174	10	0.9804	1	89.3416	uniform	ok
JAFTFX010000020.1	DFJI01000040.1	88.6820	88.6820	0.0113	0.0129	1.04899	3	1.0000	0	88.6820	uniform_fallback	INCONSISTENT
JAFTFX010000020.1	DFTH01000014.1	89.6686	89.6686	0.0044	0.0051	1.74462	1	1.0000	0	89.6686	uniform	ok
JAFWOU010000003.1	DEKW01000021.1	94.7254	94.7254	0.0090	0.0084	0.79654	2	1.0000	0	94.7254	uniform	INCONSISTENT
JAFWOU010000003.1	DGTP01000011.1	96.3547	96.3547	0.0013	0.0014	1.34953	1	1.0000	0	96.3547	uniform	INCONSISTENT
JAFWOU010000003.1	DGTR01000020.1	94.0678	94.0678	0.0146	0.0180	0.79330	4	1.0000	0	94.0678	uniform	INCONSISTENT
JAFWOU010000003.1	DGVB01000016.1	93.5693	93.5693	0.0027	0.0042	1.85042	1	1.0000	0	93.5693	uniform_fallback	INCONSISTENT
JAFVGW010000010.1	JAFXMJ010000556.1	98.0477	98.0477	0.0005	0.0006	1.12246	1	1.0000	0	98.0477	uniform	ok
JAFVGW010000010.1	JAGCFC010000175.1	93.7643	94.6195	0.0267	0.0298	0.33662	22	0.9455	6	93.7643	gamma	INCONSISTENT
JAFUMY010000025.1	JAFWBT010000013.1	92.7037	92.7037	0.0051	0.0050	1.97370	1	1.0000	0	92.7037	uniform_fallback	INCONSISTENT
JAFYAC010000120.1	CACXEY010000001.1	97.8481	98.0323	0.1531	0.1721	0.07025	188	0.9326	81	97.8481	gamma	ok
JAFXXK010000018.1	DEFJ01000021.1	92.4298	92.4298	0.0002	0.0001	1.50485	1	1.0000	0	92.4298	uniform_fallback	INCONSISTENT
JAAXVP010000238.1	JACZJU010000241.1	95.2500	95.2500	0.0002	0.0001	1.82906	1	1.0000	0	95.2500	uniform	ok
JAAXVP010000238.1	JACRAU010000009.1	92.4972	92.4972	0.0060	0.0083	0.80196	5	1.0000	0	92.4972	uniform	ok
JAAXVP010000238.1	DDKN01000118.1	89.8591	89.8591	0.0119	0.0179	0.76119	5	1.0000	0	89.8591	uniform	ok
JAAXVP010000238.1	DDYH01000063.1	90.7921	90.7921	0.0031	0.0034	1.15769	2	1.0000	0	90.7921	uniform	ok
JAAXVP010000238.1	DEQR01000043.1	90.4246	90.4246	0.0051	0.0058	1.10643	2	1.0000	0	90.4246	uniform	ok
JAAXVP010000238.1	JAABRP010000137.1	92.1769	92.1769	0.0004	0.0004	2.19380	1	1.0000	0	92.1769	uniform_fallback	INCONSISTENT
JABFXA010000098.1	DGBP01000040.1	90.6550	90.6550	0.0139	0.0178	0.59638	8	1.0000	0	90.6550	uniform	ok
JAFYYU010000001.1	CACWID010000001.1	90.6112	90.6112	0.1951	0.1480	0.22923	35	0.9320	21	90.6112	uniform	INCONSISTENT
JAFZDL010000110.1	JAHLFA010000022.1	99.9999	99.9999	0.0021	0.0019	8.45153	1	1.0000	0	99.9999	uniform	ok
JAFZDL010000110.1	JAFQCX010000001.1	87.2689	87.2689	0.0106	0.0124	1.80599	1	1.0000	0	87.2689	uniform_fallback	BELOW_DETECTION
JAFZDL010000110.1	QXXE01000104.1	99.9999	99.9999	0.0021	0.0008	8.45153	1	1.0000	0	99.9999	uniform	ok
JAEPMJ010000010.1	UBJR01000048.1	90.3361	90.3361	0.0024	0.0014	1.63727	1	1.0000	0	90.3361	uniform_fallback	INCONSISTENT
JAEPMJ010000010.1	DDFA01000072.1	91.0524	91.0524	0.0017	0.0016	1.75476	1	1.0000	0	91.0524	uniform	INCONSISTENT
JAGCFC010000175.1	JAFRNH010000017.1	95.1220	95.1220	0.0001	0.0001	1.94228	1	1.0000	0	95.1220	uniform_fallback	INCONSISTENT
JAGASN010000014.1	CAAGJQ010000001.1	94.5335	94.5335	0.0044	0.0035	1.36370	1	1.0000	0	94.5335	uniform	ok
JAAZXC010000100.1	DEAL01000041.1	87.1972	87.1972	0.0224	0.0242	1.16857	2	1.0000	0	87.1972	uniform	BELOW_DETECTION
JAFNGM010000001.1	VGSD01000001.1	97.4576	97.4576	0.0004	0.0003	1.44906	1	1.0000	0	97.4576	uniform	ok
JACWEO010000001.1	CABYZU010000001.1	92.7657	92.7657	0.0166	0.0204	1.34458	2	1.0000	0	92.7657	uniform	ok
JACWEO010000001.1	CACDQB010000001.1	99.3333	99.3333	0.0042	0.0060	0.66444	1	1.0000	0	99.3333	uniform	ok
JACWEO010000001.1	CACIHO010000001.1	99.9999	99.9999	0.0042	0.0045	8.16496	1	1.0000	0	99.9999	uniform	INCONSISTENT
JACWEO010000001.1	CACDYR010000001.1	99.9999	99.9999	0.0042	0.0038	8.16496	1	1.0000	0	99.9999	uniform	ok
JACWEO010000001.1	CACHPB010000001.1	98.6667	98.6667	0.0042	0.0038	0.93650	1	1.0000	0	98.6667	uniform	ok
JAGIBE010000001.1	DDSN01000103.1	91.6563	91.6563	0.0003	0.0005	1.98570	1	1.0000	0	91.6563	uniform_fallback	INCONSISTENT
JAGIBE010000001.1	DSOG01000024.1	93.1070	93.1070	0.0004	0.0009	2.01154	1	1.0000	0	93.1070	uniform	ok
JAGIBE010000001.1	DELZ01000002.1	93.7514	93.7514	0.0001	0.0002	2.04268	1	1.0000	0	93.7514	uniform_fallback	INCONSISTENT
JAGIBE010000001.1	DGLD01000006.1	94.4624	94.4624	0.0022	0.0027	1.17630	2	1.0000	0	94.4624	uniform	ok
JAGIBE010000001.1	DSIT01000125.1	92.0143	92.6514	0.3862	0.3276	0.11978	121	0.9765	25	92.0143	gamma	ok
JAGCYV010000034.1	ONCC01000055.1	95.3788	95.3788	0.0042	0.0032	0.89517	4	1.0000	0	95.3788	uniform	INCONSISTENT
JAGCYV010000034.1	ONIP01000060.1	81.5809	96.5025	0.0010	0.0007	1.50028	1	1.0000	0	96.5025	uniform_fallback	INCONSISTENT
JAGCYV010000034.1	DECD01000025.1	91.2212	91.2212	0.0181	0.0130	0.78633	5	1.0000	0	91.2212	uniform	INCONSISTENT
JAGCYV010000034.1	DGIA01000010.1	87.1924	91.3961	0.5476	0.5047	0.16136	42	0.9915	5	87.1924	gamma	ok
JAAVAA010000001.1	QXWO01000112.1	96.4301	96.4301	0.0029	0.0017	1.22090	1	1.0000	0	96.4301	uniform	ok
JAGNNA010000346.1	JADJQR010000001.1	93.6311	93.6311	0.0006	0.0006	1.66482	1	1.0000	0	93.6311	uniform	ok
JACZJU010000241.1	DDKN01000118.1	91.8824	91.8824	0.0002	0.0005	2.13159	1	1.0000	0	91.8824	uniform_fallback	INCONSISTENT
JACZJU010000241.1	DDYH01000063.1	95.4223	95.4223	0.0002	0.0003	1.59240	1	1.0000	0	95.4223	uniform	ok
JAGAWD010000208.1	SUUF01000057.1	99.9999	99.9999	0.0006	0.0008	8.16496	1	1.0000	0	99.9999	uniform	ok
JAGAWD010000208.1	UQIF01000001.1	88.9727	88.9727	0.0039	0.0054	1.87989	1	1.0000	0	88.9727	uniform_fallback	INCONSISTENT
JAGAWD010000208.1	ONVK01000160.1	99.7076	99.7076	0.0013	0.0016	0.29197	2	1.0000	0	99.7076	uniform	ok
JAGAWD010000208.1	JAFUCC010000130.1	95.0549	95.0549	0.0005	0.0004	1.60708	1	1.0000	0	95.0549	uniform_fallback	INCONSISTENT
JAGAWD010000208.1	DFIX01000050.1	89.7543	89.7543	0.0026	0.0028	1.67584	1	1.0000	0	89.7543	uniform	ok
SUUF01000057.1	JAFUCC010000130.1	95.3923	95.3923	0.0020	0.0014	1.14489	2	1.0000	0	95.3923	uniform	ok
SUUF01000057.1	DFIX01000050.1	93.1004	93.1004	0.0006	0.0005	2.06775	1	1.0000	0	93.1004	uniform	ok
JAGCWY010000073.1	DFHF01000015.1	92.6834	92.6834	0.0018	0.0023	1.91096	1	1.0000	0	92.6834	uniform	ok
SVKO01000002.1	DFCM01000093.1	99.5976	99.5976	0.0013	0.0025	0.28398	2	1.0000	0	99.5976	uniform	ok
SVKO01000002.1	DFGE01000032.1	92.0776	92.0776	0.0009	0.0009	1.92722	1	1.0000	0	92.0776	uniform_fallback	INCONSISTENT
JAGOEY010000063.1	WNDQ01000001.1	89.5625	89.5625	0.0081	0.0043	1.24289	2	1.0000	0	89.5625	uniform_fallback	INCONSISTENT
JAGOEY010000063.1	JAAFGZ010000050.1	89.9980	89.9980	0.0049	0.0023	1.71428	1	1.0000	0	89.9980	uniform	ok
JAFDWI010000100.1	DRLG01000001.1	98.1250	98.1250	0.0000	0.0000	1.07233	3	0.8333	2	98.1250	uniform	INCONSISTENT
JAFEFJ010000100.1	DDES01000003.1	93.5151	93.5151	0.0003	0.0005	2.08986	1	1.0000	0	93.5151	uniform_fallback	INCONSISTENT
WFVD01000001.1	DRLG01000001.1	95.2302	95.2302	0.4137	0.4567	0.10540	150	0.8987	123	95.2302	uniform	ok
JAHDSQ010000027.1	DDLZ01000042.1	97.6795	97.6795	0.0009	0.0016	1.14664	1	1.0000	0	97.6795	uniform	ok
DVGO01000028.1	DEUP01000007.1	91.4965	91.4965	0.0006	0.0010	2.46113	1	1.0000	0	91.4965	uniform_fallback	INCONSISTENT
JAHDOX010000131.1	DSCZ01000013.1	98.3591	98.3591	0.0007	0.0003	0.94585	1	1.0000	0	98.3591	uniform	ok
VEQP01000031.1	RGUL01000001.1	89.4921	89.4921	0.0018	0.0018	1.85069	1	1.0000	0	89.4921	uniform_fallback	INCONSISTENT
VEQP01000031.1	RFTM01000001.1	89.9278	89.9278	0.0067	0.0074	0.97099	3	1.0000	0	89.9278	uniform_fallback	INCONSISTENT
JAHRCV010000001.1	VWVY01000001.1	85.7887	85.7887	0.0091	0.0094	1.38493	1	1.0000	0	85.7887	uniform_fallback	BELOW_DETECTION
JAHRCV010000001.1	JAABRB010000001.1	93.7410	93.7410	0.0004	0.0003	2.02363	1	1.0000	0	93.7410	uniform_fallback	INCONSISTENT
JAHLFA010000022.1	URZK01000001.1	99.9999	99.9999	0.0012	0.0014	8.30454	1	1.0000	0	99.9999	uniform	ok
JAHLFA010000022.1	QXXE01000104.1	99.9999	99.9999	0.0036	0.0016	5.92348	1	1.0000	0	99.9999	uniform	ok
JAFANH010000059.1	DDKG01000323.1	92.8453	92.8453	0.0010	0.0006	1.73827	1	1.0000	0	92.8453	uniform	INCONSISTENT
JAFANH010000059.1	WNDX01000001.1	88.4114	88.4114	0.0284	0.0165	0.63421	7	0.9459	2	88.4114	uniform	INCONSISTENT
JAFANH010000059.1	RFSK01000001.1	90.0768	90.0768	0.0057	0.0027	1.03840	3	1.0000	0	90.0768	uniform_fallback	INCONSISTENT
JACRAU010000009.1	DDKN01000118.1	88.8519	90.2171	0.2794	0.3034	0.18775	49	0.9409	26	88.8519	gamma	ok
JACRAU010000009.1	DEQR01000043.1	91.0355	91.0355	0.0069	0.0056	1.12239	2	0.9231	1	91.0355	uniform	INCONSISTENT
JACRAU010000009.1	JAABTK010000100.1	88.2338	88.2338	0.0057	0.0040	1.42800	1	1.0000	0	88.2338	uniform	BELOW_DETECTION
JAEEHL010000183.1	ONVK01000160.1	95.6888	95.6888	0.0029	0.0025	0.98602	2	1.0000	0	95.6888	uniform	ok
JAEEHL010000183.1	DGVK01000164.1	96.8750	96.8750	0.0006	0.0006	1.16254	1	1.0000	0	96.8750	uniform_fallback	INCONSISTENT
JAHRWO010000398.1	JAFLBS010000001.1	91.5648	91.5648	0.0037	0.0022	2.18659	1	1.0000	0	91.5648	uniform_fallback	INCONSISTENT
JAEEYV010000049.1	DFKH01000060.1	94.8387	94.8387	0.0017	0.0021	1.77708	1	1.0000	0	94.8387	uniform_fallback	INCONSISTENT
OMXF01000100.1	ONDK01000098.1	89.2019	89.2019	0.0092	0.0113	1.05402	3	1.0000	0	89.2019	uniform	INCONSISTENT
ONCC01000055.1	DECD01000025.1	88.2399	91.6277	0.3061	0.2917	0.19197	42	0.9731	11	88.2399	gamma	ok
ONCC01000055.1	DGIA01000010.1	93.4793	93.4793	0.0173	0.0229	0.61736	7	1.0000	0	93.4793	uniform	INCONSISTENT
JAFAUQ010000042.1	UBZP01000050.1	89.7158	89.7158	0.0015	0.0014	1.80391	1	1.0000	0	89.7158	uniform	ok
ONMP01000397.1	DCZG01000005.1	90.9807	90.9807	0.0007	0.0009	1.98920	1	1.0000	0	90.9807	uniform_fallback	INCONSISTENT
ONMP01000397.1	DFIX01000050.1	99.2781	99.2781	0.0025	0.0033	0.32250	2	1.0000	0	99.2781	uniform	ok
JADJAB010000001.1	DDEX01000037.1	88.6449	88.6449	0.0064	0.0077	1.14269	2	1.0000	0	88.6449	uniform	INCONSISTENT
JADJAB010000001.1	JAAIVJ010000001.1	87.7671	87.7671	0.0491	0.0537	0.44679	9	0.9577	3	87.7671	uniform	BELOW_DETECTION
JADJAB010000001.1	JAABTI010000001.1	90.7259	90.7259	0.0005	0.0012	2.11490	1	1.0000	0	90.7259	uniform	INCONSISTENT
UBJR01000048.1	UBZP01000050.1	84.0292	86.2407	0.1160	0.1395	0.26005	27	0.9409	12	84.0292	gamma	BELOW_DETECTION
UBJR01000048.1	DDFA01000072.1	87.7740	87.7740	0.0108	0.0210	0.69572	4	1.0000	0	87.7740	uniform	BELOW_DETECTION
UBJR01000048.1	DSIT01000125.1	89.6711	89.6711	0.0014	0.0016	1.64580	1	1.0000	0	89.6711	uniform_fallback	INCONSISTENT
JADJQR010000001.1	DEHY01000178.1	95.5854	95.5854	0.0008	0.0012	1.45262	1	1.0000	0	95.5854	uniform	ok
UQIF01000001.1	UREM01000001.1	95.3831	95.3831	0.0031	0.0035	1.04287	1	1.0000	0	95.3831	uniform	ok
UQIF01000001.1	URPK01000001.1	96.2327	96.2327	0.0033	0.0037	0.87593	2	1.0000	0	96.2327	uniform	ok
UQIF01000001.1	CAAEOL010000001.1	94.7284	94.7284	0.0046	0.0049	0.98096	2	1.0000	0	94.7284	uniform	INCONSISTENT
UQIF01000001.1	DCZG01000005.1	89.4760	89.4760	0.0097	0.0078	1.13876	2	1.0000	0	89.4760	uniform_fallback	INCONSISTENT
JADKCV010000001.1	DDRC01000251.1	92.2933	92.2933	0.0139	0.0160	0.48783	11	0.9833	1	92.2933	uniform	INCONSISTENT
ONIP01000060.1	DECD01000025.1	94.2393	94.2393	0.0048	0.0051	1.10647	2	1.0000	0	94.2393	uniform	INCONSISTENT
UQUN01000001.1	CAADWS010000001.1	99.9999	99.9999	0.0004	0.0004	7.73822	1	1.0000	0	99.9999	uniform	ok
ONVK01000160.1	DEWI01000036.1	98.3760	98.3760	0.0025	0.0031	0.57046	2	1.0000	0	98.3760	uniform	ok
ONVK01000160.1	DFFF01000021.1	89.1206	89.1206	0.0024	0.0040	1.87394	1	1.0000	0	89.1206	uniform	ok
ONVK01000160.1	DGVK01000164.1	94.7703	94.7703	0.0051	0.0059	0.70468	3	1.0000	0	94.7703	uniform	ok
UREM01000001.1	URPK01000001.1	95.1486	96.6323	0.7438	0.7626	0.06737	68	0.9921	18	95.1486	gamma	ok
UREM01000001.1	CAAEOL010000001.1	94.7226	96.1252	0.7409	0.7204	0.07242	95	0.9820	39	94.7226	gamma	ok
UBZP01000050.1	DDEX01000037.1	88.7158	88.7158	0.0035	0.0051	1.37315	1	1.0000	0	88.7158	uniform	INCONSISTENT
UBZP01000050.1	DDFA01000072.1	85.5627	87.8027	0.0302	0.0464	0.47630	7	0.9688	2	85.5627	gamma	BELOW_DETECTION
UBZP01000050.1	VWVY01000001.1	90.5618	90.5618	0.0009	0.0014	1.92941	1	1.0000	0	90.5618	uniform_fallback	INCONSISTENT
UBZP01000050.1	DRFF01000001.1	91.3139	91.3139	0.0006	0.0006	2.02552	1	1.0000	0	91.3139	uniform_fallback	INCONSISTENT
UBZP01000050.1	DSIT01000125.1	88.4946	88.4946	0.0014	0.0015	1.87208	1	1.0000	0	88.4946	uniform	INCONSISTENT
URPK01000001.1	CAAEOL010000001.1	94.6346	95.8458	0.7334	0.7251	0.07548	65	0.9789	45	94.6346	gamma	ok
UQPQ01000001.1	URLQ01000001.1	98.9011	98.9011	0.0009	0.0007	0.77276	1	1.0000	0	98.9011	uniform	ok
URZK01000001.1	QXXE01000104.1	99.9999	99.9999	0.0014	0.0005	8.30454	1	1.0000	0	99.9999	uniform	ok
URQX01000001.1	SAAC01000199.1	96.1694	96.1694	0.0068	0.0063	1.01221	1	1.0000	0	96.1694	uniform	ok
CAAFLF010000001.1	CAAGJQ010000001.1	92.8098	92.8098	0.0109	0.0050	1.23842	2	1.0000	0	92.8098	uniform	INCONSISTENT
USRA01000001.1	CAAFRM010000001.1	96.4772	96.8006	0.2993	0.3012	0.10257	82	0.9730	25	96.4772	gamma	ok
CAAHET010000001.1	CAAFRM010000001.1	99.8285	99.8285	0.0033	0.0040	0.17138	1	1.0000	0	99.8285	uniform	ok
CAADWS010000001.1	CAAFRM010000001.1	97.4209	97.4209	0.0004	0.0005	1.47387	1	1.0000	0	97.4209	uniform	ok
CABYFB010000001.1	CABYZU010000001.1	97.8884	97.8884	0.0041	0.0057	1.21901	1	1.0000	0	97.8884	uniform	ok
CABYFB010000001.1	CACAYM010000001.1	94.6662	94.6662	0.0121	0.0131	1.62139	1	1.0000	0	94.6662	uniform	ok
CABYFB010000001.1	CACBYP010000001.1	94.7696	95.8504	0.7433	0.6984	0.18819	22	0.9864	5	94.7696	gamma	ok
CABYFB010000001.1	CACDQB010000001.1	97.8884	97.8884	0.0041	0.0063	1.21901	1	1.0000	0	97.8884	uniform	ok
CABYFB010000001.1	CACIHO010000001.1	97.1743	97.1743	0.0041	0.0046	1.39442	1	1.0000	0	97.1743	uniform	ok
CABYFB010000001.1	CACDYR010000001.1	97.1743	97.1743	0.0041	0.0039	1.39442	1	1.0000	0	97.1743	uniform	ok
CABYFB010000001.1	CACFYN010000001.1	94.4214	94.4214	0.0121	0.0207	1.55506	1	1.0000	0	94.4214	uniform	ok
CABYFB010000001.1	CACHPB010000001.1	98.2442	98.2442	0.0035	0.0034	1.01069	1	1.0000	0	98.2442	uniform	ok
CABYFB010000001.1	CACOSU010000001.1	83.2948	98.6086	0.0041	0.0041	0.99314	1	1.0000	0	83.2948	gamma	ok
CABYFB010000001.1	CACJWS010000001.1	95.4219	95.9513	0.6458	0.6520	0.19223	26	0.9712	10	95.4219	gamma	ok
JAFGTZ010000309.1	JAABTK010000100.1	94.0225	94.0225	0.0005	0.0003	2.05993	1	1.0000	0	94.0225	uniform	ok
CABYZU010000001.1	CACAYM010000001.1	97.7401	97.7401	0.0054	0.0041	1.11710	1	1.0000	0	97.7401	uniform	ok
CABYZU010000001.1	CACBYP010000001.1	99.3103	99.3103	0.0057	0.0039	0.68727	1	1.0000	0	99.3103	uniform	ok
CABYZU010000001.1	CACDQB010000001.1	98.8701	98.8701	0.0054	0.0059	0.79446	1	1.0000	0	98.8701	uniform	ok
CABYZU010000001.1	CACIHO010000001.1	98.3051	98.3051	0.0054	0.0044	0.97023	1	1.0000	0	98.3051	uniform	ok
CABYZU010000001.1	CACDYR010000001.1	98.3051	98.3051	0.0054	0.0037	0.97023	1	1.0000	0	98.3051	uniform	ok
CABYZU010000001.1	CACFYN010000001.1	97.1751	97.1751	0.0054	0.0065	1.24534	1	1.0000	0	97.1751	uniform	ok
CABYZU010000001.1	CACHPB010000001.1	98.3051	98.3051	0.0054	0.0038	0.97023	1	1.0000	0	98.3051	uniform	ok
CABYZU010000001.1	CACOSU010000001.1	97.6285	97.6285	0.0082	0.0060	0.95663	2	1.0000	0	97.6285	uniform	ok
CACAYM010000001.1	CACBYP010000001.1	68.9500	94.1185	0.0131	0.0114	1.61738	1	1.0000	0	94.1185	uniform_fallback	INCONSISTENT
CACAYM010000001.1	CACDQB010000001.1	97.8401	97.8401	0.0049	0.0070	1.24241	1	1.0000	0	97.8401	uniform	ok
CACAYM010000001.1	CACIHO010000001.1	97.1197	97.1197	0.0049	0.0050	1.40890	1	1.0000	0	97.1197	uniform	ok
CACAYM010000001.1	CACDYR010000001.1	97.1197	97.1197	0.0049	0.0044	1.40890	1	1.0000	0	97.1197	uniform	ok
CACAYM010000001.1	CACFYN010000001.1	95.0768	95.0768	0.1345	0.2128	0.45915	11	0.9538	3	95.0768	uniform	ok
CACAYM010000001.1	CACHPB010000001.1	83.5855	98.5769	0.0049	0.0045	1.01862	1	1.0000	0	83.5855	gamma	ok
CACAYM010000001.1	CACOSU010000001.1	97.9102	97.9102	0.0044	0.0041	1.20027	1	1.0000	0	97.9102	uniform	ok
CACAYM010000001.1	CACJWS010000001.1	92.3110	92.3110	0.0132	0.0121	1.85304	1	1.0000	0	92.3110	uniform_fallback	INCONSISTENT
CACBYP010000001.1	CACDQB010000001.1	98.6148	98.6148	0.0039	0.0063	0.98061	1	1.0000	0	98.6148	uniform	ok
CACBYP010000001.1	CACIHO010000001.1	97.9102	97.9102	0.0039	0.0046	1.20027	1	1.0000	0	97.9102	uniform	ok
CACBYP010000001.1	CACDYR010000001.1	97.9102	97.9102	0.0039	0.0039	1.20027	1	1.0000	0	97.9102	uniform	ok
CACBYP010000001.1	CACFYN010000001.1	97.2083	97.2083	0.0039	0.0070	1.37737	1	1.0000	0	97.2083	uniform	ok
CACBYP010000001.1	CACHPB010000001.1	98.8372	98.8372	0.0033	0.0034	0.81742	1	1.0000	0	98.8372	uniform	ok
CACBYP010000001.1	CACOSU010000001.1	99.3150	99.3150	0.0039	0.0041	0.68746	1	1.0000	0	99.3150	uniform	ok
CACBYP010000001.1	CACJWS010000001.1	95.4356	96.2299	0.5950	0.6363	0.18511	22	0.9721	10	95.4356	gamma	ok
CACDQB010000001.1	CACIHO010000001.1	94.3772	94.3772	0.1529	0.1148	0.56831	6	1.0000	0	94.3772	uniform	ok
CACDQB010000001.1	CACDYR010000001.1	95.0807	95.8774	0.4043	0.2582	0.28002	19	1.0000	0	95.0807	gamma	ok
CACDQB010000001.1	CACJRK010000001.1	93.8794	93.8794	0.1420	0.1047	0.63307	6	1.0000	0	93.8794	uniform	ok
CACDQB010000001.1	CACFYN010000001.1	97.0649	97.0649	0.0070	0.0078	1.42203	1	1.0000	0	97.0649	uniform	ok
CACDQB010000001.1	CACHPB010000001.1	98.8501	98.8501	0.0059	0.0038	0.81681	1	1.0000	0	98.8501	uniform	ok
CACDQB010000001.1	CACOSU010000001.1	92.3699	92.3699	0.1591	0.1073	0.66906	8	1.0000	0	92.3699	uniform	ok
CABXRY010000001.1	CACIHO010000001.1	88.8640	88.8640	0.0215	0.0200	2.06563	1	1.0000	0	88.8640	uniform_fallback	INCONSISTENT
CABXRY010000001.1	CACJRK010000001.1	92.2396	92.2396	0.0317	0.0279	1.83665	1	1.0000	0	92.2396	uniform	ok
CABYKW010000001.1	CACMOZ010000001.1	92.2908	92.2908	0.0117	0.0065	1.99952	1	1.0000	0	92.2908	uniform	ok
CACFQM010000001.1	CACMOZ010000001.1	97.2646	97.2646	0.0094	0.0069	1.20237	1	1.0000	0	97.2646	uniform	ok
JAFRDQ010000038.1	DFGE01000032.1	95.0481	95.0481	0.0002	0.0002	1.91669	1	1.0000	0	95.0481	uniform_fallback	INCONSISTENT
CABZFF010000001.1	CACBFE010000001.1	93.0509	93.0509	0.0132	0.0142	1.43990	1	1.0000	0	93.0509	uniform	ok
CABZFF010000001.1	CACNYH010000001.1	93.5105	93.5105	0.1445	0.1756	0.56252	7	0.9630	2	93.5105	uniform	ok
CABZFF010000001.1	CACMOZ010000001.1	90.7345	90.7345	0.1120	0.1051	0.79689	4	0.9643	1	90.7345	uniform	ok
CABZFF010000001.1	CACPCL010000001.1	91.7567	91.7567	0.1058	0.1263	0.81621	3	1.0000	0	91.7567	uniform	ok
CACBFE010000001.1	CACNYH010000001.1	95.3256	95.3256	0.0170	0.0195	1.36676	1	1.0000	0	95.3256	uniform	INCONSISTENT
CACBFE010000001.1	CACMOZ010000001.1	91.4690	91.4690	0.3328	0.2980	0.47831	10	0.9750	2	91.4690	uniform	ok
CACBFE010000001.1	CACPCL010000001.1	91.7448	91.7448	0.0096	0.0105	2.06919	1	1.0000	0	91.7448	uniform	INCONSISTENT
CACIHO010000001.1	CACDYR010000001.1	92.5910	93.6623	0.6590	0.5308	0.27705	14	0.9817	4	92.5910	gamma	ok
CACIHO010000001.1	CACJRK010000001.1	91.5073	91.5073	0.1997	0.1897	0.57038	9	0.9643	2	91.5073	uniform	ok
CACIHO010000001.1	CACFYN010000001.1	98.5839	98.5839	0.0050	0.0078	1.00513	1	1.0000	0	98.5839	uniform	ok
CACIHO010000001.1	CACHPB010000001.1	98.8701	98.8701	0.0044	0.0038	0.79446	1	1.0000	0	98.8701	uniform	ok
CACIHO010000001.1	CACOSU010000001.1	91.5396	91.5396	0.2749	0.2403	0.51006	9	0.9851	1	91.5396	uniform	ok
CACIHO010000001.1	CACJWS010000001.1	90.4714	90.4714	0.0148	0.0117	1.83882	1	1.0000	0	90.4714	uniform_fallback	INCONSISTENT
CACJAW010000001.1	DEBE01000165.1	99.2857	99.2857	0.0025	0.0021	0.71173	1	1.0000	0	99.2857	uniform	ok
CACDYR010000001.1	CACJRK010000001.1	91.4812	92.4759	0.2353	0.2726	0.45898	11	0.9524	4	91.4812	gamma	ok
CACDYR010000001.1	CACKKY010000001.1	88.1800	88.1800	0.0160	0.0232	2.10337	1	1.0000	0	88.1800	uniform_fallback	INCONSISTENT
CACDYR010000001.1	CACFYN010000001.1	98.5839	98.5839	0.0044	0.0078	1.00513	1	1.0000	0	98.5839	uniform	ok
CACDYR010000001.1	CACHPB010000001.1	98.8701	98.8701	0.0037	0.0038	0.79446	1	1.0000	0	98.8701	uniform	ok
CACDYR010000001.1	CACOSU010000001.1	92.9734	92.9734	0.2494	0.2628	0.43594	13	0.9348	6	92.9734	uniform	ok
CACDYR010000001.1	CACJWS010000001.1	87.7257	87.7257	0.0526	0.0552	1.40309	1	1.0000	0	87.7257	uniform	ok
CACJRK010000001.1	CACKKY010000001.1	91.5525	91.5525	0.0128	0.0171	1.93262	1	1.0000	0	91.5525	uniform_fallback	INCONSISTENT
CACJRK010000001.1	CACOSU010000001.1	91.8643	91.8643	0.1806	0.1656	0.57913	9	1.0000	0	91.8643	uniform	ok
CACKKY010000001.1	CACOSU010000001.1	90.0703	90.0703	0.0377	0.0279	1.60661	2	1.0000	0	90.0703	uniform_fallback	INCONSISTENT
CACFYN010000001.1	CACHPB010000001.1	97.8401	97.8401	0.0078	0.0045	1.24241	1	1.0000	0	97.8401	uniform	ok
CACFYN010000001.1	CACOSU010000001.1	97.2083	97.2083	0.0070	0.0041	1.37737	1	1.0000	0	97.2083	uniform	ok
CACFYN010000001.1	CACJWS010000001.1	91.3316	91.3316	0.0209	0.0121	1.94665	1	1.0000	0	91.3316	uniform	ok
CACGRD010000001.1	CACNCW010000001.1	96.5665	96.5665	0.1853	0.2324	0.32665	12	0.9802	2	96.5665	uniform	ok
CACGRD010000001.1	CACNKX010000001.1	94.2761	95.0282	0.4403	0.3443	0.27963	13	1.0000	0	94.2761	gamma	ok
CACHPB010000001.1	CACOSU010000001.1	98.6148	98.6148	0.0040	0.0041	0.98061	1	1.0000	0	98.6148	uniform	ok
CACHPB010000001.1	CACJWS010000001.1	77.0898	92.8052	0.0126	0.0128	1.67220	1	1.0000	0	92.8052	uniform_fallback	INCONSISTENT
CACNCW010000001.1	CACNKX010000001.1	94.7282	95.9525	0.4244	0.2690	0.28461	18	1.0000	0	94.7282	gamma	ok
CACNYH010000001.1	CACMOZ010000001.1	91.6134	91.6134	0.0640	0.0494	1.01514	2	1.0000	0	91.6134	uniform_fallback	INCONSISTENT
CACNYH010000001.1	CACPCL010000001.1	90.8253	90.8253	0.0312	0.0306	1.45030	2	1.0000	0	90.8253	uniform_fallback	INCONSISTENT
JAFTJE010000007.1	JAFTUL010000004.1	99.1525	99.1525	0.0036	0.0074	0.48720	2	1.0000	0	99.1525	uniform	ok
JAFUCC010000130.1	DFIX01000050.1	89.4735	89.4735	0.0147	0.0179	0.71714	6	1.0000	0	89.4735	uniform	INCONSISTENT
CACMOZ010000001.1	CACPCL010000001.1	93.6813	93.6813	0.0289	0.0355	1.09931	3	0.9231	1	93.6813	uniform	ok
CACXQL010000001.1	DEJF01000056.1	88.7852	92.4209	0.0228	0.0189	0.70593	5	1.0000	0	88.7852	gamma	INCONSISTENT
CACXQL010000001.1	DEJG01000014.1	96.0502	96.0502	0.0012	0.0011	1.45290	1	1.0000	0	96.0502	uniform	INCONSISTENT
CACXQL010000001.1	DETM01000044.1	98.4375	98.4375	0.0005	0.0006	1.09619	1	1.0000	0	98.4375	uniform	ok
JAFUZM010000153.1	DEFL01000059.1	97.8022	97.8022	0.0010	0.0013	0.88733	2	1.0000	0	97.8022	uniform	ok
CACOEA010000001.1	CACPCL010000001.1	86.6160	86.6160	0.0561	0.0535	1.70709	1	1.0000	0	86.6160	uniform	BELOW_DETECTION
CACYPY010000001.1	DFFT01000135.1	91.7587	91.7587	0.0134	0.0121	0.87999	4	1.0000	0	91.7587	uniform	INCONSISTENT
JAACZU010000001.1	DDKN01000118.1	95.8999	95.8999	0.0004	0.0007	1.71870	1	1.0000	0	95.8999	uniform	INCONSISTENT
JAACZU010000001.1	DDVW01000074.1	95.2344	95.2344	0.0002	0.0003	1.84988	1	1.0000	0	95.2344	uniform	INCONSISTENT
JAACZU010000001.1	DEVL01000003.1	94.4857	94.4857	0.0002	0.0002	1.96896	1	1.0000	0	94.4857	uniform_fallback	INCONSISTENT
JAACZU010000001.1	JAACFL010000135.1	93.0103	93.0103	0.0001	0.0001	2.18287	1	1.0000	0	93.0103	uniform_fallback	INCONSISTENT
JAACZU010000001.1	DSOT01000049.1	94.9465	94.9465	0.0004	0.0004	1.70334	1	1.0000	0	94.9465	uniform_fallback	INCONSISTENT
JAACZU010000001.1	DGLB01000079.1	95.2344	95.2344	0.0002	0.0002	1.84988	1	1.0000	0	95.2344	uniform	INCONSISTENT
RGJX01000001.1	RGYL01000001.1	92.7918	95.3136	0.0079	0.0085	0.97130	3	1.0000	0	92.7918	gamma	ok
WRGQ01000001.1	WRGH01000001.1	99.9999	99.9999	0.0016	0.0019	7.62492	1	1.0000	0	99.9999	uniform	ok
RGGS01000001.1	RGYX01000001.1	93.3483	93.3483	0.0236	0.0330	0.58550	11	1.0000	0	93.3483	uniform_fallback	INCONSISTENT
RGVP01000001.1	RFPW01000001.1	98.4263	98.4263	0.0003	0.0004	1.11358	1	1.0000	0	98.4263	uniform	ok
RGVP01000001.1	DFYA01000091.1	95.2812	95.2812	0.0009	0.0006	1.52766	1	1.0000	0	95.2812	uniform	ok
DDCS01000106.1	RFXU01000001.1	93.6034	93.6034	0.1311	0.0929	0.32291	27	0.9927	1	93.6034	uniform	ok
RGUL01000001.1	RFTM01000001.1	89.9801	89.9801	0.0019	0.0019	1.80206	1	1.0000	0	89.9801	uniform	INCONSISTENT
WQSQ01000001.1	WQSN01000001.1	99.9999	99.9999	0.0015	0.0010	6.57951	1	1.0000	0	99.9999	uniform	ok
RHAF01000001.1	RGYX01000001.1	91.2311	91.2311	0.0007	0.0007	2.39039	1	1.0000	0	91.2311	uniform_fallback	INCONSISTENT
RGXB01000001.1	RGYU01000001.1	99.9999	99.9999	0.0016	0.0015	7.17957	1	1.0000	0	99.9999	uniform	ok
RGXB01000001.1	RFZJ01000001.1	99.0762	99.0762	0.0020	0.0006	0.45976	3	1.0000	0	99.0762	uniform	ok
DDEX01000037.1	DDFA01000072.1	86.1540	89.8919	0.0111	0.0118	0.76710	1	1.0000	0	86.1540	gamma	ok
DDEX01000037.1	JAAIVJ010000001.1	90.6459	90.6459	0.0028	0.0027	1.21379	2	1.0000	0	90.6459	uniform	INCONSISTENT
DDFA01000072.1	DRFF01000001.1	95.7922	95.7922	0.0004	0.0003	1.78137	1	1.0000	0	95.7922	uniform	ok
VXXM01000053.1	VXNF01000082.1	90.0159	90.8062	0.2422	0.2748	0.19573	51	0.9570	17	90.0159	gamma	ok
VXXM01000053.1	VXMF01000010.1	92.1358	92.1358	0.0012	0.0006	1.62987	1	1.0000	0	92.1358	uniform_fallback	INCONSISTENT
VXXM01000053.1	VYDH01000011.1	96.7718	96.7718	0.0002	0.0002	1.56725	1	1.0000	0	96.7718	uniform	ok
RGPS01000001.1	RFWA01000001.1	97.4264	97.4264	0.0001	0.0003	1.26611	1	1.0000	0	97.4264	uniform	ok
DDFF01000014.1	DGQM01000011.1	88.0194	89.9732	0.6639	0.8220	0.14508	28	0.9793	16	88.0194	gamma	ok
VXWI01000044.1	VXNL01000068.1	93.0516	93.9155	0.7401	0.7114	0.08771	130	0.9819	35	93.0516	gamma	ok
VXWI01000044.1	VXMR01000086.1	95.6651	95.6651	0.0015	0.0016	1.46837	1	1.0000	0	95.6651	uniform	ok
VXWI01000044.1	VYDD01000451.1	92.9481	92.9481	0.0059	0.0051	1.14928	2	1.0000	0	92.9481	uniform	ok
VXWI01000044.1	VYAQ01000123.1	97.0128	97.0128	0.0015	0.0010	0.97314	1	1.0000	0	97.0128	uniform	ok
VXUF01000036.1	VXRJ01000020.1	96.6886	96.6886	0.0009	0.0009	1.43941	1	1.0000	0	96.6886	uniform	ok
VXUF01000036.1	VXQX01000092.1	99.3333	99.3333	0.0006	0.0005	0.66444	1	1.0000	0	99.3333	uniform	ok
VXTU01000059.1	VXLW01000059.1	96.0834	96.0834	0.0015	0.0013	1.43048	1	1.0000	0	96.0834	uniform	ok
CP047917.1	CP047920.1	90.9723	93.1497	0.8124	0.9186	0.18706	4	0.9932	3	90.9723	gamma	ok
CP047917.1	CP047919.1	91.9612	95.4291	0.8725	0.9821	0.14571	5	0.9935	4	91.9612	gamma	ok
CP047920.1	CP047919.1	90.0147	92.6854	0.9360	0.9231	0.19254	2	0.9976	1	90.0147	gamma	ok
VXSV01000105.1	VXPF01000066.1	98.3647	98.3647	0.0023	0.0020	0.94715	1	1.0000	0	98.3647	uniform	ok
VXSV01000105.1	VXLW01000059.1	99.9999	99.9999	0.0022	0.0019	6.37576	1	1.0000	0	99.9999	uniform	ok
VXSG01000095.1	VYCX01000097.1	93.4278	93.8124	0.3181	0.3645	0.08870	239	0.9134	166	93.4278	gamma	ok
VXRS01000299.1	VXPF01000066.1	93.7826	93.7826	0.2104	0.1570	0.17409	66	1.0000	0	93.7826	uniform	ok
VXRS01000299.1	VXLW01000059.1	95.7768	96.0172	0.5881	0.4508	0.08203	199	0.9950	8	95.7768	gamma	ok
JAAFGW010000308.1	DFWY01000161.1	92.8401	92.8401	0.0070	0.0052	0.78800	4	1.0000	0	92.8401	uniform	ok
VXRJ01000020.1	VXMF01000010.1	94.9544	94.9544	0.0018	0.0013	1.12892	1	1.0000	0	94.9544	uniform	ok
DDIN01000004.1	DDNW01000011.1	98.8458	98.8458	0.0005	0.0007	0.66711	1	1.0000	0	98.8458	uniform	ok
VXQX01000092.1	VXMR01000086.1	92.4465	93.4016	0.5947	0.6773	0.09715	118	0.9679	52	92.4465	gamma	ok
VXQX01000092.1	VYDD01000451.1	92.2763	92.2763	0.0023	0.0019	1.32026	2	1.0000	0	92.2763	uniform	INCONSISTENT
VXQX01000092.1	VYAQ01000123.1	95.0904	95.0904	0.0022	0.0022	1.09712	3	0.8824	2	95.0904	uniform	ok
JAAHHT010000001.1	JAAHGH010000001.1	94.9747	94.9747	0.0024	0.0024	0.80171	4	1.0000	0	94.9747	uniform	INCONSISTENT
JAAHHT010000001.1	JAAHGO010000001.1	93.8803	93.8803	0.0022	0.0021	0.81386	4	1.0000	0	93.8803	uniform	INCONSISTENT
JAAHHT010000001.1	JAAHHG010000001.1	94.4676	94.4676	0.0003	0.0002	1.87483	1	1.0000	0	94.4676	uniform_fallback	INCONSISTENT
JAAHGH010000001.1	JAAHGL010000001.1	94.0678	94.0678	0.0002	0.0003	2.17464	1	1.0000	0	94.0678	uniform_fallback	INCONSISTENT
JAAHGH010000001.1	JAAHGO010000001.1	93.7910	95.1021	0.1859	0.1813	0.13357	81	0.9586	31	93.7910	gamma	INCONSISTENT
JAAHGH010000001.1	JAAHHG010000001.1	94.9973	95.5229	0.0483	0.0447	0.21131	43	0.9527	13	94.9973	gamma	INCONSISTENT
DDJQ01000107.1	DRHY01000001.1	96.8928	96.8928	0.0018	0.0027	0.78732	3	1.0000	0	96.8928	uniform	ok
DDKG01000323.1	WNDX01000001.1	90.0213	90.0213	0.0092	0.0101	0.66378	6	1.0000	0	90.0213	uniform	ok
DDKG01000323.1	RFSK01000001.1	90.9387	90.9387	0.0069	0.0060	0.76852	5	1.0000	0	90.9387	uniform	INCONSISTENT
VXPH01000102.1	VXMB01000013.1	89.1673	89.1673	0.0033	0.0030	1.80943	1	1.0000	0	89.1673	uniform_fallback	INCONSISTENT
VXPH01000102.1	VYCX01000097.1	98.5376	98.5376	0.0005	0.0005	0.84420	1	1.0000	0	98.5376	uniform	ok
JAAHHS010000001.1	JAAHGO010000001.1	94.2980	94.2980	0.0011	0.0009	1.65777	1	1.0000	0	94.2980	uniform	ok
JAAHHS010000001.1	JAAHHW010000001.1	96.1465	96.4675	0.1981	0.2098	0.09263	164	0.9871	15	96.1465	gamma	INCONSISTENT
DDKN01000118.1	DDYH01000063.1	94.9640	94.9640	0.0006	0.0005	1.68508	1	1.0000	0	94.9640	uniform	ok
DDKN01000118.1	DEQR01000043.1	88.9805	88.9805	0.0083	0.0067	1.17732	2	1.0000	0	88.9805	uniform	INCONSISTENT
DDKN01000118.1	JAACFL010000135.1	94.4857	94.4857	0.0004	0.0004	1.96896	1	1.0000	0	94.4857	uniform_fallback	INCONSISTENT
VXPF01000066.1	VXLW01000059.1	91.4168	92.1059	0.4776	0.4973	0.12515	95	0.9835	16	91.4168	gamma	ok
VXPF01000066.1	VYDD01000451.1	98.7500	98.7500	0.0014	0.0010	0.62108	2	1.0000	0	98.7500	uniform	ok
JAAHGL010000001.1	JAAHFP010000001.1	96.0756	96.0756	0.0027	0.0023	0.67914	5	1.0000	0	96.0756	uniform	INCONSISTENT
JAAHGL010000001.1	JAAHHW010000001.1	96.1409	96.1409	0.0017	0.0018	1.30642	1	1.0000	0	96.1409	uniform	ok
VXOR01000039.1	VXML01000046.1	93.1966	93.9071	0.7195	0.7586	0.05933	177	0.9820	76	93.1966	gamma	ok
VXOR01000039.1	VYDD01000451.1	99.0431	99.0431	0.0006	0.0009	0.67341	1	1.0000	0	99.0431	uniform	ok
VXOH01000062.1	VXMN01000353.1	97.9310	97.9310	0.0006	0.0005	1.18210	1	1.0000	0	97.9310	uniform	ok
VXOC01000211.1	VXNL01000068.1	97.8022	97.8022	0.0004	0.0005	1.08676	1	1.0000	0	97.8022	uniform	ok
VXOC01000211.1	VYAQ01000123.1	94.9309	94.9309	0.0006	0.0005	1.28946	2	1.0000	0	94.9309	uniform	ok
VXNY01000021.1	VXLL01000029.1	85.7918	88.4079	0.5984	0.5979	0.19967	27	0.9586	17	85.7918	gamma	ok
VXNS01000006.1	RFPK01000001.1	94.4857	94.4857	0.0004	0.0004	1.96896	1	1.0000	0	94.4857	uniform_fallback	INCONSISTENT
DQWH01000161.1	DSCJ01000118.1	93.2895	93.2895	0.3565	0.2929	0.17586	59	0.9919	4	93.2895	uniform	ok
DDNW01000011.1	DFLT01000014.1	94.7387	94.7387	0.0027	0.0027	0.94821	2	1.0000	0	94.7387	uniform	ok
VXMR01000086.1	VYDD01000451.1	96.6938	96.6938	0.0045	0.0032	0.60675	4	0.9600	1	96.6938	uniform	ok
DSBO01000006.1	JAABRP010000137.1	94.0225	94.0225	0.0005	0.0003	2.05993	1	1.0000	0	94.0225	uniform	ok
VXMF01000010.1	VYAQ01000123.1	89.7884	89.7884	0.0014	0.0016	1.76474	1	1.0000	0	89.7884	uniform_fallback	INCONSISTENT
DDRC01000251.1	DDSR01000209.1	99.8442	99.8442	0.0022	0.0012	0.15564	2	1.0000	0	99.8442	uniform	ok
VYFX01000084.1	VYAQ01000123.1	99.9999	99.9999	0.0012	0.0008	8.83883	1	1.0000	0	99.9999	uniform	ok
VYFM01000344.1	VXYS01000007.1	97.3451	97.3451	0.0005	0.0008	1.51230	1	1.0000	0	97.3451	uniform	ok
DDRA01000002.1	DDTA01000201.1	99.9999	99.9999	0.0016	0.0006	6.75737	1	1.0000	0	99.9999	uniform	ok
VYEX01000017.1	VYAQ01000123.1	90.7827	90.7827	0.0020	0.0014	1.82813	1	1.0000	0	90.7827	uniform	ok
VYEX01000017.1	DEAL01000041.1	84.9237	84.9237	0.0107	0.0167	1.57107	1	1.0000	0	84.9237	uniform_fallback	BELOW_DETECTION
DDSH01000030.1	DSRX01000019.1	90.9428	94.2038	0.0101	0.0125	0.58823	5	0.9487	2	90.9428	gamma	INCONSISTENT
VYDH01000011.1	DEAL01000041.1	89.0519	89.0519	0.0021	0.0035	1.82551	1	1.0000	0	89.0519	uniform_fallback	INCONSISTENT
DDTB01000004.1	DEIA01000014.1	99.6826	99.6826	0.0089	0.0065	0.18328	1	1.0000	0	99.6826	uniform	ok
VYDD01000451.1	VYAQ01000123.1	95.1332	95.1332	0.0050	0.0041	0.65549	6	1.0000	0	95.1332	uniform	ok
DSNI01000379.1	DSIY01000206.1	99.9999	99.9999	0.0011	0.0010	6.31194	1	1.0000	0	99.9999	uniform	ok
DSNI01000379.1	DSMZ01000001.1	99.9999	99.9999	0.0028	0.0036	5.44734	1	1.0000	0	99.9999	uniform	ok
DSNI01000379.1	DSJO01000009.1	99.9999	99.9999	0.0011	0.0006	6.31194	1	1.0000	0	99.9999	uniform	ok
ASZN01000001.1	VXZK01000230.1	89.7516	89.7516	0.0208	0.0212	0.57994	8	1.0000	0	89.7516	uniform	INCONSISTENT
DDUE01000078.1	DEHU01000113.1	99.9999	99.9999	0.0039	0.0019	3.55784	2	1.0000	0	99.9999	uniform	ok
VWVY01000001.1	DSSY01000002.1	91.1720	91.1720	0.0010	0.0010	1.98437	1	1.0000	0	91.1720	uniform_fallback	INCONSISTENT
DDVW01000074.1	DEOB01000002.1	87.3997	88.7643	0.3546	0.3228	0.16280	57	0.9628	21	87.3997	gamma	ok
DDVW01000074.1	DEVL01000003.1	87.3434	88.5530	0.2187	0.1966	0.20931	39	0.9581	14	87.3434	gamma	ok
DDVW01000074.1	DGLB01000079.1	88.3960	89.1031	0.1646	0.1255	0.23182	42	0.9457	15	88.3960	gamma	INCONSISTENT
DDWF01000162.1	RGCW01000001.1	95.3333	95.3333	0.0003	0.0014	1.72219	1	1.0000	0	95.3333	uniform_fallback	INCONSISTENT
DDWF01000162.1	JAABQV010000010.1	90.5314	90.5314	0.0048	0.0068	0.96171	4	1.0000	0	90.5314	uniform	ok
DEAL01000041.1	DEZT01000179.1	87.0819	87.0819	0.0281	0.0296	1.10929	2	1.0000	0	87.0819	uniform	BELOW_DETECTION
DRFG01000001.1	DFBD01000145.1	95.9192	95.9192	0.0010	0.0017	1.23279	1	1.0000	0	95.9192	uniform	ok
DRFG01000001.1	DRGY01000001.1	95.4316	95.4316	0.0008	0.0008	1.58039	1	1.0000	0	95.4316	uniform	ok
DDXG01000351.1	DFYP01000113.1	99.9999	99.9999	0.0036	0.0060	3.54218	1	1.0000	0	99.9999	uniform	ok
DDXG01000351.1	DSDB01000614.1	95.4331	95.6749	0.1131	0.1683	0.12386	131	0.9724	20	95.4331	gamma	INCONSISTENT
DSKJ01000032.1	DSLN01000001.1	99.9999	99.9999	0.0025	0.0023	5.77350	1	1.0000	0	99.9999	uniform	ok
DDWT01000012.1	DSAI01000008.1	93.5638	93.5638	0.0005	0.0011	1.83623	1	1.0000	0	93.5638	uniform_fallback	INCONSISTENT
DRKQ01000001.1	DROS01000001.1	92.8893	92.8893	0.0005	0.0004	2.05018	1	1.0000	0	92.8893	uniform	ok
DRKQ01000001.1	DRQN01000001.1	94.4624	94.4624	0.0078	0.0126	0.68676	6	1.0000	0	94.4624	uniform	ok
DRKQ01000001.1	DROT01000001.1	94.1696	94.1696	0.0003	0.0003	1.84108	1	1.0000	0	94.1696	uniform_fallback	INCONSISTENT
DDYH01000063.1	DEQR01000043.1	93.3499	93.3499	0.0015	0.0014	1.56452	1	1.0000	0	93.3499	uniform_fallback	INCONSISTENT
QXZR01000001.1	JAACDD010000064.1	98.1622	98.1622	0.0106	0.0089	0.50632	5	1.0000	0	98.1622	uniform	ok
DRKN01000001.1	DRQN01000001.1	92.1559	92.1559	0.0343	0.0517	0.46503	14	1.0000	0	92.1559	uniform	INCONSISTENT
QXYM01000001.1	RGHP01000001.1	92.2030	92.2030	0.0020	0.0018	1.73298	1	1.0000	0	92.2030	uniform	ok
WUQU01000001.1	DSME01000021.1	89.3512	98.1684	0.0039	0.0052	0.74908	2	0.9231	1	89.3512	gamma	ok
DRHY01000001.1	JAACSL010000070.1	91.5743	91.5743	0.0058	0.0049	1.23557	1	1.0000	0	91.5743	uniform_fallback	INCONSISTENT
DSOG01000024.1	DFLT01000014.1	89.0261	89.0261	0.0052	0.0027	1.74592	1	1.0000	0	89.0261	uniform_fallback	INCONSISTENT
DSKT01000005.1	DSHT01000134.1	91.3697	91.3697	0.1355	0.1304	0.24423	50	0.8497	43	91.3697	uniform	INCONSISTENT
DSKT01000005.1	DSIV01000005.1	86.1756	86.1756	0.6005	0.6075	0.19885	24	0.9548	18	86.1756	uniform	BELOW_DETECTION
DECD01000025.1	DGIA01000010.1	89.2935	91.6976	0.0273	0.0330	0.57497	8	1.0000	0	89.2935	gamma	INCONSISTENT
DSKB01000022.1	DSWB01000427.1	99.9999	99.9999	0.0004	0.0003	8.03219	1	1.0000	0	99.9999	uniform	ok
DEDQ01000081.1	DFHF01000015.1	91.6349	91.6349	0.0083	0.0063	1.35448	1	1.0000	0	91.6349	uniform	INCONSISTENT
DSJR01000059.1	DTGU01000339.1	95.5119	95.5119	0.0745	0.0759	0.22009	41	0.9192	21	95.5119	uniform	INCONSISTENT
DEEW01000202.1	DGUG01000108.1	96.4654	96.7614	0.2744	0.3177	0.11566	100	0.9626	27	96.4654	gamma	ok
DEFD01000001.1	DFGY01000100.1	99.9999	99.9999	0.0005	0.0006	8.30454	1	1.0000	0	99.9999	uniform	ok
QXWO01000112.1	QXXE01000104.1	96.4076	96.4076	0.0013	0.0014	1.43678	1	1.0000	0	96.4076	uniform	INCONSISTENT
QXWO01000112.1	QZDS01000100.1	96.4107	99.0017	0.0095	0.0086	0.25914	7	1.0000	0	96.4107	gamma	INCONSISTENT
QXWO01000112.1	DFGZ01000084.1	97.1318	97.1318	0.0004	0.0007	1.39333	1	1.0000	0	97.1318	uniform	ok
QXWO01000112.1	VIQU02000001.1	96.7208	96.7208	0.0018	0.0024	1.13226	2	1.0000	0	96.7208	uniform	INCONSISTENT
QXWW01000093.1	CP049781.1	98.4204	98.4204	0.0028	0.0074	0.91102	1	1.0000	0	98.4204	uniform	INCONSISTENT
QXXE01000104.1	QZDS01000100.1	99.9999	99.9999	0.0003	0.0003	9.20574	1	1.0000	0	99.9999	uniform	ok
QXXE01000104.1	DFWH01000006.1	99.9999	99.9999	0.0021	0.0033	6.65189	1	1.0000	0	99.9999	uniform	ok
WNDQ01000001.1	JAAFGZ010000050.1	88.6766	88.6766	0.0046	0.0041	1.33060	2	1.0000	0	88.6766	uniform	INCONSISTENT
DSDC01000103.1	DRZQ01000007.1	89.4828	89.4828	0.0252	0.0384	0.99012	3	1.0000	0	89.4828	uniform	INCONSISTENT
DSDC01000103.1	DSKE01000206.1	95.6394	95.6394	0.0007	0.0010	1.69325	1	1.0000	0	95.6394	uniform	ok
WNDX01000001.1	RFSK01000001.1	87.6090	87.6090	0.0192	0.0151	0.66628	5	1.0000	0	87.6090	uniform_fallback	BELOW_DETECTION
WNDX01000001.1	JAAFGV010000044.1	88.2707	88.2707	0.0060	0.0080	1.05978	3	1.0000	0	88.2707	uniform_fallback	INCONSISTENT
QZDS01000100.1	QZDX01000094.1	94.7592	94.7592	0.0011	0.0014	1.87796	1	1.0000	0	94.7592	uniform_fallback	INCONSISTENT
QZDS01000100.1	VIQU02000001.1	99.0741	99.0741	0.0002	0.0002	0.92163	1	1.0000	0	99.0741	uniform	INCONSISTENT
JAACJG010000001.1	SABV01000659.1	97.4635	97.4635	0.0012	0.0015	0.83271	2	0.9091	1	97.4635	uniform	INCONSISTENT
DSHT01000134.1	DSIV01000005.1	90.9768	90.9768	0.0207	0.0215	0.61154	9	1.0000	0	90.9768	uniform	ok
DSGC01000005.1	DSWB01000427.1	99.9999	99.9999	0.0018	0.0012	4.44115	2	0.9333	1	99.9999	uniform	ok
DSGC01000005.1	DSJA01000113.1	99.9999	99.9999	0.0008	0.0009	8.03219	1	1.0000	0	99.9999	uniform	ok
DSGC01000005.1	DSUN01000068.1	99.9999	99.9999	0.0095	0.0042	2.37089	1	1.0000	0	99.9999	uniform	ok
RGCW01000001.1	RFPZ01000001.1	91.9418	91.9418	0.0195	0.0174	0.89705	4	1.0000	0	91.9418	uniform	ok
DEJF01000056.1	DEJG01000014.1	92.8698	92.8698	0.0079	0.0079	0.94423	3	1.0000	0	92.8698	uniform	INCONSISTENT
DEJF01000056.1	DFGF01000135.1	95.2366	95.2366	0.0017	0.0017	1.70048	1	1.0000	0	95.2366	uniform	ok
DEJF01000056.1	DFTH01000014.1	93.4690	93.4690	0.0027	0.0048	1.66067	1	1.0000	0	93.4690	uniform	ok
RGBY01000001.1	RFVE01000001.1	99.9999	99.9999	0.0004	0.0004	8.16496	1	1.0000	0	99.9999	uniform	ok
DEJG01000014.1	DETM01000044.1	87.6834	98.8285	0.0019	0.0026	0.84106	1	1.0000	0	87.6834	gamma	INCONSISTENT
DEJG01000014.1	DEWO01000168.1	96.1884	96.1884	0.0020	0.0035	0.91492	2	1.0000	0	96.1884	uniform	INCONSISTENT
DEJG01000014.1	DFGF01000135.1	94.8799	96.7174	0.0055	0.0048	0.63065	3	1.0000	0	94.8799	gamma	INCONSISTENT
DEJG01000014.1	DFTH01000014.1	92.9512	92.9512	0.0032	0.0049	1.64165	1	1.0000	0	92.9512	uniform_fallback	INCONSISTENT
DEJO01000005.1	DEWO01000168.1	98.7509	98.7509	0.0150	0.0168	0.27217	2	0.9815	1	98.7509	uniform	ok
DEKQ01000008.1	DGSP01000032.1	98.0645	98.0645	0.0007	0.0005	1.10659	1	1.0000	0	98.0645	uniform	ok
DEKW01000021.1	DGTP01000011.1	94.5151	94.5151	0.0021	0.0021	1.52669	1	1.0000	0	94.5151	uniform	INCONSISTENT
DEKW01000021.1	DGTR01000020.1	91.5912	93.8099	0.5132	0.6594	0.13369	47	0.9643	30	91.5912	gamma	ok
DEKW01000021.1	DGVB01000016.1	94.2211	94.2211	0.0122	0.0181	0.80494	4	1.0000	0	94.2211	uniform	INCONSISTENT
DELZ01000002.1	DFLT01000014.1	99.6255	99.6255	0.0020	0.0022	0.26434	1	1.0000	0	99.6255	uniform	INCONSISTENT
RFVE01000001.1	RGTL01000001.1	99.9999	99.9999	0.0007	0.0011	8.16496	1	1.0000	0	99.9999	uniform	ok
JAALLE010000163.1	JAALKD010000068.1	99.9999	99.9999	0.0021	0.0021	4.22200	2	1.0000	0	99.9999	uniform	ok
RFVA01000001.1	RFNG01000130.1	99.8152	99.8152	0.0014	0.0018	0.18467	2	1.0000	0	99.8152	uniform	ok
RFUD01000001.1	RFPF01000001.1	91.6542	91.6542	0.0304	0.0292	0.42209	16	1.0000	0	91.6542	uniform	ok
RFUD01000001.1	RGVT01000001.1	92.6789	92.6789	0.0173	0.0185	0.49476	13	1.0000	0	92.6789	uniform	ok
DUEV01000001.1	DUFD01000001.1	91.1412	91.1412	0.0150	0.0164	1.29999	2	1.0000	0	91.1412	uniform	INCONSISTENT
RFSV01000001.1	RFST01000001.1	99.9999	99.9999	0.0007	0.0007	8.83883	1	1.0000	0	99.9999	uniform	ok
RFSK01000001.1	JAAFGV010000044.1	87.7739	87.7739	0.0030	0.0047	1.55541	1	1.0000	0	87.7739	uniform	BELOW_DETECTION
DEOB01000002.1	DEVL01000003.1	84.4494	86.9044	0.3197	0.3005	0.19885	33	0.9353	24	84.4494	gamma	BELOW_DETECTION
DEOB01000002.1	DGLB01000079.1	86.4412	87.7361	0.2070	0.1769	0.22704	40	0.8938	31	86.4412	gamma	BELOW_DETECTION
DEQR01000043.1	JAACFL010000135.1	95.3125	95.3125	0.0003	0.0004	1.86827	1	1.0000	0	95.3125	uniform_fallback	INCONSISTENT
DETM01000044.1	DFGF01000135.1	89.8540	89.8540	0.0083	0.0059	1.14736	2	1.0000	0	89.8540	uniform_fallback	INCONSISTENT
DETM01000044.1	DFTH01000014.1	94.5858	94.5858	0.0053	0.0070	1.07869	2	1.0000	0	94.5858	uniform	ok
DETM01000044.1	DGHX01000185.1	87.7521	96.8863	0.0014	0.0010	1.06394	1	1.0000	0	87.7521	gamma	INCONSISTENT
RFPK01000001.1	RGNC01000001.1	90.4702	90.4702	0.0257	0.0256	0.62768	7	1.0000	0	90.4702	uniform	ok
RFPK01000001.1	RHBP01000001.1	93.7767	93.7767	0.0103	0.0122	0.72484	6	1.0000	0	93.7767	uniform	ok
RFPK01000001.1	DGYA01000097.1	95.5725	95.5725	0.0009	0.0007	1.46993	1	1.0000	0	95.5725	uniform	ok
RFPF01000001.1	RGVT01000001.1	90.9030	90.9030	0.0359	0.0415	0.41571	16	1.0000	0	90.9030	uniform	INCONSISTENT
DEVL01000003.1	DGLB01000079.1	87.0545	88.6389	0.6648	0.6063	0.10916	70	0.9516	64	87.0545	gamma	ok
DEWI01000036.1	DFFF01000021.1	90.1149	90.1149	0.0030	0.0038	1.84971	1	1.0000	0	90.1149	uniform	ok
DEWI01000036.1	DGVK01000164.1	92.8874	92.8874	0.0069	0.0062	0.99766	3	1.0000	0	92.8874	uniform	ok
DEWO01000168.1	DFGF01000135.1	99.1809	99.1809	0.0008	0.0005	0.58118	1	1.0000	0	99.1809	uniform	INCONSISTENT
DEWO01000168.1	DGHX01000185.1	99.3378	99.3378	0.0120	0.0064	0.22040	7	1.0000	0	99.3378	uniform	ok
DEWO01000168.1	DGSP01000032.1	99.3443	99.3443	0.0019	0.0011	0.46215	1	1.0000	0	99.3443	uniform	ok
DSTL01000016.1	DTKZ01000260.1	92.9465	92.9465	0.4443	0.5010	0.12377	122	0.9214	92	92.9465	uniform	ok
DEWY01000007.1	DGLD01000006.1	94.0678	94.0678	0.0003	0.0003	2.17464	1	1.0000	0	94.0678	uniform_fallback	INCONSISTENT
DEWY01000007.1	DSIT01000125.1	92.2251	92.2251	0.0008	0.0006	2.02891	1	1.0000	0	92.2251	uniform_fallback	INCONSISTENT
DFBH01000046.1	DSBK01000016.1	85.2585	85.2585	0.0355	0.0354	1.56379	1	1.0000	0	85.2585	uniform_fallback	BELOW_DETECTION
RZZF01000163.1	JAABRP010000137.1	96.5073	96.5073	0.0006	0.0003	1.33867	1	1.0000	0	96.5073	uniform	ok
DTQN01000009.1	DSXG01000127.1	91.3468	91.3468	0.0056	0.0067	1.24799	2	1.0000	0	91.3468	uniform	INCONSISTENT
RZYP01000001.1	RZYD01000014.1	96.0000	96.0000	0.0005	0.0005	1.60000	1	1.0000	0	96.0000	uniform_fallback	INCONSISTENT
RZYP01000001.1	DGZP01000060.1	95.1736	95.1736	0.0028	0.0026	1.11254	2	1.0000	0	95.1736	uniform	ok
DFEK01000006.1	DFEM01000142.1	99.2467	99.2467	0.0051	0.0053	0.37523	2	0.9412	1	99.2467	uniform	ok
DFEK01000006.1	DGUG01000108.1	98.4744	98.4744	0.0029	0.0030	0.67888	1	1.0000	0	98.4744	uniform	ok
DFFF01000021.1	DGVK01000164.1	92.0976	92.0976	0.0056	0.0039	1.22493	2	1.0000	0	92.0976	uniform	INCONSISTENT
DFFY01000003.1	DGXN01000015.1	90.2492	90.2492	0.0046	0.0070	2.01315	1	1.0000	0	90.2492	uniform_fallback	INCONSISTENT
DFGZ01000084.1	DGVW01000107.1	99.1379	99.1379	0.0029	0.0049	0.38386	3	1.0000	0	99.1379	uniform	ok
DFGE01000032.1	DGHP01000068.1	99.9999	99.9999	0.0009	0.0008	8.03219	1	1.0000	0	99.9999	uniform	ok
DFHF01000015.1	DGVW01000107.1	99.9999	99.9999	0.0010	0.0014	7.41249	1	1.0000	0	99.9999	uniform	ok
RGHP01000001.1	RGTL01000001.1	99.9999	99.9999	0.0005	0.0005	9.01669	1	1.0000	0	99.9999	uniform	ok
DTGY01000361.1	DSWB01000427.1	99.4505	99.4505	0.0006	0.0003	0.54794	1	1.0000	0	99.4505	uniform	ok
DTPS01000573.1	DSQY01000006.1	91.8510	91.8510	0.0050	0.0047	1.36880	2	1.0000	0	91.8510	uniform	ok
DFLI01000044.1	DGXN01000015.1	90.0118	90.0118	0.0050	0.0061	1.81094	1	1.0000	0	90.0118	uniform	ok
RGNC01000001.1	RHBP01000001.1	91.6619	91.6619	0.0439	0.0494	0.44759	13	1.0000	0	91.6619	uniform	ok
DTDI01000146.1	DRXB01000031.1	99.9999	99.9999	0.0012	0.0010	9.40720	1	1.0000	0	99.9999	uniform	ok
DFPL01000238.1	DGLB01000079.1	95.8087	95.8087	0.0004	0.0004	1.71454	1	1.0000	0	95.8087	uniform	ok
JAAFGZ010000050.1	DFWY01000161.1	88.7986	88.7986	0.0304	0.0327	0.50696	9	0.9821	1	88.7986	uniform	INCONSISTENT
JAAFGZ010000050.1	JAABQC010000100.1	88.1517	88.1517	0.0030	0.0047	1.62651	1	1.0000	0	88.1517	uniform	BELOW_DETECTION
DTFV01000057.1	DTIY01000045.1	92.4692	92.9733	0.6369	0.5266	0.14295	82	0.9923	6	92.4692	gamma	ok
JAAHGO010000001.1	JAAHHG010000001.1	94.9694	94.9694	0.0521	0.0513	0.21773	42	0.9504	14	94.9694	uniform	INCONSISTENT
DFTB01000016.1	DGUZ01000025.1	80.7333	90.4114	0.0363	0.0209	0.58439	7	0.9535	2	90.4114	uniform_fallback	INCONSISTENT
DFYK01000078.1	DGZP01000060.1	88.4617	89.7767	0.1019	0.0779	0.40072	14	0.9894	1	88.4617	gamma	ok
DSAR01000164.1	DSUX01000269.1	96.6102	96.6102	0.0003	0.0003	1.66594	1	1.0000	0	96.6102	uniform_fallback	INCONSISTENT
DSXL01000183.1	DSUN01000068.1	99.9999	99.9999	0.0002	0.0004	8.83883	2	0.8571	1	99.9999	uniform	ok
DSMZ01000001.1	DRXX01000229.1	99.6800	99.6800	0.0050	0.0055	0.22591	2	1.0000	0	99.6800	uniform	ok
DSLN01000001.1	DSHX01000007.1	99.9999	99.9999	0.0027	0.0047	3.73717	1	1.0000	0	99.9999	uniform	ok
DGLD01000006.1	DSIT01000125.1	92.6053	92.6053	0.0092	0.0065	0.82452	4	1.0000	0	92.6053	uniform	INCONSISTENT
DSCM01000096.1	DSBM01000141.1	96.7480	96.7480	0.0002	0.0002	1.59936	1	1.0000	0	96.7480	uniform_fallback	INCONSISTENT
DRQW01000001.1	DUEQ01000001.1	91.0514	91.0514	0.0029	0.0024	1.87344	1	1.0000	0	91.0514	uniform_fallback	INCONSISTENT
DRZQ01000007.1	DSKE01000206.1	99.8028	99.8220	0.1576	0.1709	0.03793	62	0.9559	16	99.8028	gamma	ok
DRNU01000001.1	DROT01000001.1	89.9334	89.9334	0.0113	0.0119	1.02696	3	1.0000	0	89.9334	uniform	ok
DRYN01000067.1	DSDN01000026.1	90.7244	90.7244	0.1855	0.1292	0.40158	18	1.0000	0	90.7244	uniform	ok
DGSY01000060.1	DGVV01000121.1	91.8271	91.8271	0.0051	0.0047	0.81826	4	1.0000	0	91.8271	uniform	INCONSISTENT
DGTP01000011.1	DGTR01000020.1	93.6351	93.6351	0.0114	0.0137	0.80516	3	1.0000	0	93.6351	uniform	INCONSISTENT
DGTR01000020.1	DGVB01000016.1	94.8812	94.8812	0.0045	0.0051	1.16189	2	1.0000	0	94.8812	uniform	INCONSISTENT
DSGM01000030.1	DSUN01000068.1	99.6403	99.6403	0.0007	0.0002	0.35906	1	1.0000	0	99.6403	uniform	ok
JAABTZ010000001.1	JAABSS010000125.1	97.8489	97.8489	0.0023	0.0028	0.70980	3	1.0000	0	97.8489	uniform	ok
JAABTU010000112.1	JAABTO010000024.1	94.7691	94.7691	0.0006	0.0008	1.73886	1	1.0000	0	94.7691	uniform	ok
JAABTU010000112.1	JAABSS010000125.1	93.4935	93.4935	0.0241	0.0321	0.51664	11	1.0000	0	93.4935	uniform	ok
JAABTU010000112.1	JAABSH010000100.1	99.1525	99.1525	0.0006	0.0006	0.84386	1	1.0000	0	99.1525	uniform	ok
JAABTU010000112.1	JAABSB010000001.1	95.2118	95.5305	0.1905	0.2217	0.15853	66	0.9957	2	95.2118	gamma	ok
JAABTO010000024.1	JAABSS010000125.1	99.1053	99.2528	0.0259	0.0311	0.15222	16	1.0000	0	99.1053	gamma	ok
JAABTO010000024.1	JAABSL010000001.1	99.5381	99.5381	0.0016	0.0016	0.32585	3	1.0000	0	99.5381	uniform	ok
JAABTO010000024.1	JAABSH010000100.1	99.9999	99.9999	0.0020	0.0017	5.20579	2	1.0000	0	99.9999	uniform	ok
JAABTK010000100.1	JAABTG010000001.1	99.8527	99.8527	0.0016	0.0018	0.14717	2	1.0000	0	99.8527	uniform	ok
JAABTD010000056.1	JAABSP010000145.1	99.2032	99.2032	0.0005	0.0005	0.56118	1	1.0000	0	99.2032	uniform	ok
DHBZ01000008.1	DHDO01000093.1	92.5121	94.3252	0.5148	0.5015	0.13707	78	0.9634	28	92.5121	gamma	ok
JAABSS010000125.1	JAABSL010000001.1	99.7333	99.7333	0.0054	0.0041	0.18831	5	1.0000	0	99.7333	uniform	ok
JAABSS010000125.1	JAABSH010000100.1	99.7636	99.7636	0.0042	0.0028	0.23613	3	1.0000	0	99.7636	uniform	ok
JAABSS010000125.1	JAABSB010000001.1	94.8764	94.8764	0.0212	0.0187	0.53084	10	1.0000	0	94.8764	uniform	ok
JAABSL010000001.1	JAABSH010000100.1	75.6950	89.2412	0.0221	0.0192	0.98549	3	1.0000	0	89.2412	uniform_fallback	INCONSISTENT
JAABSH010000100.1	JAABSB010000001.1	92.2600	92.2600	0.0015	0.0020	1.92131	1	1.0000	0	92.2600	uniform_fallback	INCONSISTENT
JAABSH010000100.1	JAABRU010000002.1	93.0768	93.0768	0.0050	0.0029	1.21779	1	1.0000	0	93.0768	uniform	ok
NVQL02000001.1	NVUH01000002.1	92.6964	93.1042	0.5254	0.6655	0.10793	81	0.9825	23	92.6964	gamma	ok
NVSD01000084.1	NVSY01000022.1	90.6769	90.6769	0.0130	0.0114	1.28275	2	1.0000	0	90.6769	uniform	ok
NVTV01000007.1	NVUR01000006.1	89.1776	90.2264	0.2506	0.3683	0.23705	29	0.9167	25	89.1776	gamma	ok
